#
# There is insufficient memory for the Java Runtime Environment to continue.
# Native memory allocation (mmap) failed to map 159383552 bytes. Error detail: G1 virtual space
# Possible reasons:
#   The system is out of physical RAM or swap space
#   This process is running with CompressedOops enabled, and the Java Heap may be blocking the growth of the native heap
# Possible solutions:
#   Reduce memory load on the system
#   Increase physical memory or swap space
#   Check if swap backing store is full
#   Decrease Java heap size (-Xmx/-Xms)
#   Decrease number of Java threads
#   Decrease Java thread stack sizes (-Xss)
#   Set larger code cache with -XX:ReservedCodeCacheSize=
#   JVM is running with Zero Based Compressed Oops mode in which the Java heap is
#     placed in the first 32GB address space. The Java Heap base address is the
#     maximum limit for the native heap growth. Please use -XX:HeapBaseMinAddress
#     to set the Java Heap base and to place the Java Heap above 32GB virtual address.
# This output file may be truncated or incomplete.
#
#  Out of Memory Error (os_windows.cpp:3925), pid=20128, tid=2376
#
# JRE version: OpenJDK Runtime Environment (21.0.9) (build 21.0.9+-14649483-b1163.86)
# Java VM: OpenJDK 64-Bit Server VM (21.0.9+-14649483-b1163.86, mixed mode, tiered, compressed oops, compressed class ptrs, g1 gc, windows-amd64)
# No core dump will be written. Minidumps are not enabled by default on client versions of Windows
#

---------------  S U M M A R Y ------------

Command Line: --add-opens=java.base/java.io=ALL-UNNAMED --add-opens=java.base/java.text=ALL-UNNAMED --add-opens=java.base/java.util=ALL-UNNAMED --add-opens=java.base/java.lang=ALL-UNNAMED --add-opens=java.base/java.util=ALL-UNNAMED --add-opens=java.base/java.lang=ALL-UNNAMED --add-opens=java.base/java.lang.invoke=ALL-UNNAMED --add-opens=java.prefs/java.util.prefs=ALL-UNNAMED --add-exports=jdk.compiler/com.sun.tools.javac.api=ALL-UNNAMED --add-exports=jdk.compiler/com.sun.tools.javac.util=ALL-UNNAMED --add-opens=java.base/java.nio.charset=ALL-UNNAMED --add-opens=java.base/java.net=ALL-UNNAMED --add-opens=java.base/java.util.concurrent.atomic=ALL-UNNAMED -Xmx4096m -Dfile.encoding=UTF-8 -Duser.country=IE -Duser.language=en -Duser.variant -javaagent:C:\Users\Lakhansing\.gradle\wrapper\dists\gradle-8.9-bin\90cnw93cvbtalezasaz0blq0a\gradle-8.9\lib\agents\gradle-instrumentation-agent-8.9.jar org.gradle.launcher.daemon.bootstrap.GradleDaemon 8.9

Host: AMD Ryzen 5 7235HS                             , 8 cores, 23G,  Windows 11 , 64 bit Build 26100 (10.0.26100.8521)
Time: Sun Jun 21 18:26:06 2026 India Standard Time elapsed time: 183.448239 seconds (0d 0h 3m 3s)

---------------  T H R E A D  ---------------

Current thread (0x0000019bd7023210):  VMThread "VM Thread"          [id=2376, stack(0x0000001c06500000,0x0000001c06600000) (1024K)]

Stack: [0x0000001c06500000,0x0000001c06600000]
Native frames: (J=compiled Java code, j=interpreted, Vv=VM code, C=native code)
V  [jvm.dll+0x6d6c99]
V  [jvm.dll+0x866b83]
V  [jvm.dll+0x86919e]
V  [jvm.dll+0x869883]
V  [jvm.dll+0x280776]
V  [jvm.dll+0x6d3555]
V  [jvm.dll+0x6c6bea]
V  [jvm.dll+0x3587fb]
V  [jvm.dll+0x360476]
V  [jvm.dll+0x3b2646]
V  [jvm.dll+0x3b2918]
V  [jvm.dll+0x32af0c]
V  [jvm.dll+0x32d916]
V  [jvm.dll+0x3377ed]
V  [jvm.dll+0x36ef55]
V  [jvm.dll+0x86f608]
V  [jvm.dll+0x870984]
V  [jvm.dll+0x870ec0]
V  [jvm.dll+0x871153]
V  [jvm.dll+0x80f118]
V  [jvm.dll+0x6d54ed]
C  [ucrtbase.dll+0x2cd30]
C  [KERNEL32.DLL+0x2e957]
C  [ntdll.dll+0x87c1c]

VM_Operation (0x0000001c060ff9d0): G1PauseRemark, mode: safepoint, requested by thread 0x0000019bb8e29300


---------------  P R O C E S S  ---------------

Threads class SMR info:
_java_thread_list=0x0000019be56fcae0, length=152, elements={
0x0000019bb6a5bb90, 0x0000019bd70bf300, 0x0000019bd70d42b0, 0x0000019bd70d4d10,
0x0000019bd70ddb10, 0x0000019bd70f1a20, 0x0000019bd70f2480, 0x0000019bd70ef730,
0x0000019bd70f73f0, 0x0000019bd7109ac0, 0x0000019bd73fb5b0, 0x0000019bd82ad740,
0x0000019bd94232e0, 0x0000019bd9ad6ae0, 0x0000019bd9956e80, 0x0000019bd9af2270,
0x0000019bd9987e60, 0x0000019bd9989210, 0x0000019bd99884f0, 0x0000019bd99898a0,
0x0000019bd9989f30, 0x0000019bd9988b80, 0x0000019bd998a5c0, 0x0000019bd998ac50,
0x0000019bdbd1ee50, 0x0000019bdbd1f4e0, 0x0000019bdbd1c6f0, 0x0000019bdbd1c060,
0x0000019bdbd1d410, 0x0000019bdbd1daa0, 0x0000019bdbd1cd80, 0x0000019bdbd1e130,
0x0000019bdd794d40, 0x0000019bdd7925e0, 0x0000019bdd7918c0, 0x0000019bdd792c70,
0x0000019bdd7960f0, 0x0000019bdd7953d0, 0x0000019bdd7974a0, 0x0000019bdd797b30,
0x0000019bdd7981c0, 0x0000019bdd796e10, 0x0000019bdd798850, 0x0000019bdd796780,
0x0000019bdd795a60, 0x0000019bdd798ee0, 0x0000019bd83cdce0, 0x0000019bd83ce370,
0x0000019bd83cea00, 0x0000019bd83cfdb0, 0x0000019bd83cf090, 0x0000019bd83cf720,
0x0000019bd83ccfc0, 0x0000019bddd79b90, 0x0000019bddd78150, 0x0000019bddd77430,
0x0000019bddd7b5d0, 0x0000019bddd7c2f0, 0x0000019bddd7bc60, 0x0000019bddd79500,
0x0000019be35e8dc0, 0x0000019be35e5940, 0x0000019be35e9450, 0x0000019be35e9ae0,
0x0000019be35ea170, 0x0000019be35ea800, 0x0000019be35eae90, 0x0000019be35eb520,
0x0000019bde7a3b40, 0x0000019bde7a06c0, 0x0000019bde7a2e20, 0x0000019bde7a2100,
0x0000019bde7a41d0, 0x0000019be35ebbb0, 0x0000019be35e8730, 0x0000019bde0f93c0,
0x0000019bde0fa770, 0x0000019bde0fbb20, 0x0000019bde0fa0e0, 0x0000019bde0fb490,
0x0000019bde0fae00, 0x0000019bde0fced0, 0x0000019bde0fc1b0, 0x0000019bde0fc840,
0x0000019bde0fefa0, 0x0000019bde0fe280, 0x0000019bde100350, 0x0000019bde0fdbf0,
0x0000019bde0fe910, 0x0000019bde0ff630, 0x0000019bde1009e0, 0x0000019be35e4c20,
0x0000019bde7a34b0, 0x0000019bdaa66e70, 0x0000019bdaa65430, 0x0000019bdaa64da0,
0x0000019bdaa65ac0, 0x0000019bdaa667e0, 0x0000019bdaa66150, 0x0000019bdaa67500,
0x0000019bdaa67b90, 0x0000019bdaa64710, 0x0000019bdaa6a980, 0x0000019bdaa6b6a0,
0x0000019bdaa688b0, 0x0000019bdaa68f40, 0x0000019bdaa68220, 0x0000019bdaa695d0,
0x0000019bdaa69c60, 0x0000019bdaa6a2f0, 0x0000019bdaa6bd30, 0x0000019bdaa6b010,
0x0000019bdac0d690, 0x0000019bdac0dd20, 0x0000019bdac0f0d0, 0x0000019bdac0e3b0,
0x0000019bdac0c970, 0x0000019bdac0c2e0, 0x0000019bdac0fdf0, 0x0000019bdac11ec0,
0x0000019bdac10480, 0x0000019bdac0f760, 0x0000019bdac10b10, 0x0000019bdb40a9a0,
0x0000019bdb40a310, 0x0000019bdb40b030, 0x0000019bdb40b6c0, 0x0000019bdb404730,
0x0000019bdb404dc0, 0x0000019bdb405450, 0x0000019bdb408f60, 0x0000019bdb4095f0,
0x0000019bdac11830, 0x0000019be35e80a0, 0x0000019bd879efd0, 0x0000019bd87a0a10,
0x0000019bd879e940, 0x0000019bd879e2b0, 0x0000019bd87a1dc0, 0x0000019bd87a2450,
0x0000019bd87a1730, 0x0000019bdd1b6f20, 0x0000019bdd1b2d80, 0x0000019bdd1b4e50,
0x0000019bdd1b47c0, 0x0000019bdd1b5b70, 0x0000019bdd1b6200, 0x0000019bdac0bc50,
0x0000019be51fa280, 0x0000019be51f8ed0, 0x0000019be51fa910, 0x0000019be51f7490
}

Java Threads: ( => current thread )
  0x0000019bb6a5bb90 JavaThread "main"                              [_thread_blocked, id=3152, stack(0x0000001c05e00000,0x0000001c05f00000) (1024K)]
  0x0000019bd70bf300 JavaThread "Common-Cleaner"             daemon [_thread_blocked, id=7400, stack(0x0000001c06600000,0x0000001c06700000) (1024K)]
  0x0000019bd70d42b0 JavaThread "Reference Handler"          daemon [_thread_blocked, id=6516, stack(0x0000001c06700000,0x0000001c06800000) (1024K)]
  0x0000019bd70d4d10 JavaThread "Finalizer"                  daemon [_thread_blocked, id=25664, stack(0x0000001c06800000,0x0000001c06900000) (1024K)]
  0x0000019bd70ddb10 JavaThread "Signal Dispatcher"          daemon [_thread_blocked, id=5240, stack(0x0000001c06900000,0x0000001c06a00000) (1024K)]
  0x0000019bd70f1a20 JavaThread "Attach Listener"            daemon [_thread_blocked, id=17564, stack(0x0000001c06a00000,0x0000001c06b00000) (1024K)]
  0x0000019bd70f2480 JavaThread "Service Thread"             daemon [_thread_blocked, id=16204, stack(0x0000001c06b00000,0x0000001c06c00000) (1024K)]
  0x0000019bd70ef730 JavaThread "Monitor Deflation Thread"   daemon [_thread_blocked, id=25820, stack(0x0000001c06c00000,0x0000001c06d00000) (1024K)]
  0x0000019bd70f73f0 JavaThread "C2 CompilerThread0"         daemon [_thread_blocked, id=14580, stack(0x0000001c06d00000,0x0000001c06e00000) (1024K)]
  0x0000019bd7109ac0 JavaThread "C1 CompilerThread0"         daemon [_thread_blocked, id=20936, stack(0x0000001c06e00000,0x0000001c06f00000) (1024K)]
  0x0000019bd73fb5b0 JavaThread "Notification Thread"        daemon [_thread_blocked, id=23800, stack(0x0000001c06f00000,0x0000001c07000000) (1024K)]
  0x0000019bd82ad740 JavaThread "Daemon health stats"               [_thread_blocked, id=23908, stack(0x0000001c07800000,0x0000001c07900000) (1024K)]
  0x0000019bd94232e0 JavaThread "Incoming local TCP Connector on port 55806"        [_thread_in_native, id=4472, stack(0x0000001c07900000,0x0000001c07a00000) (1024K)]
  0x0000019bd9ad6ae0 JavaThread "Daemon periodic checks"            [_thread_blocked, id=17392, stack(0x0000001c07a00000,0x0000001c07b00000) (1024K)]
  0x0000019bd9956e80 JavaThread "Daemon"                            [_thread_blocked, id=24472, stack(0x0000001c07b00000,0x0000001c07c00000) (1024K)]
  0x0000019bd9af2270 JavaThread "Handler for socket connection from /127.0.0.1:55806 to /127.0.0.1:55807"        [_thread_in_native, id=19568, stack(0x0000001c07c00000,0x0000001c07d00000) (1024K)]
  0x0000019bd9987e60 JavaThread "Cancel handler"                    [_thread_blocked, id=12268, stack(0x0000001c07d00000,0x0000001c07e00000) (1024K)]
  0x0000019bd9989210 JavaThread "Daemon worker"                     [_thread_blocked, id=21292, stack(0x0000001c07e00000,0x0000001c07f00000) (1024K)]
  0x0000019bd99884f0 JavaThread "Asynchronous log dispatcher for DefaultDaemonConnection: socket connection from /127.0.0.1:55806 to /127.0.0.1:55807"        [_thread_blocked, id=10164, stack(0x0000001c07f00000,0x0000001c08000000) (1024K)]
  0x0000019bd99898a0 JavaThread "Stdin handler"                     [_thread_blocked, id=9452, stack(0x0000001c08000000,0x0000001c08100000) (1024K)]
  0x0000019bd9989f30 JavaThread "Daemon client event forwarder"        [_thread_blocked, id=22216, stack(0x0000001c08100000,0x0000001c08200000) (1024K)]
  0x0000019bd9988b80 JavaThread "Cache worker for journal cache (C:\Users\Lakhansing\.gradle\caches\journal-1)"        [_thread_blocked, id=23932, stack(0x0000001c08300000,0x0000001c08400000) (1024K)]
  0x0000019bd998a5c0 JavaThread "File lock request listener"        [_thread_in_native, id=24068, stack(0x0000001c08400000,0x0000001c08500000) (1024K)]
  0x0000019bd998ac50 JavaThread "Cache worker for file hash cache (C:\Users\Lakhansing\.gradle\caches\8.9\fileHashes)"        [_thread_blocked, id=19252, stack(0x0000001c08500000,0x0000001c08600000) (1024K)]
  0x0000019bdbd1ee50 JavaThread "Cache worker for file hash cache (D:\Antigravity Projects\tests\LockletPro\.gradle\8.9\fileHashes)"        [_thread_blocked, id=14512, stack(0x0000001c08700000,0x0000001c08800000) (1024K)]
  0x0000019bdbd1f4e0 JavaThread "Cache worker for Build Output Cleanup Cache (D:\Antigravity Projects\tests\LockletPro\.gradle\buildOutputCleanup)"        [_thread_blocked, id=20188, stack(0x0000001c08800000,0x0000001c08900000) (1024K)]
  0x0000019bdbd1c6f0 JavaThread "File watcher server"        daemon [_thread_blocked, id=26568, stack(0x0000001c08900000,0x0000001c08a00000) (1024K)]
  0x0000019bdbd1c060 JavaThread "File watcher consumer"      daemon [_thread_blocked, id=2060, stack(0x0000001c08a00000,0x0000001c08b00000) (1024K)]
  0x0000019bdbd1d410 JavaThread "Cache worker for checksums cache (D:\Antigravity Projects\tests\LockletPro\.gradle\8.9\checksums)"        [_thread_blocked, id=12280, stack(0x0000001c08600000,0x0000001c08700000) (1024K)]
  0x0000019bdbd1daa0 JavaThread "Cache worker for file content cache (C:\Users\Lakhansing\.gradle\caches\8.9\fileContent)"        [_thread_blocked, id=26024, stack(0x0000001c08b00000,0x0000001c08c00000) (1024K)]
  0x0000019bdbd1cd80 JavaThread "Cache worker for cache directory md-rule (C:\Users\Lakhansing\.gradle\caches\8.9\md-rule)"        [_thread_blocked, id=11360, stack(0x0000001c08c00000,0x0000001c08d00000) (1024K)]
  0x0000019bdbd1e130 JavaThread "Cache worker for cache directory md-supplier (C:\Users\Lakhansing\.gradle\caches\8.9\md-supplier)"        [_thread_blocked, id=5400, stack(0x0000001c08d00000,0x0000001c08e00000) (1024K)]
  0x0000019bdd794d40 JavaThread "Unconstrained build operations"        [_thread_blocked, id=23876, stack(0x0000001c07000000,0x0000001c07100000) (1024K)]
  0x0000019bdd7925e0 JavaThread "Unconstrained build operations Thread 2"        [_thread_blocked, id=24232, stack(0x0000001c08e00000,0x0000001c08f00000) (1024K)]
  0x0000019bdd7918c0 JavaThread "Unconstrained build operations Thread 3"        [_thread_blocked, id=16548, stack(0x0000001c08f00000,0x0000001c09000000) (1024K)]
  0x0000019bdd792c70 JavaThread "Unconstrained build operations Thread 4"        [_thread_blocked, id=10792, stack(0x0000001c09000000,0x0000001c09100000) (1024K)]
  0x0000019bdd7960f0 JavaThread "Unconstrained build operations Thread 5"        [_thread_blocked, id=6556, stack(0x0000001c09100000,0x0000001c09200000) (1024K)]
  0x0000019bdd7953d0 JavaThread "Unconstrained build operations Thread 6"        [_thread_blocked, id=25412, stack(0x0000001c09200000,0x0000001c09300000) (1024K)]
  0x0000019bdd7974a0 JavaThread "Unconstrained build operations Thread 7"        [_thread_blocked, id=13336, stack(0x0000001c09300000,0x0000001c09400000) (1024K)]
  0x0000019bdd797b30 JavaThread "Unconstrained build operations Thread 8"        [_thread_blocked, id=22076, stack(0x0000001c09400000,0x0000001c09500000) (1024K)]
  0x0000019bdd7981c0 JavaThread "Unconstrained build operations Thread 9"        [_thread_blocked, id=21536, stack(0x0000001c09500000,0x0000001c09600000) (1024K)]
  0x0000019bdd796e10 JavaThread "Unconstrained build operations Thread 10"        [_thread_blocked, id=376, stack(0x0000001c09600000,0x0000001c09700000) (1024K)]
  0x0000019bdd798850 JavaThread "Unconstrained build operations Thread 11"        [_thread_blocked, id=15380, stack(0x0000001c09700000,0x0000001c09800000) (1024K)]
  0x0000019bdd796780 JavaThread "Unconstrained build operations Thread 12"        [_thread_blocked, id=3924, stack(0x0000001c09800000,0x0000001c09900000) (1024K)]
  0x0000019bdd795a60 JavaThread "Unconstrained build operations Thread 13"        [_thread_blocked, id=9316, stack(0x0000001c09900000,0x0000001c09a00000) (1024K)]
  0x0000019bdd798ee0 JavaThread "Unconstrained build operations Thread 14"        [_thread_blocked, id=14256, stack(0x0000001c09a00000,0x0000001c09b00000) (1024K)]
  0x0000019bd83cdce0 JavaThread "Unconstrained build operations Thread 15"        [_thread_blocked, id=23372, stack(0x0000001c09c00000,0x0000001c09d00000) (1024K)]
  0x0000019bd83ce370 JavaThread "Unconstrained build operations Thread 16"        [_thread_blocked, id=21304, stack(0x0000001c09d00000,0x0000001c09e00000) (1024K)]
  0x0000019bd83cea00 JavaThread "Unconstrained build operations Thread 17"        [_thread_blocked, id=8964, stack(0x0000001c09e00000,0x0000001c09f00000) (1024K)]
  0x0000019bd83cfdb0 JavaThread "Unconstrained build operations Thread 18"        [_thread_blocked, id=9396, stack(0x0000001c09f00000,0x0000001c0a000000) (1024K)]
  0x0000019bd83cf090 JavaThread "Unconstrained build operations Thread 19"        [_thread_blocked, id=18968, stack(0x0000001c0a000000,0x0000001c0a100000) (1024K)]
  0x0000019bd83cf720 JavaThread "Unconstrained build operations Thread 20"        [_thread_blocked, id=25956, stack(0x0000001c0a100000,0x0000001c0a200000) (1024K)]
  0x0000019bd83ccfc0 JavaThread "Unconstrained build operations Thread 21"        [_thread_blocked, id=3024, stack(0x0000001c0a200000,0x0000001c0a300000) (1024K)]
  0x0000019bddd79b90 JavaThread "Memory manager"                    [_thread_blocked, id=21708, stack(0x0000001c09b00000,0x0000001c09c00000) (1024K)]
  0x0000019bddd78150 JavaThread "build event listener"              [_thread_blocked, id=19428, stack(0x0000001c0a500000,0x0000001c0a600000) (1024K)]
  0x0000019bddd77430 JavaThread "jar transforms"                    [_thread_blocked, id=21752, stack(0x0000001c0a600000,0x0000001c0a700000) (1024K)]
  0x0000019bddd7b5d0 JavaThread "jar transforms Thread 2"           [_thread_blocked, id=9548, stack(0x0000001c0a700000,0x0000001c0a800000) (1024K)]
  0x0000019bddd7c2f0 JavaThread "pool-3-thread-1"                   [_thread_blocked, id=23532, stack(0x0000001c0a800000,0x0000001c0a900000) (1024K)]
  0x0000019bddd7bc60 JavaThread "build event listener"              [_thread_blocked, id=24372, stack(0x0000001c0a900000,0x0000001c0aa00000) (1024K)]
  0x0000019bddd79500 JavaThread "included builds"                   [_thread_blocked, id=9392, stack(0x0000001c0aa00000,0x0000001c0ab00000) (1024K)]
  0x0000019be35e8dc0 JavaThread "Execution worker"                  [_thread_blocked, id=20212, stack(0x0000001c0a300000,0x0000001c0a400000) (1024K)]
  0x0000019be35e5940 JavaThread "Execution worker Thread 2"         [_thread_blocked, id=13848, stack(0x0000001c0a400000,0x0000001c0a500000) (1024K)]
  0x0000019be35e9450 JavaThread "Execution worker Thread 3"         [_thread_blocked, id=10780, stack(0x0000001c0ab00000,0x0000001c0ac00000) (1024K)]
  0x0000019be35e9ae0 JavaThread "Execution worker Thread 4"         [_thread_blocked, id=18724, stack(0x0000001c0ac00000,0x0000001c0ad00000) (1024K)]
  0x0000019be35ea170 JavaThread "Execution worker Thread 5"         [_thread_blocked, id=1152, stack(0x0000001c0ad00000,0x0000001c0ae00000) (1024K)]
  0x0000019be35ea800 JavaThread "Execution worker Thread 6"         [_thread_blocked, id=11724, stack(0x0000001c0ae00000,0x0000001c0af00000) (1024K)]
  0x0000019be35eae90 JavaThread "Execution worker Thread 7"         [_thread_blocked, id=21608, stack(0x0000001c0af00000,0x0000001c0b000000) (1024K)]
  0x0000019be35eb520 JavaThread "Cache worker for execution history cache (D:\Antigravity Projects\tests\LockletPro\.gradle\8.9\executionHistory)"        [_thread_blocked, id=20004, stack(0x0000001c0b000000,0x0000001c0b100000) (1024K)]
  0x0000019bde7a3b40 JavaThread "Unconstrained build operations Thread 22"        [_thread_blocked, id=23500, stack(0x0000001c0b200000,0x0000001c0b300000) (1024K)]
  0x0000019bde7a06c0 JavaThread "Unconstrained build operations Thread 23"        [_thread_blocked, id=25812, stack(0x0000001c0b300000,0x0000001c0b400000) (1024K)]
  0x0000019bde7a2e20 JavaThread "Unconstrained build operations Thread 24"        [_thread_blocked, id=11816, stack(0x0000001c0b400000,0x0000001c0b500000) (1024K)]
  0x0000019bde7a2100 JavaThread "Unconstrained build operations Thread 25"        [_thread_blocked, id=1876, stack(0x0000001c0b500000,0x0000001c0b600000) (1024K)]
  0x0000019bde7a41d0 JavaThread "Unconstrained build operations Thread 26"        [_thread_blocked, id=11404, stack(0x0000001c0b600000,0x0000001c0b700000) (1024K)]
  0x0000019be35ebbb0 JavaThread "Unconstrained build operations Thread 27"        [_thread_blocked, id=16904, stack(0x0000001c0b700000,0x0000001c0b800000) (1024K)]
  0x0000019be35e8730 JavaThread "Unconstrained build operations Thread 28"        [_thread_blocked, id=21944, stack(0x0000001c0b800000,0x0000001c0b900000) (1024K)]
  0x0000019bde0f93c0 JavaThread "Unconstrained build operations Thread 29"        [_thread_blocked, id=1664, stack(0x0000001c0b900000,0x0000001c0ba00000) (1024K)]
  0x0000019bde0fa770 JavaThread "Unconstrained build operations Thread 30"        [_thread_blocked, id=22328, stack(0x0000001c0ba00000,0x0000001c0bb00000) (1024K)]
  0x0000019bde0fbb20 JavaThread "Unconstrained build operations Thread 31"        [_thread_blocked, id=7936, stack(0x0000001c0bb00000,0x0000001c0bc00000) (1024K)]
  0x0000019bde0fa0e0 JavaThread "Unconstrained build operations Thread 32"        [_thread_blocked, id=17448, stack(0x0000001c0bc00000,0x0000001c0bd00000) (1024K)]
  0x0000019bde0fb490 JavaThread "Unconstrained build operations Thread 33"        [_thread_blocked, id=23064, stack(0x0000001c0bd00000,0x0000001c0be00000) (1024K)]
  0x0000019bde0fae00 JavaThread "Unconstrained build operations Thread 34"        [_thread_blocked, id=25736, stack(0x0000001c0be00000,0x0000001c0bf00000) (1024K)]
  0x0000019bde0fced0 JavaThread "Unconstrained build operations Thread 35"        [_thread_blocked, id=22848, stack(0x0000001c0bf00000,0x0000001c0c000000) (1024K)]
  0x0000019bde0fc1b0 JavaThread "Unconstrained build operations Thread 36"        [_thread_blocked, id=18784, stack(0x0000001c0c000000,0x0000001c0c100000) (1024K)]
  0x0000019bde0fc840 JavaThread "Unconstrained build operations Thread 37"        [_thread_blocked, id=12300, stack(0x0000001c0c100000,0x0000001c0c200000) (1024K)]
  0x0000019bde0fefa0 JavaThread "Unconstrained build operations Thread 38"        [_thread_blocked, id=20996, stack(0x0000001c0c200000,0x0000001c0c300000) (1024K)]
  0x0000019bde0fe280 JavaThread "Unconstrained build operations Thread 39"        [_thread_blocked, id=18088, stack(0x0000001c0c300000,0x0000001c0c400000) (1024K)]
  0x0000019bde100350 JavaThread "Unconstrained build operations Thread 40"        [_thread_blocked, id=25588, stack(0x0000001c0c400000,0x0000001c0c500000) (1024K)]
  0x0000019bde0fdbf0 JavaThread "Unconstrained build operations Thread 41"        [_thread_blocked, id=20796, stack(0x0000001c0c500000,0x0000001c0c600000) (1024K)]
  0x0000019bde0fe910 JavaThread "Unconstrained build operations Thread 42"        [_thread_blocked, id=22796, stack(0x0000001c0c600000,0x0000001c0c700000) (1024K)]
  0x0000019bde0ff630 JavaThread "Unconstrained build operations Thread 43"        [_thread_blocked, id=25424, stack(0x0000001c0c700000,0x0000001c0c800000) (1024K)]
  0x0000019bde1009e0 JavaThread "Unconstrained build operations Thread 44"        [_thread_blocked, id=12048, stack(0x0000001c0c800000,0x0000001c0c900000) (1024K)]
  0x0000019be35e4c20 JavaThread "Unconstrained build operations Thread 45"        [_thread_blocked, id=24012, stack(0x0000001c0c900000,0x0000001c0ca00000) (1024K)]
  0x0000019bde7a34b0 JavaThread "Unconstrained build operations Thread 46"        [_thread_blocked, id=23440, stack(0x0000001c0ca00000,0x0000001c0cb00000) (1024K)]
  0x0000019bdaa66e70 JavaThread "Unconstrained build operations Thread 47"        [_thread_blocked, id=12428, stack(0x0000001c0cb00000,0x0000001c0cc00000) (1024K)]
  0x0000019bdaa65430 JavaThread "Unconstrained build operations Thread 48"        [_thread_blocked, id=24536, stack(0x0000001c0cc00000,0x0000001c0cd00000) (1024K)]
  0x0000019bdaa64da0 JavaThread "Unconstrained build operations Thread 49"        [_thread_blocked, id=5952, stack(0x0000001c0cd00000,0x0000001c0ce00000) (1024K)]
  0x0000019bdaa65ac0 JavaThread "Unconstrained build operations Thread 50"        [_thread_blocked, id=4128, stack(0x0000001c0ce00000,0x0000001c0cf00000) (1024K)]
  0x0000019bdaa667e0 JavaThread "Unconstrained build operations Thread 51"        [_thread_blocked, id=23884, stack(0x0000001c0cf00000,0x0000001c0d000000) (1024K)]
  0x0000019bdaa66150 JavaThread "Unconstrained build operations Thread 52"        [_thread_blocked, id=22364, stack(0x0000001c0d000000,0x0000001c0d100000) (1024K)]
  0x0000019bdaa67500 JavaThread "Unconstrained build operations Thread 53"        [_thread_blocked, id=11924, stack(0x0000001c0d100000,0x0000001c0d200000) (1024K)]
  0x0000019bdaa67b90 JavaThread "Unconstrained build operations Thread 54"        [_thread_blocked, id=18292, stack(0x0000001c0d200000,0x0000001c0d300000) (1024K)]
  0x0000019bdaa64710 JavaThread "Unconstrained build operations Thread 55"        [_thread_blocked, id=1968, stack(0x0000001c0d300000,0x0000001c0d400000) (1024K)]
  0x0000019bdaa6a980 JavaThread "Unconstrained build operations Thread 56"        [_thread_blocked, id=8508, stack(0x0000001c0d400000,0x0000001c0d500000) (1024K)]
  0x0000019bdaa6b6a0 JavaThread "Unconstrained build operations Thread 57"        [_thread_blocked, id=4688, stack(0x0000001c0d500000,0x0000001c0d600000) (1024K)]
  0x0000019bdaa688b0 JavaThread "Unconstrained build operations Thread 58"        [_thread_blocked, id=23328, stack(0x0000001c0d600000,0x0000001c0d700000) (1024K)]
  0x0000019bdaa68f40 JavaThread "Unconstrained build operations Thread 59"        [_thread_blocked, id=9280, stack(0x0000001c0d700000,0x0000001c0d800000) (1024K)]
  0x0000019bdaa68220 JavaThread "Unconstrained build operations Thread 60"        [_thread_blocked, id=18380, stack(0x0000001c0d800000,0x0000001c0d900000) (1024K)]
  0x0000019bdaa695d0 JavaThread "Unconstrained build operations Thread 61"        [_thread_blocked, id=20588, stack(0x0000001c05c00000,0x0000001c05d00000) (1024K)]
  0x0000019bdaa69c60 JavaThread "Unconstrained build operations Thread 62"        [_thread_blocked, id=25688, stack(0x0000001c0d900000,0x0000001c0da00000) (1024K)]
  0x0000019bdaa6a2f0 JavaThread "Unconstrained build operations Thread 63"        [_thread_blocked, id=12804, stack(0x0000001c0da00000,0x0000001c0db00000) (1024K)]
  0x0000019bdaa6bd30 JavaThread "Unconstrained build operations Thread 64"        [_thread_blocked, id=16948, stack(0x0000001c0db00000,0x0000001c0dc00000) (1024K)]
  0x0000019bdaa6b010 JavaThread "Unconstrained build operations Thread 65"        [_thread_blocked, id=2216, stack(0x0000001c0dc00000,0x0000001c0dd00000) (1024K)]
  0x0000019bdac0d690 JavaThread "Unconstrained build operations Thread 66"        [_thread_blocked, id=12808, stack(0x0000001c0dd00000,0x0000001c0de00000) (1024K)]
  0x0000019bdac0dd20 JavaThread "Unconstrained build operations Thread 67"        [_thread_blocked, id=19916, stack(0x0000001c0de00000,0x0000001c0df00000) (1024K)]
  0x0000019bdac0f0d0 JavaThread "Unconstrained build operations Thread 68"        [_thread_blocked, id=7344, stack(0x0000001c0df00000,0x0000001c0e000000) (1024K)]
  0x0000019bdac0e3b0 JavaThread "Unconstrained build operations Thread 69"        [_thread_blocked, id=23172, stack(0x0000001c0e000000,0x0000001c0e100000) (1024K)]
  0x0000019bdac0c970 JavaThread "Unconstrained build operations Thread 70"        [_thread_blocked, id=23104, stack(0x0000001c0e100000,0x0000001c0e200000) (1024K)]
  0x0000019bdac0c2e0 JavaThread "Unconstrained build operations Thread 71"        [_thread_blocked, id=8080, stack(0x0000001c0e200000,0x0000001c0e300000) (1024K)]
  0x0000019bdac0fdf0 JavaThread "Unconstrained build operations Thread 72"        [_thread_blocked, id=11148, stack(0x0000001c0e300000,0x0000001c0e400000) (1024K)]
  0x0000019bdac11ec0 JavaThread "Unconstrained build operations Thread 73"        [_thread_blocked, id=21468, stack(0x0000001c0e400000,0x0000001c0e500000) (1024K)]
  0x0000019bdac10480 JavaThread "Unconstrained build operations Thread 74"        [_thread_blocked, id=22872, stack(0x0000001c0e500000,0x0000001c0e600000) (1024K)]
  0x0000019bdac0f760 JavaThread "Unconstrained build operations Thread 75"        [_thread_blocked, id=24692, stack(0x0000001c0e600000,0x0000001c0e700000) (1024K)]
  0x0000019bdac10b10 JavaThread "Unconstrained build operations Thread 76"        [_thread_blocked, id=23456, stack(0x0000001c0e800000,0x0000001c0e900000) (1024K)]
  0x0000019bdb40a9a0 JavaThread "Unconstrained build operations Thread 77"        [_thread_blocked, id=15000, stack(0x0000001c0e700000,0x0000001c0e800000) (1024K)]
  0x0000019bdb40a310 JavaThread "Unconstrained build operations Thread 78"        [_thread_blocked, id=25368, stack(0x0000001c0e900000,0x0000001c0ea00000) (1024K)]
  0x0000019bdb40b030 JavaThread "Unconstrained build operations Thread 79"        [_thread_blocked, id=10912, stack(0x0000001c0ea00000,0x0000001c0eb00000) (1024K)]
  0x0000019bdb40b6c0 JavaThread "Unconstrained build operations Thread 80"        [_thread_blocked, id=21552, stack(0x0000001c0eb00000,0x0000001c0ec00000) (1024K)]
  0x0000019bdb404730 JavaThread "WorkerExecutor Queue"              [_thread_blocked, id=25256, stack(0x0000001c0ec00000,0x0000001c0ed00000) (1024K)]
  0x0000019bdb404dc0 JavaThread "RMI Scheduler(0)"           daemon [_thread_blocked, id=18200, stack(0x0000001c0ed00000,0x0000001c0ee00000) (1024K)]
  0x0000019bdb405450 JavaThread "RMI GC Daemon"              daemon [_thread_blocked, id=23840, stack(0x0000001c0ef00000,0x0000001c0f000000) (1024K)]
  0x0000019bdb408f60 JavaThread "RMI TCP Accept-0"           daemon [_thread_in_native, id=19300, stack(0x0000001c0b100000,0x0000001c0b200000) (1024K)]
  0x0000019bdb4095f0 JavaThread "RMI Reaper"                        [_thread_blocked, id=6520, stack(0x0000001c0f000000,0x0000001c0f100000) (1024K)]
  0x0000019bdac11830 JavaThread "WorkerExecutor Queue Thread 2"        [_thread_blocked, id=24184, stack(0x0000001c0f100000,0x0000001c0f200000) (1024K)]
  0x0000019be35e80a0 JavaThread "Cache worker for Java compile cache (C:\Users\Lakhansing\.gradle\caches\8.9\javaCompile)"        [_thread_blocked, id=16036, stack(0x0000001c0f900000,0x0000001c0fa00000) (1024K)]
  0x0000019bd879efd0 JavaThread "Build operations"                  [_thread_blocked, id=25480, stack(0x0000001c0fa00000,0x0000001c0fb00000) (1024K)]
  0x0000019bd87a0a10 JavaThread "Build operations Thread 2"         [_thread_blocked, id=17484, stack(0x0000001c0fb00000,0x0000001c0fc00000) (1024K)]
  0x0000019bd879e940 JavaThread "Build operations Thread 3"         [_thread_blocked, id=24336, stack(0x0000001c0fc00000,0x0000001c0fd00000) (1024K)]
  0x0000019bd879e2b0 JavaThread "Build operations Thread 4"         [_thread_blocked, id=1528, stack(0x0000001c0fd00000,0x0000001c0fe00000) (1024K)]
  0x0000019bd87a1dc0 JavaThread "Build operations Thread 5"         [_thread_blocked, id=19024, stack(0x0000001c0fe00000,0x0000001c0ff00000) (1024K)]
  0x0000019bd87a2450 JavaThread "Build operations Thread 6"         [_thread_blocked, id=20892, stack(0x0000001c0ff00000,0x0000001c10000000) (1024K)]
  0x0000019bd87a1730 JavaThread "Build operations Thread 7"         [_thread_blocked, id=24212, stack(0x0000001c10000000,0x0000001c10100000) (1024K)]
  0x0000019bdd1b6f20 JavaThread "Build operations Thread 8"         [_thread_blocked, id=25592, stack(0x0000001c0ee00000,0x0000001c0ef00000) (1024K)]
  0x0000019bdd1b2d80 JavaThread "WorkerExecutor Queue Thread 3"        [_thread_blocked, id=9612, stack(0x0000001c0f800000,0x0000001c0f900000) (1024K)]
  0x0000019bdd1b4e50 JavaThread "WorkerExecutor Queue Thread 4"        [_thread_blocked, id=20956, stack(0x0000001c10300000,0x0000001c10400000) (1024K)]
  0x0000019bdd1b47c0 JavaThread "WorkerExecutor Queue Thread 6"        [_thread_blocked, id=12684, stack(0x0000001c10500000,0x0000001c10600000) (1024K)]
  0x0000019bdd1b5b70 JavaThread "WorkerExecutor Queue Thread 7"        [_thread_blocked, id=10464, stack(0x0000001c10600000,0x0000001c10700000) (1024K)]
  0x0000019bdd1b6200 JavaThread "WorkerExecutor Queue Thread 8"        [_thread_blocked, id=10396, stack(0x0000001c10700000,0x0000001c10800000) (1024K)]
  0x0000019bdac0bc50 JavaThread "WorkerExecutor Queue Thread 9"        [_thread_blocked, id=18388, stack(0x0000001c0f300000,0x0000001c0f400000) (1024K)]
  0x0000019be51fa280 JavaThread "ForkJoinPool-1-worker-1"    daemon [_thread_blocked, id=26576, stack(0x0000001c10f00000,0x0000001c11000000) (1024K)]
  0x0000019be51f8ed0 JavaThread "ForkJoinPool-1-worker-2"    daemon [_thread_blocked, id=17072, stack(0x0000001c11000000,0x0000001c11100000) (1024K)]
  0x0000019be51fa910 JavaThread "ForkJoinPool-1-worker-3"    daemon [_thread_blocked, id=25672, stack(0x0000001c11100000,0x0000001c11200000) (1024K)]
  0x0000019be51f7490 JavaThread "ForkJoinPool-1-worker-4"    daemon [_thread_blocked, id=4468, stack(0x0000001c11200000,0x0000001c11300000) (1024K)]
Total: 152

Other Threads:
=>0x0000019bd7023210 VMThread "VM Thread"                           [id=2376, stack(0x0000001c06500000,0x0000001c06600000) (1024K)]
  0x0000019bd2c96550 WatcherThread "VM Periodic Task Thread"        [id=5124, stack(0x0000001c06400000,0x0000001c06500000) (1024K)]
  0x0000019bb8e18570 WorkerThread "GC Thread#0"                     [id=21492, stack(0x0000001c05f00000,0x0000001c06000000) (1024K)]
  0x0000019bd75ec010 WorkerThread "GC Thread#1"                     [id=276, stack(0x0000001c07100000,0x0000001c07200000) (1024K)]
  0x0000019bd75ec3b0 WorkerThread "GC Thread#2"                     [id=22632, stack(0x0000001c07200000,0x0000001c07300000) (1024K)]
  0x0000019bd75ec750 WorkerThread "GC Thread#3"                     [id=1108, stack(0x0000001c07300000,0x0000001c07400000) (1024K)]
  0x0000019bd77e0940 WorkerThread "GC Thread#4"                     [id=14136, stack(0x0000001c07400000,0x0000001c07500000) (1024K)]
  0x0000019bd77e0ce0 WorkerThread "GC Thread#5"                     [id=18768, stack(0x0000001c07500000,0x0000001c07600000) (1024K)]
  0x0000019bd77e1080 WorkerThread "GC Thread#6"                     [id=13880, stack(0x0000001c07600000,0x0000001c07700000) (1024K)]
  0x0000019bd77e1420 WorkerThread "GC Thread#7"                     [id=23544, stack(0x0000001c07700000,0x0000001c07800000) (1024K)]
  0x0000019bb8e29300 ConcurrentGCThread "G1 Main Marker"            [id=16532, stack(0x0000001c06000000,0x0000001c06100000) (1024K)]
  0x0000019bb8e2a890 WorkerThread "G1 Conc#0"                       [id=25312, stack(0x0000001c06100000,0x0000001c06200000) (1024K)]
  0x0000019bd945aa80 WorkerThread "G1 Conc#1"                       [id=2156, stack(0x0000001c08200000,0x0000001c08300000) (1024K)]
  0x0000019bd2b656c0 ConcurrentGCThread "G1 Refine#0"               [id=25864, stack(0x0000001c06200000,0x0000001c06300000) (1024K)]
  0x0000019bd2b65ee0 ConcurrentGCThread "G1 Service"                [id=20784, stack(0x0000001c06300000,0x0000001c06400000) (1024K)]
Total: 15

Threads with active compile tasks:
Total: 0

VM state: at safepoint (normal execution)

VM Mutex/Monitor currently owned by a thread:  ([mutex/lock_event])
[0x00007ff9275c8690] Threads_lock - owner thread: 0x0000019bd7023210
[0x00007ff9275c8790] Heap_lock - owner thread: 0x0000019bb8e29300

Heap address: 0x0000000700000000, size: 4096 MB, Compressed Oops mode: Zero based, Oop shift amount: 3

CDS archive(s) not mapped
Compressed class space mapped at: 0x0000000800000000-0x0000000840000000, reserved size: 1073741824
Narrow klass base: 0x0000000800000000, Narrow klass shift: 0, Narrow klass range: 0x40000000

GC Precious Log:
 CardTable entry size: 512
 Card Set container configuration: InlinePtr #cards 4 size 8 Array Of Cards #cards 16 size 48 Howl #buckets 8 coarsen threshold 3686 Howl Bitmap #cards 512 size 80 coarsen threshold 460 Card regions per heap region 1 cards per card region 4096
 CPUs: 8 total, 8 available
 Memory: 24260M
 Large Page Support: Disabled
 NUMA Support: Disabled
 Compressed Oops: Enabled (Zero based)
 Heap Region Size: 2M
 Heap Min Capacity: 8M
 Heap Initial Capacity: 380M
 Heap Max Capacity: 4G
 Pre-touch: Disabled
 Parallel Workers: 8
 Concurrent Workers: 2
 Concurrent Refinement Workers: 8
 Periodic GC: Disabled

Heap:
 garbage-first heap   total 3981312K, used 2527232K [0x0000000700000000, 0x0000000800000000)
  region size 2048K, 59 young (120832K), 36 survivors (73728K)
 Metaspace       used 238945K, committed 241920K, reserved 1310720K
  class space    used 31000K, committed 32448K, reserved 1048576K

Heap Regions: E=young(eden), S=young(survivor), O=old, HS=humongous(starts), HC=humongous(continues), CS=collection set, F=free, TAMS=top-at-mark-start, PB=parsable bottom
|   0|0x0000000700000000, 0x0000000700200000, 0x0000000700200000|100%|HS|  |TAMS 0x0000000700200000| PB 0x0000000700000000| Complete 
|   1|0x0000000700200000, 0x0000000700400000, 0x0000000700400000|100%|HC|  |TAMS 0x0000000700400000| PB 0x0000000700200000| Complete 
|   2|0x0000000700400000, 0x0000000700600000, 0x0000000700600000|100%| O|  |TAMS 0x0000000700600000| PB 0x0000000700600000| Untracked 
|   3|0x0000000700600000, 0x0000000700800000, 0x0000000700800000|100%| O|  |TAMS 0x0000000700800000| PB 0x0000000700800000| Untracked 
|   4|0x0000000700800000, 0x0000000700a00000, 0x0000000700a00000|100%| O|  |TAMS 0x0000000700a00000| PB 0x0000000700a00000| Untracked 
|   5|0x0000000700a00000, 0x0000000700c00000, 0x0000000700c00000|100%| O|  |TAMS 0x0000000700c00000| PB 0x0000000700c00000| Untracked 
|   6|0x0000000700c00000, 0x0000000700e00000, 0x0000000700e00000|100%| O|  |TAMS 0x0000000700e00000| PB 0x0000000700e00000| Untracked 
|   7|0x0000000700e00000, 0x0000000701000000, 0x0000000701000000|100%| O|  |TAMS 0x0000000701000000| PB 0x0000000701000000| Untracked 
|   8|0x0000000701000000, 0x0000000701200000, 0x0000000701200000|100%| O|  |TAMS 0x0000000701200000| PB 0x0000000701200000| Updating 
|   9|0x0000000701200000, 0x0000000701400000, 0x0000000701400000|100%| O|  |TAMS 0x0000000701400000| PB 0x0000000701400000| Untracked 
|  10|0x0000000701400000, 0x0000000701600000, 0x0000000701600000|100%| O|  |TAMS 0x0000000701600000| PB 0x0000000701600000| Updating 
|  11|0x0000000701600000, 0x0000000701800000, 0x0000000701800000|100%| O|  |TAMS 0x0000000701800000| PB 0x0000000701800000| Untracked 
|  12|0x0000000701800000, 0x0000000701a00000, 0x0000000701a00000|100%| O|  |TAMS 0x0000000701a00000| PB 0x0000000701a00000| Untracked 
|  13|0x0000000701a00000, 0x0000000701c00000, 0x0000000701c00000|100%| O|  |TAMS 0x0000000701c00000| PB 0x0000000701c00000| Untracked 
|  14|0x0000000701c00000, 0x0000000701e00000, 0x0000000701e00000|100%| O|  |TAMS 0x0000000701e00000| PB 0x0000000701e00000| Untracked 
|  15|0x0000000701e00000, 0x0000000702000000, 0x0000000702000000|100%| O|  |TAMS 0x0000000702000000| PB 0x0000000702000000| Updating 
|  16|0x0000000702000000, 0x0000000702200000, 0x0000000702200000|100%| O|  |TAMS 0x0000000702200000| PB 0x0000000702200000| Updating 
|  17|0x0000000702200000, 0x0000000702400000, 0x0000000702400000|100%|HS|  |TAMS 0x0000000702400000| PB 0x0000000702200000| Complete 
|  18|0x0000000702400000, 0x0000000702600000, 0x0000000702600000|100%| O|  |TAMS 0x0000000702600000| PB 0x0000000702600000| Updating 
|  19|0x0000000702600000, 0x0000000702800000, 0x0000000702800000|100%|HS|  |TAMS 0x0000000702800000| PB 0x0000000702600000| Complete 
|  20|0x0000000702800000, 0x0000000702a00000, 0x0000000702a00000|100%| O|  |TAMS 0x0000000702a00000| PB 0x0000000702a00000| Untracked 
|  21|0x0000000702a00000, 0x0000000702c00000, 0x0000000702c00000|100%| O|  |TAMS 0x0000000702c00000| PB 0x0000000702c00000| Updating 
|  22|0x0000000702c00000, 0x0000000702e00000, 0x0000000702e00000|100%| O|  |TAMS 0x0000000702e00000| PB 0x0000000702e00000| Updating 
|  23|0x0000000702e00000, 0x0000000703000000, 0x0000000703000000|100%| O|  |TAMS 0x0000000703000000| PB 0x0000000703000000| Untracked 
|  24|0x0000000703000000, 0x0000000703200000, 0x0000000703200000|100%| O|  |TAMS 0x0000000703200000| PB 0x0000000703200000| Untracked 
|  25|0x0000000703200000, 0x0000000703400000, 0x0000000703400000|100%| O|  |TAMS 0x0000000703400000| PB 0x0000000703400000| Untracked 
|  26|0x0000000703400000, 0x0000000703600000, 0x0000000703600000|100%|HS|  |TAMS 0x0000000703600000| PB 0x0000000703400000| Complete 
|  27|0x0000000703600000, 0x0000000703800000, 0x0000000703800000|100%|HC|  |TAMS 0x0000000703800000| PB 0x0000000703600000| Complete 
|  28|0x0000000703800000, 0x0000000703a00000, 0x0000000703a00000|100%| O|  |TAMS 0x0000000703a00000| PB 0x0000000703a00000| Updating 
|  29|0x0000000703a00000, 0x0000000703c00000, 0x0000000703c00000|100%| O|  |TAMS 0x0000000703c00000| PB 0x0000000703c00000| Updating 
|  30|0x0000000703c00000, 0x0000000703e00000, 0x0000000703e00000|100%| O|  |TAMS 0x0000000703e00000| PB 0x0000000703e00000| Updating 
|  31|0x0000000703e00000, 0x0000000704000000, 0x0000000704000000|100%| O|  |TAMS 0x0000000704000000| PB 0x0000000704000000| Untracked 
|  32|0x0000000704000000, 0x0000000704200000, 0x0000000704200000|100%| O|  |TAMS 0x0000000704200000| PB 0x0000000704200000| Updating 
|  33|0x0000000704200000, 0x0000000704400000, 0x0000000704400000|100%| O|  |TAMS 0x0000000704400000| PB 0x0000000704400000| Untracked 
|  34|0x0000000704400000, 0x0000000704600000, 0x0000000704600000|100%|HS|  |TAMS 0x0000000704600000| PB 0x0000000704400000| Complete 
|  35|0x0000000704600000, 0x0000000704800000, 0x0000000704800000|100%|HC|  |TAMS 0x0000000704800000| PB 0x0000000704600000| Complete 
|  36|0x0000000704800000, 0x0000000704a00000, 0x0000000704a00000|100%| O|  |TAMS 0x0000000704a00000| PB 0x0000000704a00000| Updating 
|  37|0x0000000704a00000, 0x0000000704c00000, 0x0000000704c00000|100%| O|  |TAMS 0x0000000704c00000| PB 0x0000000704c00000| Untracked 
|  38|0x0000000704c00000, 0x0000000704e00000, 0x0000000704e00000|100%| O|  |TAMS 0x0000000704e00000| PB 0x0000000704e00000| Updating 
|  39|0x0000000704e00000, 0x0000000705000000, 0x0000000705000000|100%| O|  |TAMS 0x0000000705000000| PB 0x0000000705000000| Updating 
|  40|0x0000000705000000, 0x0000000705200000, 0x0000000705200000|100%| O|  |TAMS 0x0000000705200000| PB 0x0000000705200000| Untracked 
|  41|0x0000000705200000, 0x0000000705400000, 0x0000000705400000|100%| O|  |TAMS 0x0000000705400000| PB 0x0000000705400000| Untracked 
|  42|0x0000000705400000, 0x0000000705600000, 0x0000000705600000|100%| O|  |TAMS 0x0000000705600000| PB 0x0000000705600000| Updating 
|  43|0x0000000705600000, 0x0000000705800000, 0x0000000705800000|100%| O|  |TAMS 0x0000000705800000| PB 0x0000000705800000| Untracked 
|  44|0x0000000705800000, 0x0000000705a00000, 0x0000000705a00000|100%| O|  |TAMS 0x0000000705a00000| PB 0x0000000705a00000| Untracked 
|  45|0x0000000705a00000, 0x0000000705c00000, 0x0000000705c00000|100%| O|  |TAMS 0x0000000705c00000| PB 0x0000000705c00000| Untracked 
|  46|0x0000000705c00000, 0x0000000705e00000, 0x0000000705e00000|100%| O|  |TAMS 0x0000000705e00000| PB 0x0000000705e00000| Untracked 
|  47|0x0000000705e00000, 0x0000000706000000, 0x0000000706000000|100%| O|  |TAMS 0x0000000706000000| PB 0x0000000706000000| Updating 
|  48|0x0000000706000000, 0x0000000706200000, 0x0000000706200000|100%| O|  |TAMS 0x0000000706200000| PB 0x0000000706200000| Untracked 
|  49|0x0000000706200000, 0x0000000706400000, 0x0000000706400000|100%| O|  |TAMS 0x0000000706400000| PB 0x0000000706400000| Updating 
|  50|0x0000000706400000, 0x0000000706600000, 0x0000000706600000|100%| O|  |TAMS 0x0000000706600000| PB 0x0000000706600000| Updating 
|  51|0x0000000706600000, 0x0000000706800000, 0x0000000706800000|100%| O|  |TAMS 0x0000000706800000| PB 0x0000000706800000| Untracked 
|  52|0x0000000706800000, 0x0000000706a00000, 0x0000000706a00000|100%| O|  |TAMS 0x0000000706a00000| PB 0x0000000706a00000| Untracked 
|  53|0x0000000706a00000, 0x0000000706c00000, 0x0000000706c00000|100%| O|  |TAMS 0x0000000706c00000| PB 0x0000000706c00000| Untracked 
|  54|0x0000000706c00000, 0x0000000706e00000, 0x0000000706e00000|100%| O|  |TAMS 0x0000000706e00000| PB 0x0000000706e00000| Untracked 
|  55|0x0000000706e00000, 0x0000000707000000, 0x0000000707000000|100%| O|  |TAMS 0x0000000707000000| PB 0x0000000707000000| Untracked 
|  56|0x0000000707000000, 0x0000000707200000, 0x0000000707200000|100%| O|  |TAMS 0x0000000707200000| PB 0x0000000707200000| Untracked 
|  57|0x0000000707200000, 0x0000000707400000, 0x0000000707400000|100%| O|  |TAMS 0x0000000707400000| PB 0x0000000707400000| Untracked 
|  58|0x0000000707400000, 0x0000000707600000, 0x0000000707600000|100%| O|  |TAMS 0x0000000707600000| PB 0x0000000707600000| Untracked 
|  59|0x0000000707600000, 0x0000000707800000, 0x0000000707800000|100%| O|  |TAMS 0x0000000707800000| PB 0x0000000707800000| Untracked 
|  60|0x0000000707800000, 0x0000000707a00000, 0x0000000707a00000|100%| O|  |TAMS 0x0000000707a00000| PB 0x0000000707a00000| Updating 
|  61|0x0000000707a00000, 0x0000000707c00000, 0x0000000707c00000|100%| O|  |TAMS 0x0000000707c00000| PB 0x0000000707c00000| Updating 
|  62|0x0000000707c00000, 0x0000000707e00000, 0x0000000707e00000|100%| O|  |TAMS 0x0000000707e00000| PB 0x0000000707e00000| Untracked 
|  63|0x0000000707e00000, 0x0000000708000000, 0x0000000708000000|100%| O|  |TAMS 0x0000000708000000| PB 0x0000000708000000| Untracked 
|  64|0x0000000708000000, 0x0000000708200000, 0x0000000708200000|100%| O|  |TAMS 0x0000000708200000| PB 0x0000000708200000| Updating 
|  65|0x0000000708200000, 0x0000000708400000, 0x0000000708400000|100%| O|  |TAMS 0x0000000708400000| PB 0x0000000708400000| Updating 
|  66|0x0000000708400000, 0x0000000708600000, 0x0000000708600000|100%| O|  |TAMS 0x0000000708600000| PB 0x0000000708600000| Untracked 
|  67|0x0000000708600000, 0x0000000708800000, 0x0000000708800000|100%| O|  |TAMS 0x0000000708800000| PB 0x0000000708800000| Untracked 
|  68|0x0000000708800000, 0x0000000708a00000, 0x0000000708a00000|100%| O|  |TAMS 0x0000000708a00000| PB 0x0000000708a00000| Untracked 
|  69|0x0000000708a00000, 0x0000000708c00000, 0x0000000708c00000|100%| O|  |TAMS 0x0000000708c00000| PB 0x0000000708c00000| Updating 
|  70|0x0000000708c00000, 0x0000000708e00000, 0x0000000708e00000|100%| O|  |TAMS 0x0000000708e00000| PB 0x0000000708e00000| Updating 
|  71|0x0000000708e00000, 0x0000000709000000, 0x0000000709000000|100%| O|  |TAMS 0x0000000709000000| PB 0x0000000709000000| Updating 
|  72|0x0000000709000000, 0x0000000709200000, 0x0000000709200000|100%| O|  |TAMS 0x0000000709200000| PB 0x0000000709200000| Updating 
|  73|0x0000000709200000, 0x0000000709400000, 0x0000000709400000|100%| O|  |TAMS 0x0000000709400000| PB 0x0000000709400000| Updating 
|  74|0x0000000709400000, 0x0000000709600000, 0x0000000709600000|100%| O|  |TAMS 0x0000000709600000| PB 0x0000000709600000| Untracked 
|  75|0x0000000709600000, 0x0000000709800000, 0x0000000709800000|100%| O|  |TAMS 0x0000000709800000| PB 0x0000000709800000| Untracked 
|  76|0x0000000709800000, 0x0000000709a00000, 0x0000000709a00000|100%| O|  |TAMS 0x0000000709a00000| PB 0x0000000709a00000| Untracked 
|  77|0x0000000709a00000, 0x0000000709c00000, 0x0000000709c00000|100%| O|  |TAMS 0x0000000709c00000| PB 0x0000000709c00000| Untracked 
|  78|0x0000000709c00000, 0x0000000709e00000, 0x0000000709e00000|100%| O|  |TAMS 0x0000000709e00000| PB 0x0000000709e00000| Untracked 
|  79|0x0000000709e00000, 0x000000070a000000, 0x000000070a000000|100%| O|  |TAMS 0x000000070a000000| PB 0x000000070a000000| Untracked 
|  80|0x000000070a000000, 0x000000070a200000, 0x000000070a200000|100%| O|  |TAMS 0x000000070a200000| PB 0x000000070a200000| Untracked 
|  81|0x000000070a200000, 0x000000070a400000, 0x000000070a400000|100%| O|  |TAMS 0x000000070a400000| PB 0x000000070a400000| Untracked 
|  82|0x000000070a400000, 0x000000070a600000, 0x000000070a600000|100%| O|  |TAMS 0x000000070a600000| PB 0x000000070a600000| Updating 
|  83|0x000000070a600000, 0x000000070a800000, 0x000000070a800000|100%| O|  |TAMS 0x000000070a800000| PB 0x000000070a800000| Untracked 
|  84|0x000000070a800000, 0x000000070aa00000, 0x000000070aa00000|100%| O|  |TAMS 0x000000070aa00000| PB 0x000000070aa00000| Updating 
|  85|0x000000070aa00000, 0x000000070ac00000, 0x000000070ac00000|100%| O|  |TAMS 0x000000070ac00000| PB 0x000000070ac00000| Updating 
|  86|0x000000070ac00000, 0x000000070ae00000, 0x000000070ae00000|100%|HS|  |TAMS 0x000000070ae00000| PB 0x000000070ac00000| Complete 
|  87|0x000000070ae00000, 0x000000070b000000, 0x000000070b000000|100%| O|  |TAMS 0x000000070b000000| PB 0x000000070b000000| Untracked 
|  88|0x000000070b000000, 0x000000070b200000, 0x000000070b200000|100%| O|  |TAMS 0x000000070b200000| PB 0x000000070b200000| Updating 
|  89|0x000000070b200000, 0x000000070b400000, 0x000000070b400000|100%| O|  |TAMS 0x000000070b400000| PB 0x000000070b400000| Updating 
|  90|0x000000070b400000, 0x000000070b600000, 0x000000070b600000|100%| O|  |TAMS 0x000000070b600000| PB 0x000000070b600000| Untracked 
|  91|0x000000070b600000, 0x000000070b800000, 0x000000070b800000|100%| O|  |TAMS 0x000000070b800000| PB 0x000000070b800000| Updating 
|  92|0x000000070b800000, 0x000000070ba00000, 0x000000070ba00000|100%| O|  |TAMS 0x000000070ba00000| PB 0x000000070ba00000| Untracked 
|  93|0x000000070ba00000, 0x000000070bc00000, 0x000000070bc00000|100%| O|  |TAMS 0x000000070bc00000| PB 0x000000070bc00000| Untracked 
|  94|0x000000070bc00000, 0x000000070be00000, 0x000000070be00000|100%| O|  |TAMS 0x000000070be00000| PB 0x000000070be00000| Untracked 
|  95|0x000000070be00000, 0x000000070c000000, 0x000000070c000000|100%| O|  |TAMS 0x000000070c000000| PB 0x000000070c000000| Updating 
|  96|0x000000070c000000, 0x000000070c200000, 0x000000070c200000|100%| O|  |TAMS 0x000000070c200000| PB 0x000000070c200000| Untracked 
|  97|0x000000070c200000, 0x000000070c400000, 0x000000070c400000|100%| O|  |TAMS 0x000000070c400000| PB 0x000000070c400000| Untracked 
|  98|0x000000070c400000, 0x000000070c600000, 0x000000070c600000|100%| O|  |TAMS 0x000000070c600000| PB 0x000000070c600000| Untracked 
|  99|0x000000070c600000, 0x000000070c800000, 0x000000070c800000|100%| O|  |TAMS 0x000000070c800000| PB 0x000000070c800000| Untracked 
| 100|0x000000070c800000, 0x000000070ca00000, 0x000000070ca00000|100%| O|  |TAMS 0x000000070ca00000| PB 0x000000070ca00000| Updating 
| 101|0x000000070ca00000, 0x000000070cc00000, 0x000000070cc00000|100%|HS|  |TAMS 0x000000070cc00000| PB 0x000000070ca00000| Complete 
| 102|0x000000070cc00000, 0x000000070ce00000, 0x000000070ce00000|100%|HC|  |TAMS 0x000000070ce00000| PB 0x000000070cc00000| Complete 
| 103|0x000000070ce00000, 0x000000070d000000, 0x000000070d000000|100%|HS|  |TAMS 0x000000070d000000| PB 0x000000070ce00000| Complete 
| 104|0x000000070d000000, 0x000000070d200000, 0x000000070d200000|100%|HC|  |TAMS 0x000000070d200000| PB 0x000000070d000000| Complete 
| 105|0x000000070d200000, 0x000000070d400000, 0x000000070d400000|100%| O|  |TAMS 0x000000070d400000| PB 0x000000070d400000| Untracked 
| 106|0x000000070d400000, 0x000000070d600000, 0x000000070d600000|100%| O|  |TAMS 0x000000070d600000| PB 0x000000070d600000| Untracked 
| 107|0x000000070d600000, 0x000000070d800000, 0x000000070d800000|100%| O|  |TAMS 0x000000070d800000| PB 0x000000070d800000| Untracked 
| 108|0x000000070d800000, 0x000000070da00000, 0x000000070da00000|100%| O|  |TAMS 0x000000070da00000| PB 0x000000070da00000| Untracked 
| 109|0x000000070da00000, 0x000000070dc00000, 0x000000070dc00000|100%| O|  |TAMS 0x000000070dc00000| PB 0x000000070dc00000| Untracked 
| 110|0x000000070dc00000, 0x000000070de00000, 0x000000070de00000|100%|HS|  |TAMS 0x000000070de00000| PB 0x000000070dc00000| Complete 
| 111|0x000000070de00000, 0x000000070e000000, 0x000000070e000000|100%| O|  |TAMS 0x000000070e000000| PB 0x000000070e000000| Untracked 
| 112|0x000000070e000000, 0x000000070e200000, 0x000000070e200000|100%| O|  |TAMS 0x000000070e200000| PB 0x000000070e200000| Updating 
| 113|0x000000070e200000, 0x000000070e400000, 0x000000070e400000|100%| O|  |TAMS 0x000000070e400000| PB 0x000000070e400000| Untracked 
| 114|0x000000070e400000, 0x000000070e600000, 0x000000070e600000|100%| O|  |TAMS 0x000000070e600000| PB 0x000000070e600000| Untracked 
| 115|0x000000070e600000, 0x000000070e800000, 0x000000070e800000|100%| O|  |TAMS 0x000000070e800000| PB 0x000000070e800000| Untracked 
| 116|0x000000070e800000, 0x000000070ea00000, 0x000000070ea00000|100%| O|  |TAMS 0x000000070ea00000| PB 0x000000070ea00000| Untracked 
| 117|0x000000070ea00000, 0x000000070ec00000, 0x000000070ec00000|100%| O|  |TAMS 0x000000070ec00000| PB 0x000000070ec00000| Untracked 
| 118|0x000000070ec00000, 0x000000070ee00000, 0x000000070ee00000|100%| O|  |TAMS 0x000000070ee00000| PB 0x000000070ee00000| Updating 
| 119|0x000000070ee00000, 0x000000070f000000, 0x000000070f000000|100%| O|  |TAMS 0x000000070f000000| PB 0x000000070f000000| Untracked 
| 120|0x000000070f000000, 0x000000070f200000, 0x000000070f200000|100%| O|  |TAMS 0x000000070f200000| PB 0x000000070f200000| Updating 
| 121|0x000000070f200000, 0x000000070f400000, 0x000000070f400000|100%| O|  |TAMS 0x000000070f400000| PB 0x000000070f400000| Updating 
| 122|0x000000070f400000, 0x000000070f600000, 0x000000070f600000|100%| O|  |TAMS 0x000000070f600000| PB 0x000000070f600000| Updating 
| 123|0x000000070f600000, 0x000000070f800000, 0x000000070f800000|100%| O|  |TAMS 0x000000070f800000| PB 0x000000070f800000| Updating 
| 124|0x000000070f800000, 0x000000070fa00000, 0x000000070fa00000|100%| O|  |TAMS 0x000000070fa00000| PB 0x000000070fa00000| Updating 
| 125|0x000000070fa00000, 0x000000070fc00000, 0x000000070fc00000|100%| O|  |TAMS 0x000000070fc00000| PB 0x000000070fc00000| Untracked 
| 126|0x000000070fc00000, 0x000000070fe00000, 0x000000070fe00000|100%| O|  |TAMS 0x000000070fe00000| PB 0x000000070fe00000| Updating 
| 127|0x000000070fe00000, 0x0000000710000000, 0x0000000710000000|100%| O|  |TAMS 0x0000000710000000| PB 0x0000000710000000| Untracked 
| 128|0x0000000710000000, 0x0000000710200000, 0x0000000710200000|100%| O|  |TAMS 0x0000000710200000| PB 0x0000000710200000| Untracked 
| 129|0x0000000710200000, 0x0000000710400000, 0x0000000710400000|100%| O|  |TAMS 0x0000000710400000| PB 0x0000000710400000| Untracked 
| 130|0x0000000710400000, 0x0000000710600000, 0x0000000710600000|100%| O|  |TAMS 0x0000000710600000| PB 0x0000000710600000| Updating 
| 131|0x0000000710600000, 0x0000000710800000, 0x0000000710800000|100%| O|  |TAMS 0x0000000710800000| PB 0x0000000710800000| Untracked 
| 132|0x0000000710800000, 0x0000000710a00000, 0x0000000710a00000|100%| O|  |TAMS 0x0000000710a00000| PB 0x0000000710a00000| Untracked 
| 133|0x0000000710a00000, 0x0000000710c00000, 0x0000000710c00000|100%| O|  |TAMS 0x0000000710c00000| PB 0x0000000710c00000| Updating 
| 134|0x0000000710c00000, 0x0000000710e00000, 0x0000000710e00000|100%| O|  |TAMS 0x0000000710e00000| PB 0x0000000710e00000| Untracked 
| 135|0x0000000710e00000, 0x0000000711000000, 0x0000000711000000|100%| O|  |TAMS 0x0000000711000000| PB 0x0000000711000000| Untracked 
| 136|0x0000000711000000, 0x0000000711200000, 0x0000000711200000|100%| O|  |TAMS 0x0000000711200000| PB 0x0000000711200000| Untracked 
| 137|0x0000000711200000, 0x0000000711400000, 0x0000000711400000|100%| O|  |TAMS 0x0000000711400000| PB 0x0000000711400000| Untracked 
| 138|0x0000000711400000, 0x0000000711600000, 0x0000000711600000|100%| O|  |TAMS 0x0000000711600000| PB 0x0000000711600000| Untracked 
| 139|0x0000000711600000, 0x0000000711800000, 0x0000000711800000|100%| O|  |TAMS 0x0000000711800000| PB 0x0000000711800000| Untracked 
| 140|0x0000000711800000, 0x0000000711a00000, 0x0000000711a00000|100%| O|  |TAMS 0x0000000711a00000| PB 0x0000000711a00000| Untracked 
| 141|0x0000000711a00000, 0x0000000711c00000, 0x0000000711c00000|100%| O|  |TAMS 0x0000000711c00000| PB 0x0000000711c00000| Untracked 
| 142|0x0000000711c00000, 0x0000000711e00000, 0x0000000711e00000|100%| O|  |TAMS 0x0000000711e00000| PB 0x0000000711e00000| Untracked 
| 143|0x0000000711e00000, 0x0000000712000000, 0x0000000712000000|100%| O|  |TAMS 0x0000000712000000| PB 0x0000000712000000| Updating 
| 144|0x0000000712000000, 0x0000000712200000, 0x0000000712200000|100%| O|  |TAMS 0x0000000712200000| PB 0x0000000712200000| Untracked 
| 145|0x0000000712200000, 0x0000000712400000, 0x0000000712400000|100%| O|  |TAMS 0x0000000712400000| PB 0x0000000712400000| Untracked 
| 146|0x0000000712400000, 0x0000000712600000, 0x0000000712600000|100%| O|  |TAMS 0x0000000712600000| PB 0x0000000712600000| Untracked 
| 147|0x0000000712600000, 0x0000000712800000, 0x0000000712800000|100%| O|  |TAMS 0x0000000712800000| PB 0x0000000712800000| Untracked 
| 148|0x0000000712800000, 0x0000000712a00000, 0x0000000712a00000|100%| O|  |TAMS 0x0000000712a00000| PB 0x0000000712a00000| Untracked 
| 149|0x0000000712a00000, 0x0000000712c00000, 0x0000000712c00000|100%| O|  |TAMS 0x0000000712c00000| PB 0x0000000712c00000| Untracked 
| 150|0x0000000712c00000, 0x0000000712e00000, 0x0000000712e00000|100%| O|  |TAMS 0x0000000712e00000| PB 0x0000000712e00000| Untracked 
| 151|0x0000000712e00000, 0x0000000713000000, 0x0000000713000000|100%| O|  |TAMS 0x0000000713000000| PB 0x0000000713000000| Untracked 
| 152|0x0000000713000000, 0x0000000713200000, 0x0000000713200000|100%| O|  |TAMS 0x0000000713200000| PB 0x0000000713200000| Untracked 
| 153|0x0000000713200000, 0x0000000713400000, 0x0000000713400000|100%| O|  |TAMS 0x0000000713400000| PB 0x0000000713400000| Untracked 
| 154|0x0000000713400000, 0x0000000713600000, 0x0000000713600000|100%| O|  |TAMS 0x0000000713600000| PB 0x0000000713600000| Untracked 
| 155|0x0000000713600000, 0x0000000713800000, 0x0000000713800000|100%| O|  |TAMS 0x0000000713800000| PB 0x0000000713800000| Untracked 
| 156|0x0000000713800000, 0x0000000713a00000, 0x0000000713a00000|100%| O|  |TAMS 0x0000000713a00000| PB 0x0000000713a00000| Untracked 
| 157|0x0000000713a00000, 0x0000000713c00000, 0x0000000713c00000|100%| O|  |TAMS 0x0000000713c00000| PB 0x0000000713c00000| Untracked 
| 158|0x0000000713c00000, 0x0000000713e00000, 0x0000000713e00000|100%| O|  |TAMS 0x0000000713e00000| PB 0x0000000713e00000| Untracked 
| 159|0x0000000713e00000, 0x0000000714000000, 0x0000000714000000|100%| O|  |TAMS 0x0000000714000000| PB 0x0000000714000000| Untracked 
| 160|0x0000000714000000, 0x0000000714200000, 0x0000000714200000|100%| O|  |TAMS 0x0000000714200000| PB 0x0000000714200000| Untracked 
| 161|0x0000000714200000, 0x0000000714400000, 0x0000000714400000|100%| O|  |TAMS 0x0000000714400000| PB 0x0000000714400000| Untracked 
| 162|0x0000000714400000, 0x0000000714600000, 0x0000000714600000|100%| O|  |TAMS 0x0000000714600000| PB 0x0000000714600000| Untracked 
| 163|0x0000000714600000, 0x0000000714800000, 0x0000000714800000|100%| O|  |TAMS 0x0000000714800000| PB 0x0000000714800000| Untracked 
| 164|0x0000000714800000, 0x0000000714a00000, 0x0000000714a00000|100%| O|  |TAMS 0x0000000714a00000| PB 0x0000000714a00000| Untracked 
| 165|0x0000000714a00000, 0x0000000714c00000, 0x0000000714c00000|100%| O|  |TAMS 0x0000000714c00000| PB 0x0000000714c00000| Untracked 
| 166|0x0000000714c00000, 0x0000000714e00000, 0x0000000714e00000|100%| O|  |TAMS 0x0000000714e00000| PB 0x0000000714e00000| Untracked 
| 167|0x0000000714e00000, 0x0000000715000000, 0x0000000715000000|100%| O|  |TAMS 0x0000000715000000| PB 0x0000000715000000| Updating 
| 168|0x0000000715000000, 0x0000000715200000, 0x0000000715200000|100%| O|  |TAMS 0x0000000715200000| PB 0x0000000715200000| Untracked 
| 169|0x0000000715200000, 0x0000000715400000, 0x0000000715400000|100%| O|  |TAMS 0x0000000715400000| PB 0x0000000715400000| Untracked 
| 170|0x0000000715400000, 0x0000000715600000, 0x0000000715600000|100%| O|  |TAMS 0x0000000715600000| PB 0x0000000715600000| Untracked 
| 171|0x0000000715600000, 0x0000000715800000, 0x0000000715800000|100%| O|  |TAMS 0x0000000715800000| PB 0x0000000715800000| Untracked 
| 172|0x0000000715800000, 0x0000000715a00000, 0x0000000715a00000|100%| O|  |TAMS 0x0000000715a00000| PB 0x0000000715a00000| Untracked 
| 173|0x0000000715a00000, 0x0000000715c00000, 0x0000000715c00000|100%| O|  |TAMS 0x0000000715c00000| PB 0x0000000715c00000| Untracked 
| 174|0x0000000715c00000, 0x0000000715e00000, 0x0000000715e00000|100%| O|  |TAMS 0x0000000715e00000| PB 0x0000000715e00000| Untracked 
| 175|0x0000000715e00000, 0x0000000716000000, 0x0000000716000000|100%| O|  |TAMS 0x0000000716000000| PB 0x0000000716000000| Untracked 
| 176|0x0000000716000000, 0x0000000716200000, 0x0000000716200000|100%| O|  |TAMS 0x0000000716200000| PB 0x0000000716200000| Untracked 
| 177|0x0000000716200000, 0x0000000716400000, 0x0000000716400000|100%| O|  |TAMS 0x0000000716400000| PB 0x0000000716400000| Untracked 
| 178|0x0000000716400000, 0x0000000716600000, 0x0000000716600000|100%| O|  |TAMS 0x0000000716600000| PB 0x0000000716600000| Untracked 
| 179|0x0000000716600000, 0x0000000716800000, 0x0000000716800000|100%| O|  |TAMS 0x0000000716800000| PB 0x0000000716800000| Untracked 
| 180|0x0000000716800000, 0x0000000716a00000, 0x0000000716a00000|100%| O|  |TAMS 0x0000000716a00000| PB 0x0000000716a00000| Updating 
| 181|0x0000000716a00000, 0x0000000716c00000, 0x0000000716c00000|100%| O|  |TAMS 0x0000000716c00000| PB 0x0000000716c00000| Untracked 
| 182|0x0000000716c00000, 0x0000000716e00000, 0x0000000716e00000|100%| O|  |TAMS 0x0000000716e00000| PB 0x0000000716e00000| Untracked 
| 183|0x0000000716e00000, 0x0000000717000000, 0x0000000717000000|100%| O|  |TAMS 0x0000000717000000| PB 0x0000000717000000| Updating 
| 184|0x0000000717000000, 0x0000000717200000, 0x0000000717200000|100%| O|  |TAMS 0x0000000717200000| PB 0x0000000717200000| Untracked 
| 185|0x0000000717200000, 0x0000000717400000, 0x0000000717400000|100%| O|  |TAMS 0x0000000717400000| PB 0x0000000717400000| Untracked 
| 186|0x0000000717400000, 0x0000000717600000, 0x0000000717600000|100%| O|  |TAMS 0x0000000717600000| PB 0x0000000717600000| Untracked 
| 187|0x0000000717600000, 0x0000000717800000, 0x0000000717800000|100%| O|  |TAMS 0x0000000717800000| PB 0x0000000717800000| Untracked 
| 188|0x0000000717800000, 0x0000000717a00000, 0x0000000717a00000|100%| O|  |TAMS 0x0000000717a00000| PB 0x0000000717a00000| Untracked 
| 189|0x0000000717a00000, 0x0000000717c00000, 0x0000000717c00000|100%| O|  |TAMS 0x0000000717c00000| PB 0x0000000717c00000| Untracked 
| 190|0x0000000717c00000, 0x0000000717e00000, 0x0000000717e00000|100%| O|  |TAMS 0x0000000717e00000| PB 0x0000000717e00000| Untracked 
| 191|0x0000000717e00000, 0x0000000718000000, 0x0000000718000000|100%| O|  |TAMS 0x0000000718000000| PB 0x0000000718000000| Untracked 
| 192|0x0000000718000000, 0x0000000718200000, 0x0000000718200000|100%| O|  |TAMS 0x0000000718200000| PB 0x0000000718200000| Untracked 
| 193|0x0000000718200000, 0x0000000718400000, 0x0000000718400000|100%| O|  |TAMS 0x0000000718400000| PB 0x0000000718400000| Untracked 
| 194|0x0000000718400000, 0x0000000718600000, 0x0000000718600000|100%| O|  |TAMS 0x0000000718600000| PB 0x0000000718600000| Untracked 
| 195|0x0000000718600000, 0x0000000718800000, 0x0000000718800000|100%| O|  |TAMS 0x0000000718800000| PB 0x0000000718800000| Untracked 
| 196|0x0000000718800000, 0x0000000718a00000, 0x0000000718a00000|100%| O|  |TAMS 0x0000000718a00000| PB 0x0000000718a00000| Untracked 
| 197|0x0000000718a00000, 0x0000000718c00000, 0x0000000718c00000|100%| O|  |TAMS 0x0000000718c00000| PB 0x0000000718c00000| Updating 
| 198|0x0000000718c00000, 0x0000000718e00000, 0x0000000718e00000|100%| O|  |TAMS 0x0000000718e00000| PB 0x0000000718e00000| Untracked 
| 199|0x0000000718e00000, 0x0000000719000000, 0x0000000719000000|100%| O|  |TAMS 0x0000000719000000| PB 0x0000000719000000| Untracked 
| 200|0x0000000719000000, 0x0000000719200000, 0x0000000719200000|100%| O|  |TAMS 0x0000000719200000| PB 0x0000000719200000| Updating 
| 201|0x0000000719200000, 0x0000000719400000, 0x0000000719400000|100%| O|  |TAMS 0x0000000719400000| PB 0x0000000719400000| Untracked 
| 202|0x0000000719400000, 0x0000000719600000, 0x0000000719600000|100%| O|  |TAMS 0x0000000719600000| PB 0x0000000719600000| Untracked 
| 203|0x0000000719600000, 0x0000000719800000, 0x0000000719800000|100%| O|  |TAMS 0x0000000719800000| PB 0x0000000719800000| Untracked 
| 204|0x0000000719800000, 0x0000000719a00000, 0x0000000719a00000|100%| O|  |TAMS 0x0000000719a00000| PB 0x0000000719a00000| Updating 
| 205|0x0000000719a00000, 0x0000000719c00000, 0x0000000719c00000|100%| O|  |TAMS 0x0000000719c00000| PB 0x0000000719c00000| Untracked 
| 206|0x0000000719c00000, 0x0000000719e00000, 0x0000000719e00000|100%| O|  |TAMS 0x0000000719e00000| PB 0x0000000719e00000| Untracked 
| 207|0x0000000719e00000, 0x000000071a000000, 0x000000071a000000|100%| O|  |TAMS 0x000000071a000000| PB 0x000000071a000000| Untracked 
| 208|0x000000071a000000, 0x000000071a200000, 0x000000071a200000|100%| O|  |TAMS 0x000000071a200000| PB 0x000000071a200000| Untracked 
| 209|0x000000071a200000, 0x000000071a400000, 0x000000071a400000|100%| O|  |TAMS 0x000000071a400000| PB 0x000000071a400000| Updating 
| 210|0x000000071a400000, 0x000000071a600000, 0x000000071a600000|100%| O|  |TAMS 0x000000071a600000| PB 0x000000071a600000| Updating 
| 211|0x000000071a600000, 0x000000071a800000, 0x000000071a800000|100%| O|  |TAMS 0x000000071a800000| PB 0x000000071a800000| Untracked 
| 212|0x000000071a800000, 0x000000071aa00000, 0x000000071aa00000|100%| O|  |TAMS 0x000000071aa00000| PB 0x000000071aa00000| Untracked 
| 213|0x000000071aa00000, 0x000000071ac00000, 0x000000071ac00000|100%| O|  |TAMS 0x000000071ac00000| PB 0x000000071ac00000| Untracked 
| 214|0x000000071ac00000, 0x000000071ae00000, 0x000000071ae00000|100%| O|  |TAMS 0x000000071ae00000| PB 0x000000071ae00000| Untracked 
| 215|0x000000071ae00000, 0x000000071b000000, 0x000000071b000000|100%| O|  |TAMS 0x000000071b000000| PB 0x000000071b000000| Untracked 
| 216|0x000000071b000000, 0x000000071b200000, 0x000000071b200000|100%| O|  |TAMS 0x000000071b200000| PB 0x000000071b200000| Untracked 
| 217|0x000000071b200000, 0x000000071b400000, 0x000000071b400000|100%| O|  |TAMS 0x000000071b400000| PB 0x000000071b400000| Untracked 
| 218|0x000000071b400000, 0x000000071b600000, 0x000000071b600000|100%| O|  |TAMS 0x000000071b600000| PB 0x000000071b600000| Untracked 
| 219|0x000000071b600000, 0x000000071b800000, 0x000000071b800000|100%| O|  |TAMS 0x000000071b800000| PB 0x000000071b800000| Untracked 
| 220|0x000000071b800000, 0x000000071ba00000, 0x000000071ba00000|100%| O|  |TAMS 0x000000071ba00000| PB 0x000000071ba00000| Untracked 
| 221|0x000000071ba00000, 0x000000071bc00000, 0x000000071bc00000|100%| O|  |TAMS 0x000000071bc00000| PB 0x000000071bc00000| Untracked 
| 222|0x000000071bc00000, 0x000000071be00000, 0x000000071be00000|100%| O|  |TAMS 0x000000071be00000| PB 0x000000071be00000| Untracked 
| 223|0x000000071be00000, 0x000000071c000000, 0x000000071c000000|100%| O|  |TAMS 0x000000071c000000| PB 0x000000071c000000| Untracked 
| 224|0x000000071c000000, 0x000000071c200000, 0x000000071c200000|100%| O|  |TAMS 0x000000071c200000| PB 0x000000071c200000| Untracked 
| 225|0x000000071c200000, 0x000000071c400000, 0x000000071c400000|100%| O|  |TAMS 0x000000071c400000| PB 0x000000071c400000| Untracked 
| 226|0x000000071c400000, 0x000000071c600000, 0x000000071c600000|100%| O|  |TAMS 0x000000071c600000| PB 0x000000071c600000| Untracked 
| 227|0x000000071c600000, 0x000000071c800000, 0x000000071c800000|100%| O|  |TAMS 0x000000071c800000| PB 0x000000071c800000| Untracked 
| 228|0x000000071c800000, 0x000000071ca00000, 0x000000071ca00000|100%| O|  |TAMS 0x000000071ca00000| PB 0x000000071ca00000| Updating 
| 229|0x000000071ca00000, 0x000000071cc00000, 0x000000071cc00000|100%| O|  |TAMS 0x000000071cc00000| PB 0x000000071cc00000| Updating 
| 230|0x000000071cc00000, 0x000000071ce00000, 0x000000071ce00000|100%| O|  |TAMS 0x000000071ce00000| PB 0x000000071ce00000| Updating 
| 231|0x000000071ce00000, 0x000000071d000000, 0x000000071d000000|100%| O|  |TAMS 0x000000071d000000| PB 0x000000071d000000| Untracked 
| 232|0x000000071d000000, 0x000000071d200000, 0x000000071d200000|100%| O|  |TAMS 0x000000071d200000| PB 0x000000071d200000| Untracked 
| 233|0x000000071d200000, 0x000000071d400000, 0x000000071d400000|100%| O|  |TAMS 0x000000071d400000| PB 0x000000071d400000| Untracked 
| 234|0x000000071d400000, 0x000000071d600000, 0x000000071d600000|100%| O|  |TAMS 0x000000071d600000| PB 0x000000071d600000| Updating 
| 235|0x000000071d600000, 0x000000071d800000, 0x000000071d800000|100%| O|  |TAMS 0x000000071d800000| PB 0x000000071d800000| Updating 
| 236|0x000000071d800000, 0x000000071da00000, 0x000000071da00000|100%| O|  |TAMS 0x000000071da00000| PB 0x000000071da00000| Untracked 
| 237|0x000000071da00000, 0x000000071dc00000, 0x000000071dc00000|100%| O|  |TAMS 0x000000071dc00000| PB 0x000000071dc00000| Untracked 
| 238|0x000000071dc00000, 0x000000071de00000, 0x000000071de00000|100%| O|  |TAMS 0x000000071de00000| PB 0x000000071de00000| Updating 
| 239|0x000000071de00000, 0x000000071e000000, 0x000000071e000000|100%| O|  |TAMS 0x000000071e000000| PB 0x000000071e000000| Untracked 
| 240|0x000000071e000000, 0x000000071e200000, 0x000000071e200000|100%| O|  |TAMS 0x000000071e200000| PB 0x000000071e200000| Updating 
| 241|0x000000071e200000, 0x000000071e400000, 0x000000071e400000|100%| O|  |TAMS 0x000000071e400000| PB 0x000000071e400000| Updating 
| 242|0x000000071e400000, 0x000000071e600000, 0x000000071e600000|100%| O|  |TAMS 0x000000071e600000| PB 0x000000071e600000| Updating 
| 243|0x000000071e600000, 0x000000071e800000, 0x000000071e800000|100%| O|  |TAMS 0x000000071e800000| PB 0x000000071e800000| Updating 
| 244|0x000000071e800000, 0x000000071ea00000, 0x000000071ea00000|100%| O|  |TAMS 0x000000071ea00000| PB 0x000000071ea00000| Updating 
| 245|0x000000071ea00000, 0x000000071ec00000, 0x000000071ec00000|100%| O|  |TAMS 0x000000071ec00000| PB 0x000000071ec00000| Updating 
| 246|0x000000071ec00000, 0x000000071ee00000, 0x000000071ee00000|100%| O|  |TAMS 0x000000071ee00000| PB 0x000000071ee00000| Untracked 
| 247|0x000000071ee00000, 0x000000071f000000, 0x000000071f000000|100%| O|  |TAMS 0x000000071f000000| PB 0x000000071f000000| Updating 
| 248|0x000000071f000000, 0x000000071f200000, 0x000000071f200000|100%| O|  |TAMS 0x000000071f200000| PB 0x000000071f200000| Updating 
| 249|0x000000071f200000, 0x000000071f400000, 0x000000071f400000|100%| O|  |TAMS 0x000000071f400000| PB 0x000000071f400000| Untracked 
| 250|0x000000071f400000, 0x000000071f600000, 0x000000071f600000|100%| O|  |TAMS 0x000000071f600000| PB 0x000000071f600000| Updating 
| 251|0x000000071f600000, 0x000000071f800000, 0x000000071f800000|100%| O|  |TAMS 0x000000071f800000| PB 0x000000071f800000| Updating 
| 252|0x000000071f800000, 0x000000071fa00000, 0x000000071fa00000|100%| O|  |TAMS 0x000000071fa00000| PB 0x000000071fa00000| Untracked 
| 253|0x000000071fa00000, 0x000000071fc00000, 0x000000071fc00000|100%| O|  |TAMS 0x000000071fc00000| PB 0x000000071fc00000| Untracked 
| 254|0x000000071fc00000, 0x000000071fe00000, 0x000000071fe00000|100%| O|  |TAMS 0x000000071fe00000| PB 0x000000071fe00000| Untracked 
| 255|0x000000071fe00000, 0x0000000720000000, 0x0000000720000000|100%| O|  |TAMS 0x0000000720000000| PB 0x0000000720000000| Untracked 
| 256|0x0000000720000000, 0x0000000720200000, 0x0000000720200000|100%| O|  |TAMS 0x0000000720200000| PB 0x0000000720200000| Untracked 
| 257|0x0000000720200000, 0x0000000720400000, 0x0000000720400000|100%| O|  |TAMS 0x0000000720400000| PB 0x0000000720400000| Untracked 
| 258|0x0000000720400000, 0x0000000720600000, 0x0000000720600000|100%| O|  |TAMS 0x0000000720600000| PB 0x0000000720600000| Untracked 
| 259|0x0000000720600000, 0x0000000720800000, 0x0000000720800000|100%| O|  |TAMS 0x0000000720800000| PB 0x0000000720800000| Untracked 
| 260|0x0000000720800000, 0x0000000720a00000, 0x0000000720a00000|100%| O|  |TAMS 0x0000000720a00000| PB 0x0000000720a00000| Untracked 
| 261|0x0000000720a00000, 0x0000000720c00000, 0x0000000720c00000|100%| O|  |TAMS 0x0000000720c00000| PB 0x0000000720c00000| Untracked 
| 262|0x0000000720c00000, 0x0000000720e00000, 0x0000000720e00000|100%| O|  |TAMS 0x0000000720e00000| PB 0x0000000720e00000| Untracked 
| 263|0x0000000720e00000, 0x0000000721000000, 0x0000000721000000|100%| O|  |TAMS 0x0000000721000000| PB 0x0000000721000000| Untracked 
| 264|0x0000000721000000, 0x0000000721200000, 0x0000000721200000|100%| O|  |TAMS 0x0000000721200000| PB 0x0000000721200000| Untracked 
| 265|0x0000000721200000, 0x0000000721400000, 0x0000000721400000|100%| O|  |TAMS 0x0000000721400000| PB 0x0000000721400000| Untracked 
| 266|0x0000000721400000, 0x0000000721600000, 0x0000000721600000|100%| O|  |TAMS 0x0000000721600000| PB 0x0000000721600000| Untracked 
| 267|0x0000000721600000, 0x0000000721800000, 0x0000000721800000|100%| O|  |TAMS 0x0000000721800000| PB 0x0000000721800000| Untracked 
| 268|0x0000000721800000, 0x0000000721a00000, 0x0000000721a00000|100%| O|  |TAMS 0x0000000721a00000| PB 0x0000000721a00000| Untracked 
| 269|0x0000000721a00000, 0x0000000721c00000, 0x0000000721c00000|100%| O|  |TAMS 0x0000000721c00000| PB 0x0000000721c00000| Updating 
| 270|0x0000000721c00000, 0x0000000721e00000, 0x0000000721e00000|100%| O|  |TAMS 0x0000000721e00000| PB 0x0000000721e00000| Updating 
| 271|0x0000000721e00000, 0x0000000722000000, 0x0000000722000000|100%| O|  |TAMS 0x0000000722000000| PB 0x0000000722000000| Untracked 
| 272|0x0000000722000000, 0x0000000722200000, 0x0000000722200000|100%| O|  |TAMS 0x0000000722200000| PB 0x0000000722200000| Updating 
| 273|0x0000000722200000, 0x0000000722400000, 0x0000000722400000|100%| O|  |TAMS 0x0000000722400000| PB 0x0000000722400000| Untracked 
| 274|0x0000000722400000, 0x0000000722600000, 0x0000000722600000|100%| O|  |TAMS 0x0000000722600000| PB 0x0000000722600000| Untracked 
| 275|0x0000000722600000, 0x0000000722600000, 0x0000000722800000|  0%| F|  |TAMS 0x0000000722600000| PB 0x0000000722600000| Untracked 
| 276|0x0000000722800000, 0x0000000722a00000, 0x0000000722a00000|100%| O|  |TAMS 0x0000000722800000| PB 0x0000000722800000| Untracked 
| 277|0x0000000722a00000, 0x0000000722c00000, 0x0000000722c00000|100%| O|  |TAMS 0x0000000722c00000| PB 0x0000000722c00000| Untracked 
| 278|0x0000000722c00000, 0x0000000722e00000, 0x0000000722e00000|100%| O|  |TAMS 0x0000000722e00000| PB 0x0000000722e00000| Untracked 
| 279|0x0000000722e00000, 0x0000000723000000, 0x0000000723000000|100%| O|  |TAMS 0x0000000723000000| PB 0x0000000723000000| Untracked 
| 280|0x0000000723000000, 0x0000000723200000, 0x0000000723200000|100%| O|  |TAMS 0x0000000723200000| PB 0x0000000723200000| Untracked 
| 281|0x0000000723200000, 0x0000000723400000, 0x0000000723400000|100%| O|  |TAMS 0x0000000723400000| PB 0x0000000723400000| Untracked 
| 282|0x0000000723400000, 0x0000000723600000, 0x0000000723600000|100%| O|  |TAMS 0x0000000723600000| PB 0x0000000723600000| Untracked 
| 283|0x0000000723600000, 0x0000000723800000, 0x0000000723800000|100%| O|  |TAMS 0x0000000723800000| PB 0x0000000723800000| Untracked 
| 284|0x0000000723800000, 0x0000000723a00000, 0x0000000723a00000|100%| O|  |TAMS 0x0000000723a00000| PB 0x0000000723a00000| Untracked 
| 285|0x0000000723a00000, 0x0000000723c00000, 0x0000000723c00000|100%| O|  |TAMS 0x0000000723c00000| PB 0x0000000723c00000| Untracked 
| 286|0x0000000723c00000, 0x0000000723e00000, 0x0000000723e00000|100%| O|  |TAMS 0x0000000723e00000| PB 0x0000000723e00000| Untracked 
| 287|0x0000000723e00000, 0x0000000723e00000, 0x0000000724000000|  0%| F|  |TAMS 0x0000000723e00000| PB 0x0000000723e00000| Untracked 
| 288|0x0000000724000000, 0x0000000724000000, 0x0000000724200000|  0%| F|  |TAMS 0x0000000724000000| PB 0x0000000724000000| Untracked 
| 289|0x0000000724200000, 0x0000000724400000, 0x0000000724400000|100%|HS|  |TAMS 0x0000000724400000| PB 0x0000000724200000| Complete 
| 290|0x0000000724400000, 0x0000000724600000, 0x0000000724600000|100%|HC|  |TAMS 0x0000000724600000| PB 0x0000000724400000| Complete 
| 291|0x0000000724600000, 0x0000000724800000, 0x0000000724800000|100%| O|  |TAMS 0x0000000724800000| PB 0x0000000724800000| Untracked 
| 292|0x0000000724800000, 0x0000000724a00000, 0x0000000724a00000|100%| O|  |TAMS 0x0000000724a00000| PB 0x0000000724a00000| Untracked 
| 293|0x0000000724a00000, 0x0000000724c00000, 0x0000000724c00000|100%| O|  |TAMS 0x0000000724c00000| PB 0x0000000724c00000| Untracked 
| 294|0x0000000724c00000, 0x0000000724e00000, 0x0000000724e00000|100%| O|  |TAMS 0x0000000724e00000| PB 0x0000000724e00000| Untracked 
| 295|0x0000000724e00000, 0x0000000725000000, 0x0000000725000000|100%| O|  |TAMS 0x0000000725000000| PB 0x0000000725000000| Untracked 
| 296|0x0000000725000000, 0x0000000725200000, 0x0000000725200000|100%| O|  |TAMS 0x0000000725200000| PB 0x0000000725200000| Untracked 
| 297|0x0000000725200000, 0x0000000725400000, 0x0000000725400000|100%| O|  |TAMS 0x0000000725400000| PB 0x0000000725400000| Untracked 
| 298|0x0000000725400000, 0x0000000725600000, 0x0000000725600000|100%| O|  |TAMS 0x0000000725600000| PB 0x0000000725600000| Untracked 
| 299|0x0000000725600000, 0x0000000725800000, 0x0000000725800000|100%| O|  |TAMS 0x0000000725800000| PB 0x0000000725800000| Untracked 
| 300|0x0000000725800000, 0x0000000725a00000, 0x0000000725a00000|100%| O|  |TAMS 0x0000000725a00000| PB 0x0000000725a00000| Untracked 
| 301|0x0000000725a00000, 0x0000000725c00000, 0x0000000725c00000|100%| O|  |TAMS 0x0000000725c00000| PB 0x0000000725c00000| Untracked 
| 302|0x0000000725c00000, 0x0000000725e00000, 0x0000000725e00000|100%| O|  |TAMS 0x0000000725e00000| PB 0x0000000725e00000| Untracked 
| 303|0x0000000725e00000, 0x0000000726000000, 0x0000000726000000|100%| O|  |TAMS 0x0000000726000000| PB 0x0000000726000000| Untracked 
| 304|0x0000000726000000, 0x0000000726200000, 0x0000000726200000|100%| O|  |TAMS 0x0000000726200000| PB 0x0000000726200000| Untracked 
| 305|0x0000000726200000, 0x0000000726400000, 0x0000000726400000|100%| O|  |TAMS 0x0000000726400000| PB 0x0000000726400000| Untracked 
| 306|0x0000000726400000, 0x0000000726600000, 0x0000000726600000|100%| O|  |TAMS 0x0000000726600000| PB 0x0000000726600000| Untracked 
| 307|0x0000000726600000, 0x0000000726800000, 0x0000000726800000|100%| O|  |TAMS 0x0000000726800000| PB 0x0000000726800000| Untracked 
| 308|0x0000000726800000, 0x0000000726a00000, 0x0000000726a00000|100%| O|  |TAMS 0x0000000726a00000| PB 0x0000000726a00000| Untracked 
| 309|0x0000000726a00000, 0x0000000726c00000, 0x0000000726c00000|100%| O|  |TAMS 0x0000000726c00000| PB 0x0000000726c00000| Untracked 
| 310|0x0000000726c00000, 0x0000000726e00000, 0x0000000726e00000|100%| O|  |TAMS 0x0000000726e00000| PB 0x0000000726e00000| Untracked 
| 311|0x0000000726e00000, 0x0000000727000000, 0x0000000727000000|100%| O|  |TAMS 0x0000000727000000| PB 0x0000000727000000| Untracked 
| 312|0x0000000727000000, 0x0000000727200000, 0x0000000727200000|100%| O|  |TAMS 0x0000000727200000| PB 0x0000000727200000| Untracked 
| 313|0x0000000727200000, 0x0000000727400000, 0x0000000727400000|100%| O|  |TAMS 0x0000000727400000| PB 0x0000000727400000| Untracked 
| 314|0x0000000727400000, 0x0000000727600000, 0x0000000727600000|100%| O|  |TAMS 0x0000000727600000| PB 0x0000000727600000| Untracked 
| 315|0x0000000727600000, 0x0000000727800000, 0x0000000727800000|100%| O|  |TAMS 0x0000000727800000| PB 0x0000000727800000| Updating 
| 316|0x0000000727800000, 0x0000000727a00000, 0x0000000727a00000|100%| O|  |TAMS 0x0000000727a00000| PB 0x0000000727a00000| Untracked 
| 317|0x0000000727a00000, 0x0000000727c00000, 0x0000000727c00000|100%| O|  |TAMS 0x0000000727c00000| PB 0x0000000727c00000| Updating 
| 318|0x0000000727c00000, 0x0000000727e00000, 0x0000000727e00000|100%| O|  |TAMS 0x0000000727e00000| PB 0x0000000727e00000| Updating 
| 319|0x0000000727e00000, 0x0000000728000000, 0x0000000728000000|100%| O|  |TAMS 0x0000000728000000| PB 0x0000000728000000| Untracked 
| 320|0x0000000728000000, 0x0000000728200000, 0x0000000728200000|100%| O|  |TAMS 0x0000000728200000| PB 0x0000000728200000| Untracked 
| 321|0x0000000728200000, 0x0000000728400000, 0x0000000728400000|100%| O|  |TAMS 0x0000000728400000| PB 0x0000000728400000| Untracked 
| 322|0x0000000728400000, 0x0000000728600000, 0x0000000728600000|100%| O|  |TAMS 0x0000000728600000| PB 0x0000000728600000| Untracked 
| 323|0x0000000728600000, 0x0000000728800000, 0x0000000728800000|100%| O|  |TAMS 0x0000000728800000| PB 0x0000000728800000| Untracked 
| 324|0x0000000728800000, 0x0000000728a00000, 0x0000000728a00000|100%| O|  |TAMS 0x0000000728a00000| PB 0x0000000728a00000| Untracked 
| 325|0x0000000728a00000, 0x0000000728c00000, 0x0000000728c00000|100%| O|  |TAMS 0x0000000728c00000| PB 0x0000000728c00000| Untracked 
| 326|0x0000000728c00000, 0x0000000728e00000, 0x0000000728e00000|100%| O|  |TAMS 0x0000000728e00000| PB 0x0000000728e00000| Untracked 
| 327|0x0000000728e00000, 0x0000000729000000, 0x0000000729000000|100%| O|  |TAMS 0x0000000729000000| PB 0x0000000729000000| Updating 
| 328|0x0000000729000000, 0x0000000729200000, 0x0000000729200000|100%| O|  |TAMS 0x0000000729200000| PB 0x0000000729200000| Untracked 
| 329|0x0000000729200000, 0x0000000729400000, 0x0000000729400000|100%| O|  |TAMS 0x0000000729400000| PB 0x0000000729400000| Untracked 
| 330|0x0000000729400000, 0x0000000729600000, 0x0000000729600000|100%| O|  |TAMS 0x0000000729600000| PB 0x0000000729600000| Untracked 
| 331|0x0000000729600000, 0x0000000729800000, 0x0000000729800000|100%| O|  |TAMS 0x0000000729800000| PB 0x0000000729800000| Untracked 
| 332|0x0000000729800000, 0x0000000729a00000, 0x0000000729a00000|100%| O|  |TAMS 0x0000000729a00000| PB 0x0000000729a00000| Untracked 
| 333|0x0000000729a00000, 0x0000000729c00000, 0x0000000729c00000|100%| O|  |TAMS 0x0000000729c00000| PB 0x0000000729c00000| Untracked 
| 334|0x0000000729c00000, 0x0000000729e00000, 0x0000000729e00000|100%| O|  |TAMS 0x0000000729e00000| PB 0x0000000729e00000| Untracked 
| 335|0x0000000729e00000, 0x000000072a000000, 0x000000072a000000|100%| O|  |TAMS 0x000000072a000000| PB 0x000000072a000000| Untracked 
| 336|0x000000072a000000, 0x000000072a200000, 0x000000072a200000|100%| O|  |TAMS 0x000000072a200000| PB 0x000000072a200000| Untracked 
| 337|0x000000072a200000, 0x000000072a400000, 0x000000072a400000|100%| O|  |TAMS 0x000000072a400000| PB 0x000000072a400000| Untracked 
| 338|0x000000072a400000, 0x000000072a600000, 0x000000072a600000|100%| O|  |TAMS 0x000000072a600000| PB 0x000000072a600000| Untracked 
| 339|0x000000072a600000, 0x000000072a800000, 0x000000072a800000|100%| O|  |TAMS 0x000000072a800000| PB 0x000000072a800000| Untracked 
| 340|0x000000072a800000, 0x000000072aa00000, 0x000000072aa00000|100%| O|  |TAMS 0x000000072aa00000| PB 0x000000072aa00000| Untracked 
| 341|0x000000072aa00000, 0x000000072ac00000, 0x000000072ac00000|100%| O|  |TAMS 0x000000072ac00000| PB 0x000000072ac00000| Untracked 
| 342|0x000000072ac00000, 0x000000072ae00000, 0x000000072ae00000|100%| O|  |TAMS 0x000000072ae00000| PB 0x000000072ae00000| Untracked 
| 343|0x000000072ae00000, 0x000000072b000000, 0x000000072b000000|100%| O|  |TAMS 0x000000072b000000| PB 0x000000072b000000| Untracked 
| 344|0x000000072b000000, 0x000000072b200000, 0x000000072b200000|100%| O|  |TAMS 0x000000072b200000| PB 0x000000072b200000| Untracked 
| 345|0x000000072b200000, 0x000000072b400000, 0x000000072b400000|100%| O|  |TAMS 0x000000072b400000| PB 0x000000072b400000| Untracked 
| 346|0x000000072b400000, 0x000000072b600000, 0x000000072b600000|100%| O|  |TAMS 0x000000072b600000| PB 0x000000072b600000| Untracked 
| 347|0x000000072b600000, 0x000000072b800000, 0x000000072b800000|100%| O|  |TAMS 0x000000072b800000| PB 0x000000072b800000| Untracked 
| 348|0x000000072b800000, 0x000000072ba00000, 0x000000072ba00000|100%| O|  |TAMS 0x000000072ba00000| PB 0x000000072ba00000| Untracked 
| 349|0x000000072ba00000, 0x000000072bc00000, 0x000000072bc00000|100%| O|  |TAMS 0x000000072bc00000| PB 0x000000072bc00000| Updating 
| 350|0x000000072bc00000, 0x000000072be00000, 0x000000072be00000|100%| O|  |TAMS 0x000000072be00000| PB 0x000000072be00000| Updating 
| 351|0x000000072be00000, 0x000000072c000000, 0x000000072c000000|100%| O|  |TAMS 0x000000072c000000| PB 0x000000072c000000| Updating 
| 352|0x000000072c000000, 0x000000072c200000, 0x000000072c200000|100%| O|  |TAMS 0x000000072c200000| PB 0x000000072c200000| Updating 
| 353|0x000000072c200000, 0x000000072c400000, 0x000000072c400000|100%| O|  |TAMS 0x000000072c400000| PB 0x000000072c400000| Untracked 
| 354|0x000000072c400000, 0x000000072c600000, 0x000000072c600000|100%| O|  |TAMS 0x000000072c600000| PB 0x000000072c600000| Untracked 
| 355|0x000000072c600000, 0x000000072c800000, 0x000000072c800000|100%| O|  |TAMS 0x000000072c800000| PB 0x000000072c800000| Untracked 
| 356|0x000000072c800000, 0x000000072ca00000, 0x000000072ca00000|100%| O|  |TAMS 0x000000072ca00000| PB 0x000000072ca00000| Untracked 
| 357|0x000000072ca00000, 0x000000072cc00000, 0x000000072cc00000|100%| O|  |TAMS 0x000000072cc00000| PB 0x000000072cc00000| Untracked 
| 358|0x000000072cc00000, 0x000000072ce00000, 0x000000072ce00000|100%| O|  |TAMS 0x000000072ce00000| PB 0x000000072ce00000| Untracked 
| 359|0x000000072ce00000, 0x000000072d000000, 0x000000072d000000|100%| O|  |TAMS 0x000000072d000000| PB 0x000000072d000000| Untracked 
| 360|0x000000072d000000, 0x000000072d200000, 0x000000072d200000|100%| O|  |TAMS 0x000000072d200000| PB 0x000000072d200000| Untracked 
| 361|0x000000072d200000, 0x000000072d400000, 0x000000072d400000|100%| O|  |TAMS 0x000000072d400000| PB 0x000000072d400000| Untracked 
| 362|0x000000072d400000, 0x000000072d600000, 0x000000072d600000|100%| O|  |TAMS 0x000000072d600000| PB 0x000000072d600000| Untracked 
| 363|0x000000072d600000, 0x000000072d800000, 0x000000072d800000|100%| O|  |TAMS 0x000000072d800000| PB 0x000000072d800000| Untracked 
| 364|0x000000072d800000, 0x000000072da00000, 0x000000072da00000|100%| O|  |TAMS 0x000000072da00000| PB 0x000000072da00000| Updating 
| 365|0x000000072da00000, 0x000000072dc00000, 0x000000072dc00000|100%| O|  |TAMS 0x000000072dc00000| PB 0x000000072dc00000| Untracked 
| 366|0x000000072dc00000, 0x000000072de00000, 0x000000072de00000|100%| O|  |TAMS 0x000000072de00000| PB 0x000000072de00000| Untracked 
| 367|0x000000072de00000, 0x000000072e000000, 0x000000072e000000|100%| O|  |TAMS 0x000000072de00000| PB 0x000000072de00000| Untracked 
| 368|0x000000072e000000, 0x000000072e200000, 0x000000072e200000|100%| O|  |TAMS 0x000000072e200000| PB 0x000000072e200000| Updating 
| 369|0x000000072e200000, 0x000000072e400000, 0x000000072e400000|100%| O|  |TAMS 0x000000072e400000| PB 0x000000072e400000| Updating 
| 370|0x000000072e400000, 0x000000072e600000, 0x000000072e600000|100%| O|  |TAMS 0x000000072e600000| PB 0x000000072e600000| Untracked 
| 371|0x000000072e600000, 0x000000072e800000, 0x000000072e800000|100%| O|  |TAMS 0x000000072e800000| PB 0x000000072e800000| Updating 
| 372|0x000000072e800000, 0x000000072ea00000, 0x000000072ea00000|100%| O|  |TAMS 0x000000072ea00000| PB 0x000000072ea00000| Untracked 
| 373|0x000000072ea00000, 0x000000072ec00000, 0x000000072ec00000|100%| O|  |TAMS 0x000000072ec00000| PB 0x000000072ec00000| Updating 
| 374|0x000000072ec00000, 0x000000072ee00000, 0x000000072ee00000|100%| O|  |TAMS 0x000000072ee00000| PB 0x000000072ee00000| Updating 
| 375|0x000000072ee00000, 0x000000072f000000, 0x000000072f000000|100%| O|  |TAMS 0x000000072f000000| PB 0x000000072f000000| Untracked 
| 376|0x000000072f000000, 0x000000072f200000, 0x000000072f200000|100%| O|  |TAMS 0x000000072f200000| PB 0x000000072f200000| Updating 
| 377|0x000000072f200000, 0x000000072f400000, 0x000000072f400000|100%| O|  |TAMS 0x000000072f400000| PB 0x000000072f400000| Untracked 
| 378|0x000000072f400000, 0x000000072f600000, 0x000000072f600000|100%| O|  |TAMS 0x000000072f600000| PB 0x000000072f600000| Untracked 
| 379|0x000000072f600000, 0x000000072f800000, 0x000000072f800000|100%| O|  |TAMS 0x000000072f800000| PB 0x000000072f800000| Untracked 
| 380|0x000000072f800000, 0x000000072fa00000, 0x000000072fa00000|100%| O|  |TAMS 0x000000072fa00000| PB 0x000000072fa00000| Updating 
| 381|0x000000072fa00000, 0x000000072fc00000, 0x000000072fc00000|100%| O|  |TAMS 0x000000072fc00000| PB 0x000000072fc00000| Untracked 
| 382|0x000000072fc00000, 0x000000072fe00000, 0x000000072fe00000|100%| O|  |TAMS 0x000000072fe00000| PB 0x000000072fe00000| Untracked 
| 383|0x000000072fe00000, 0x0000000730000000, 0x0000000730000000|100%| O|  |TAMS 0x0000000730000000| PB 0x0000000730000000| Updating 
| 384|0x0000000730000000, 0x0000000730200000, 0x0000000730200000|100%| O|  |TAMS 0x0000000730200000| PB 0x0000000730200000| Untracked 
| 385|0x0000000730200000, 0x0000000730400000, 0x0000000730400000|100%| O|  |TAMS 0x0000000730400000| PB 0x0000000730400000| Updating 
| 386|0x0000000730400000, 0x0000000730600000, 0x0000000730600000|100%| O|  |TAMS 0x0000000730600000| PB 0x0000000730600000| Untracked 
| 387|0x0000000730600000, 0x0000000730800000, 0x0000000730800000|100%| O|  |TAMS 0x0000000730800000| PB 0x0000000730800000| Untracked 
| 388|0x0000000730800000, 0x0000000730a00000, 0x0000000730a00000|100%| O|  |TAMS 0x0000000730a00000| PB 0x0000000730a00000| Untracked 
| 389|0x0000000730a00000, 0x0000000730c00000, 0x0000000730c00000|100%| O|  |TAMS 0x0000000730c00000| PB 0x0000000730c00000| Untracked 
| 390|0x0000000730c00000, 0x0000000730e00000, 0x0000000730e00000|100%| O|  |TAMS 0x0000000730e00000| PB 0x0000000730e00000| Untracked 
| 391|0x0000000730e00000, 0x0000000731000000, 0x0000000731000000|100%| O|  |TAMS 0x0000000731000000| PB 0x0000000731000000| Untracked 
| 392|0x0000000731000000, 0x0000000731200000, 0x0000000731200000|100%| O|  |TAMS 0x0000000731200000| PB 0x0000000731200000| Updating 
| 393|0x0000000731200000, 0x0000000731400000, 0x0000000731400000|100%| O|  |TAMS 0x0000000731400000| PB 0x0000000731400000| Untracked 
| 394|0x0000000731400000, 0x0000000731600000, 0x0000000731600000|100%| O|  |TAMS 0x0000000731600000| PB 0x0000000731600000| Untracked 
| 395|0x0000000731600000, 0x0000000731800000, 0x0000000731800000|100%| O|  |TAMS 0x0000000731800000| PB 0x0000000731800000| Updating 
| 396|0x0000000731800000, 0x0000000731a00000, 0x0000000731a00000|100%| O|  |TAMS 0x0000000731a00000| PB 0x0000000731a00000| Untracked 
| 397|0x0000000731a00000, 0x0000000731c00000, 0x0000000731c00000|100%| O|  |TAMS 0x0000000731c00000| PB 0x0000000731c00000| Untracked 
| 398|0x0000000731c00000, 0x0000000731e00000, 0x0000000731e00000|100%| O|  |TAMS 0x0000000731e00000| PB 0x0000000731e00000| Untracked 
| 399|0x0000000731e00000, 0x0000000732000000, 0x0000000732000000|100%| O|  |TAMS 0x0000000732000000| PB 0x0000000732000000| Updating 
| 400|0x0000000732000000, 0x0000000732200000, 0x0000000732200000|100%| O|  |TAMS 0x0000000732200000| PB 0x0000000732200000| Updating 
| 401|0x0000000732200000, 0x0000000732400000, 0x0000000732400000|100%| O|  |TAMS 0x0000000732400000| PB 0x0000000732400000| Updating 
| 402|0x0000000732400000, 0x0000000732600000, 0x0000000732600000|100%| O|  |TAMS 0x0000000732600000| PB 0x0000000732600000| Updating 
| 403|0x0000000732600000, 0x0000000732800000, 0x0000000732800000|100%| O|  |TAMS 0x0000000732800000| PB 0x0000000732800000| Updating 
| 404|0x0000000732800000, 0x0000000732a00000, 0x0000000732a00000|100%| O|  |TAMS 0x0000000732a00000| PB 0x0000000732a00000| Updating 
| 405|0x0000000732a00000, 0x0000000732c00000, 0x0000000732c00000|100%| O|  |TAMS 0x0000000732c00000| PB 0x0000000732c00000| Updating 
| 406|0x0000000732c00000, 0x0000000732e00000, 0x0000000732e00000|100%| O|  |TAMS 0x0000000732e00000| PB 0x0000000732e00000| Updating 
| 407|0x0000000732e00000, 0x0000000733000000, 0x0000000733000000|100%| O|  |TAMS 0x0000000733000000| PB 0x0000000733000000| Updating 
| 408|0x0000000733000000, 0x0000000733200000, 0x0000000733200000|100%| O|  |TAMS 0x0000000733200000| PB 0x0000000733200000| Updating 
| 409|0x0000000733200000, 0x0000000733400000, 0x0000000733400000|100%| O|  |TAMS 0x0000000733200000| PB 0x0000000733200000| Untracked 
| 410|0x0000000733400000, 0x0000000733600000, 0x0000000733600000|100%| O|  |TAMS 0x0000000733600000| PB 0x0000000733600000| Updating 
| 411|0x0000000733600000, 0x0000000733800000, 0x0000000733800000|100%| O|  |TAMS 0x0000000733800000| PB 0x0000000733800000| Updating 
| 412|0x0000000733800000, 0x0000000733a00000, 0x0000000733a00000|100%| O|  |TAMS 0x0000000733a00000| PB 0x0000000733a00000| Updating 
| 413|0x0000000733a00000, 0x0000000733c00000, 0x0000000733c00000|100%| O|  |TAMS 0x0000000733c00000| PB 0x0000000733c00000| Untracked 
| 414|0x0000000733c00000, 0x0000000733e00000, 0x0000000733e00000|100%| O|  |TAMS 0x0000000733e00000| PB 0x0000000733e00000| Untracked 
| 415|0x0000000733e00000, 0x0000000734000000, 0x0000000734000000|100%| O|  |TAMS 0x0000000734000000| PB 0x0000000734000000| Untracked 
| 416|0x0000000734000000, 0x0000000734200000, 0x0000000734200000|100%| O|  |TAMS 0x0000000734200000| PB 0x0000000734200000| Untracked 
| 417|0x0000000734200000, 0x0000000734400000, 0x0000000734400000|100%| O|  |TAMS 0x0000000734400000| PB 0x0000000734400000| Untracked 
| 418|0x0000000734400000, 0x0000000734600000, 0x0000000734600000|100%| O|  |TAMS 0x0000000734600000| PB 0x0000000734600000| Untracked 
| 419|0x0000000734600000, 0x0000000734800000, 0x0000000734800000|100%| O|  |TAMS 0x0000000734800000| PB 0x0000000734800000| Updating 
| 420|0x0000000734800000, 0x0000000734a00000, 0x0000000734a00000|100%| O|  |TAMS 0x0000000734a00000| PB 0x0000000734a00000| Updating 
| 421|0x0000000734a00000, 0x0000000734c00000, 0x0000000734c00000|100%| O|  |TAMS 0x0000000734c00000| PB 0x0000000734c00000| Untracked 
| 422|0x0000000734c00000, 0x0000000734e00000, 0x0000000734e00000|100%| O|  |TAMS 0x0000000734e00000| PB 0x0000000734e00000| Updating 
| 423|0x0000000734e00000, 0x0000000735000000, 0x0000000735000000|100%| O|  |TAMS 0x0000000735000000| PB 0x0000000735000000| Updating 
| 424|0x0000000735000000, 0x0000000735200000, 0x0000000735200000|100%| O|  |TAMS 0x0000000735200000| PB 0x0000000735200000| Untracked 
| 425|0x0000000735200000, 0x0000000735400000, 0x0000000735400000|100%| O|  |TAMS 0x0000000735400000| PB 0x0000000735400000| Updating 
| 426|0x0000000735400000, 0x0000000735600000, 0x0000000735600000|100%| O|  |TAMS 0x0000000735600000| PB 0x0000000735600000| Untracked 
| 427|0x0000000735600000, 0x0000000735800000, 0x0000000735800000|100%| O|  |TAMS 0x0000000735800000| PB 0x0000000735800000| Untracked 
| 428|0x0000000735800000, 0x0000000735a00000, 0x0000000735a00000|100%| O|  |TAMS 0x0000000735a00000| PB 0x0000000735a00000| Untracked 
| 429|0x0000000735a00000, 0x0000000735c00000, 0x0000000735c00000|100%| O|  |TAMS 0x0000000735c00000| PB 0x0000000735c00000| Untracked 
| 430|0x0000000735c00000, 0x0000000735e00000, 0x0000000735e00000|100%| O|  |TAMS 0x0000000735e00000| PB 0x0000000735e00000| Untracked 
| 431|0x0000000735e00000, 0x0000000736000000, 0x0000000736000000|100%| O|  |TAMS 0x0000000736000000| PB 0x0000000736000000| Untracked 
| 432|0x0000000736000000, 0x0000000736200000, 0x0000000736200000|100%| O|  |TAMS 0x0000000736200000| PB 0x0000000736200000| Untracked 
| 433|0x0000000736200000, 0x0000000736400000, 0x0000000736400000|100%| O|  |TAMS 0x0000000736400000| PB 0x0000000736400000| Updating 
| 434|0x0000000736400000, 0x0000000736600000, 0x0000000736600000|100%| O|  |TAMS 0x0000000736600000| PB 0x0000000736600000| Untracked 
| 435|0x0000000736600000, 0x0000000736800000, 0x0000000736800000|100%| O|  |TAMS 0x0000000736800000| PB 0x0000000736800000| Untracked 
| 436|0x0000000736800000, 0x0000000736a00000, 0x0000000736a00000|100%| O|  |TAMS 0x0000000736a00000| PB 0x0000000736a00000| Untracked 
| 437|0x0000000736a00000, 0x0000000736c00000, 0x0000000736c00000|100%| O|  |TAMS 0x0000000736c00000| PB 0x0000000736c00000| Updating 
| 438|0x0000000736c00000, 0x0000000736e00000, 0x0000000736e00000|100%| O|  |TAMS 0x0000000736e00000| PB 0x0000000736e00000| Untracked 
| 439|0x0000000736e00000, 0x0000000737000000, 0x0000000737000000|100%| O|  |TAMS 0x0000000737000000| PB 0x0000000737000000| Untracked 
| 440|0x0000000737000000, 0x0000000737200000, 0x0000000737200000|100%| O|  |TAMS 0x0000000737200000| PB 0x0000000737200000| Untracked 
| 441|0x0000000737200000, 0x0000000737400000, 0x0000000737400000|100%| O|  |TAMS 0x0000000737400000| PB 0x0000000737400000| Untracked 
| 442|0x0000000737400000, 0x0000000737600000, 0x0000000737600000|100%| O|  |TAMS 0x0000000737600000| PB 0x0000000737600000| Untracked 
| 443|0x0000000737600000, 0x0000000737800000, 0x0000000737800000|100%| O|  |TAMS 0x0000000737800000| PB 0x0000000737800000| Untracked 
| 444|0x0000000737800000, 0x0000000737a00000, 0x0000000737a00000|100%| O|  |TAMS 0x0000000737a00000| PB 0x0000000737a00000| Untracked 
| 445|0x0000000737a00000, 0x0000000737c00000, 0x0000000737c00000|100%| O|  |TAMS 0x0000000737c00000| PB 0x0000000737c00000| Updating 
| 446|0x0000000737c00000, 0x0000000737e00000, 0x0000000737e00000|100%| O|  |TAMS 0x0000000737e00000| PB 0x0000000737e00000| Untracked 
| 447|0x0000000737e00000, 0x0000000738000000, 0x0000000738000000|100%| O|  |TAMS 0x0000000738000000| PB 0x0000000738000000| Untracked 
| 448|0x0000000738000000, 0x0000000738200000, 0x0000000738200000|100%| O|  |TAMS 0x0000000738200000| PB 0x0000000738200000| Untracked 
| 449|0x0000000738200000, 0x0000000738400000, 0x0000000738400000|100%| O|  |TAMS 0x0000000738400000| PB 0x0000000738400000| Untracked 
| 450|0x0000000738400000, 0x0000000738600000, 0x0000000738600000|100%| O|  |TAMS 0x0000000738600000| PB 0x0000000738600000| Untracked 
| 451|0x0000000738600000, 0x0000000738800000, 0x0000000738800000|100%| O|  |TAMS 0x0000000738800000| PB 0x0000000738800000| Untracked 
| 452|0x0000000738800000, 0x0000000738a00000, 0x0000000738a00000|100%| O|  |TAMS 0x0000000738a00000| PB 0x0000000738a00000| Untracked 
| 453|0x0000000738a00000, 0x0000000738c00000, 0x0000000738c00000|100%| O|  |TAMS 0x0000000738c00000| PB 0x0000000738c00000| Untracked 
| 454|0x0000000738c00000, 0x0000000738e00000, 0x0000000738e00000|100%| O|  |TAMS 0x0000000738e00000| PB 0x0000000738e00000| Updating 
| 455|0x0000000738e00000, 0x0000000739000000, 0x0000000739000000|100%| O|  |TAMS 0x0000000739000000| PB 0x0000000739000000| Untracked 
| 456|0x0000000739000000, 0x0000000739200000, 0x0000000739200000|100%| O|  |TAMS 0x0000000739200000| PB 0x0000000739200000| Untracked 
| 457|0x0000000739200000, 0x0000000739400000, 0x0000000739400000|100%| O|  |TAMS 0x0000000739400000| PB 0x0000000739400000| Untracked 
| 458|0x0000000739400000, 0x0000000739600000, 0x0000000739600000|100%| O|  |TAMS 0x0000000739600000| PB 0x0000000739600000| Untracked 
| 459|0x0000000739600000, 0x0000000739800000, 0x0000000739800000|100%| O|  |TAMS 0x0000000739800000| PB 0x0000000739800000| Updating 
| 460|0x0000000739800000, 0x0000000739a00000, 0x0000000739a00000|100%| O|  |TAMS 0x0000000739a00000| PB 0x0000000739a00000| Updating 
| 461|0x0000000739a00000, 0x0000000739c00000, 0x0000000739c00000|100%| O|  |TAMS 0x0000000739c00000| PB 0x0000000739c00000| Untracked 
| 462|0x0000000739c00000, 0x0000000739e00000, 0x0000000739e00000|100%| O|  |TAMS 0x0000000739e00000| PB 0x0000000739e00000| Untracked 
| 463|0x0000000739e00000, 0x000000073a000000, 0x000000073a000000|100%| O|  |TAMS 0x000000073a000000| PB 0x000000073a000000| Updating 
| 464|0x000000073a000000, 0x000000073a200000, 0x000000073a200000|100%| O|  |TAMS 0x000000073a200000| PB 0x000000073a200000| Updating 
| 465|0x000000073a200000, 0x000000073a400000, 0x000000073a400000|100%| O|  |TAMS 0x000000073a400000| PB 0x000000073a400000| Updating 
| 466|0x000000073a400000, 0x000000073a600000, 0x000000073a600000|100%| O|  |TAMS 0x000000073a600000| PB 0x000000073a600000| Updating 
| 467|0x000000073a600000, 0x000000073a800000, 0x000000073a800000|100%| O|  |TAMS 0x000000073a800000| PB 0x000000073a800000| Updating 
| 468|0x000000073a800000, 0x000000073aa00000, 0x000000073aa00000|100%| O|  |TAMS 0x000000073aa00000| PB 0x000000073aa00000| Untracked 
| 469|0x000000073aa00000, 0x000000073ac00000, 0x000000073ac00000|100%| O|  |TAMS 0x000000073ac00000| PB 0x000000073ac00000| Untracked 
| 470|0x000000073ac00000, 0x000000073ae00000, 0x000000073ae00000|100%| O|  |TAMS 0x000000073ae00000| PB 0x000000073ae00000| Untracked 
| 471|0x000000073ae00000, 0x000000073b000000, 0x000000073b000000|100%|HS|  |TAMS 0x000000073b000000| PB 0x000000073ae00000| Complete 
| 472|0x000000073b000000, 0x000000073b200000, 0x000000073b200000|100%| O|  |TAMS 0x000000073b200000| PB 0x000000073b200000| Updating 
| 473|0x000000073b200000, 0x000000073b400000, 0x000000073b400000|100%| O|  |TAMS 0x000000073b400000| PB 0x000000073b400000| Untracked 
| 474|0x000000073b400000, 0x000000073b600000, 0x000000073b600000|100%| O|  |TAMS 0x000000073b600000| PB 0x000000073b600000| Untracked 
| 475|0x000000073b600000, 0x000000073b800000, 0x000000073b800000|100%| O|  |TAMS 0x000000073b800000| PB 0x000000073b800000| Untracked 
| 476|0x000000073b800000, 0x000000073ba00000, 0x000000073ba00000|100%| O|  |TAMS 0x000000073ba00000| PB 0x000000073ba00000| Untracked 
| 477|0x000000073ba00000, 0x000000073bc00000, 0x000000073bc00000|100%| O|  |TAMS 0x000000073bc00000| PB 0x000000073bc00000| Untracked 
| 478|0x000000073bc00000, 0x000000073be00000, 0x000000073be00000|100%| O|  |TAMS 0x000000073be00000| PB 0x000000073be00000| Untracked 
| 479|0x000000073be00000, 0x000000073c000000, 0x000000073c000000|100%| O|  |TAMS 0x000000073c000000| PB 0x000000073c000000| Untracked 
| 480|0x000000073c000000, 0x000000073c200000, 0x000000073c200000|100%| O|  |TAMS 0x000000073c200000| PB 0x000000073c200000| Updating 
| 481|0x000000073c200000, 0x000000073c400000, 0x000000073c400000|100%| O|  |TAMS 0x000000073c400000| PB 0x000000073c400000| Updating 
| 482|0x000000073c400000, 0x000000073c600000, 0x000000073c600000|100%|HS|  |TAMS 0x000000073c600000| PB 0x000000073c400000| Complete 
| 483|0x000000073c600000, 0x000000073c800000, 0x000000073c800000|100%|HC|  |TAMS 0x000000073c800000| PB 0x000000073c600000| Complete 
| 484|0x000000073c800000, 0x000000073ca00000, 0x000000073ca00000|100%| O|  |TAMS 0x000000073ca00000| PB 0x000000073ca00000| Untracked 
| 485|0x000000073ca00000, 0x000000073cc00000, 0x000000073cc00000|100%| O|  |TAMS 0x000000073cc00000| PB 0x000000073cc00000| Untracked 
| 486|0x000000073cc00000, 0x000000073ce00000, 0x000000073ce00000|100%| O|  |TAMS 0x000000073ce00000| PB 0x000000073ce00000| Untracked 
| 487|0x000000073ce00000, 0x000000073d000000, 0x000000073d000000|100%| O|  |TAMS 0x000000073d000000| PB 0x000000073d000000| Untracked 
| 488|0x000000073d000000, 0x000000073d200000, 0x000000073d200000|100%| O|  |TAMS 0x000000073d200000| PB 0x000000073d200000| Untracked 
| 489|0x000000073d200000, 0x000000073d400000, 0x000000073d400000|100%| O|  |TAMS 0x000000073d400000| PB 0x000000073d400000| Untracked 
| 490|0x000000073d400000, 0x000000073d600000, 0x000000073d600000|100%| O|  |TAMS 0x000000073d600000| PB 0x000000073d600000| Untracked 
| 491|0x000000073d600000, 0x000000073d800000, 0x000000073d800000|100%| O|  |TAMS 0x000000073d800000| PB 0x000000073d800000| Untracked 
| 492|0x000000073d800000, 0x000000073da00000, 0x000000073da00000|100%| O|  |TAMS 0x000000073da00000| PB 0x000000073da00000| Untracked 
| 493|0x000000073da00000, 0x000000073dc00000, 0x000000073dc00000|100%| O|  |TAMS 0x000000073dc00000| PB 0x000000073dc00000| Untracked 
| 494|0x000000073dc00000, 0x000000073de00000, 0x000000073de00000|100%| O|  |TAMS 0x000000073de00000| PB 0x000000073de00000| Untracked 
| 495|0x000000073de00000, 0x000000073e000000, 0x000000073e000000|100%| O|  |TAMS 0x000000073e000000| PB 0x000000073e000000| Untracked 
| 496|0x000000073e000000, 0x000000073e200000, 0x000000073e200000|100%| O|  |TAMS 0x000000073e200000| PB 0x000000073e200000| Updating 
| 497|0x000000073e200000, 0x000000073e400000, 0x000000073e400000|100%| O|  |TAMS 0x000000073e400000| PB 0x000000073e400000| Untracked 
| 498|0x000000073e400000, 0x000000073e600000, 0x000000073e600000|100%| O|  |TAMS 0x000000073e600000| PB 0x000000073e600000| Untracked 
| 499|0x000000073e600000, 0x000000073e800000, 0x000000073e800000|100%| O|  |TAMS 0x000000073e800000| PB 0x000000073e800000| Untracked 
| 500|0x000000073e800000, 0x000000073ea00000, 0x000000073ea00000|100%| O|  |TAMS 0x000000073ea00000| PB 0x000000073ea00000| Untracked 
| 501|0x000000073ea00000, 0x000000073ec00000, 0x000000073ec00000|100%| O|  |TAMS 0x000000073ec00000| PB 0x000000073ec00000| Untracked 
| 502|0x000000073ec00000, 0x000000073ee00000, 0x000000073ee00000|100%| O|  |TAMS 0x000000073ee00000| PB 0x000000073ee00000| Untracked 
| 503|0x000000073ee00000, 0x000000073f000000, 0x000000073f000000|100%| O|  |TAMS 0x000000073f000000| PB 0x000000073f000000| Untracked 
| 504|0x000000073f000000, 0x000000073f200000, 0x000000073f200000|100%| O|  |TAMS 0x000000073f200000| PB 0x000000073f200000| Untracked 
| 505|0x000000073f200000, 0x000000073f400000, 0x000000073f400000|100%| O|  |TAMS 0x000000073f400000| PB 0x000000073f400000| Untracked 
| 506|0x000000073f400000, 0x000000073f600000, 0x000000073f600000|100%| O|  |TAMS 0x000000073f600000| PB 0x000000073f600000| Untracked 
| 507|0x000000073f600000, 0x000000073f800000, 0x000000073f800000|100%| O|  |TAMS 0x000000073f800000| PB 0x000000073f800000| Untracked 
| 508|0x000000073f800000, 0x000000073fa00000, 0x000000073fa00000|100%| O|  |TAMS 0x000000073fa00000| PB 0x000000073fa00000| Untracked 
| 509|0x000000073fa00000, 0x000000073fc00000, 0x000000073fc00000|100%| O|  |TAMS 0x000000073fc00000| PB 0x000000073fc00000| Untracked 
| 510|0x000000073fc00000, 0x000000073fe00000, 0x000000073fe00000|100%| O|  |TAMS 0x000000073fe00000| PB 0x000000073fe00000| Untracked 
| 511|0x000000073fe00000, 0x0000000740000000, 0x0000000740000000|100%| O|  |TAMS 0x0000000740000000| PB 0x0000000740000000| Updating 
| 512|0x0000000740000000, 0x0000000740200000, 0x0000000740200000|100%| O|  |TAMS 0x0000000740200000| PB 0x0000000740200000| Updating 
| 513|0x0000000740200000, 0x0000000740400000, 0x0000000740400000|100%| O|  |TAMS 0x0000000740400000| PB 0x0000000740400000| Untracked 
| 514|0x0000000740400000, 0x0000000740600000, 0x0000000740600000|100%| O|  |TAMS 0x0000000740600000| PB 0x0000000740600000| Untracked 
| 515|0x0000000740600000, 0x0000000740800000, 0x0000000740800000|100%| O|  |TAMS 0x0000000740800000| PB 0x0000000740800000| Untracked 
| 516|0x0000000740800000, 0x0000000740a00000, 0x0000000740a00000|100%| O|  |TAMS 0x0000000740a00000| PB 0x0000000740a00000| Untracked 
| 517|0x0000000740a00000, 0x0000000740c00000, 0x0000000740c00000|100%| O|  |TAMS 0x0000000740c00000| PB 0x0000000740c00000| Updating 
| 518|0x0000000740c00000, 0x0000000740e00000, 0x0000000740e00000|100%| O|  |TAMS 0x0000000740e00000| PB 0x0000000740e00000| Untracked 
| 519|0x0000000740e00000, 0x0000000741000000, 0x0000000741000000|100%| O|  |TAMS 0x0000000741000000| PB 0x0000000741000000| Untracked 
| 520|0x0000000741000000, 0x0000000741200000, 0x0000000741200000|100%| O|  |TAMS 0x0000000741200000| PB 0x0000000741200000| Untracked 
| 521|0x0000000741200000, 0x0000000741400000, 0x0000000741400000|100%| O|  |TAMS 0x0000000741400000| PB 0x0000000741400000| Updating 
| 522|0x0000000741400000, 0x0000000741600000, 0x0000000741600000|100%| O|  |TAMS 0x0000000741600000| PB 0x0000000741600000| Untracked 
| 523|0x0000000741600000, 0x0000000741800000, 0x0000000741800000|100%| O|  |TAMS 0x0000000741800000| PB 0x0000000741800000| Untracked 
| 524|0x0000000741800000, 0x0000000741a00000, 0x0000000741a00000|100%| O|  |TAMS 0x0000000741a00000| PB 0x0000000741a00000| Untracked 
| 525|0x0000000741a00000, 0x0000000741c00000, 0x0000000741c00000|100%| O|  |TAMS 0x0000000741c00000| PB 0x0000000741c00000| Untracked 
| 526|0x0000000741c00000, 0x0000000741e00000, 0x0000000741e00000|100%| O|  |TAMS 0x0000000741e00000| PB 0x0000000741e00000| Untracked 
| 527|0x0000000741e00000, 0x0000000742000000, 0x0000000742000000|100%| O|  |TAMS 0x0000000742000000| PB 0x0000000742000000| Untracked 
| 528|0x0000000742000000, 0x0000000742200000, 0x0000000742200000|100%| O|  |TAMS 0x0000000742200000| PB 0x0000000742200000| Untracked 
| 529|0x0000000742200000, 0x0000000742400000, 0x0000000742400000|100%| O|  |TAMS 0x0000000742400000| PB 0x0000000742400000| Untracked 
| 530|0x0000000742400000, 0x0000000742600000, 0x0000000742600000|100%| O|  |TAMS 0x0000000742600000| PB 0x0000000742600000| Untracked 
| 531|0x0000000742600000, 0x0000000742800000, 0x0000000742800000|100%| O|  |TAMS 0x0000000742800000| PB 0x0000000742800000| Untracked 
| 532|0x0000000742800000, 0x0000000742a00000, 0x0000000742a00000|100%| O|  |TAMS 0x0000000742a00000| PB 0x0000000742a00000| Untracked 
| 533|0x0000000742a00000, 0x0000000742c00000, 0x0000000742c00000|100%| O|  |TAMS 0x0000000742c00000| PB 0x0000000742c00000| Untracked 
| 534|0x0000000742c00000, 0x0000000742e00000, 0x0000000742e00000|100%| O|  |TAMS 0x0000000742e00000| PB 0x0000000742e00000| Untracked 
| 535|0x0000000742e00000, 0x0000000743000000, 0x0000000743000000|100%| O|  |TAMS 0x0000000743000000| PB 0x0000000743000000| Untracked 
| 536|0x0000000743000000, 0x0000000743200000, 0x0000000743200000|100%| O|  |TAMS 0x0000000743200000| PB 0x0000000743200000| Untracked 
| 537|0x0000000743200000, 0x0000000743400000, 0x0000000743400000|100%| O|  |TAMS 0x0000000743400000| PB 0x0000000743400000| Untracked 
| 538|0x0000000743400000, 0x0000000743600000, 0x0000000743600000|100%| O|  |TAMS 0x0000000743600000| PB 0x0000000743600000| Untracked 
| 539|0x0000000743600000, 0x0000000743800000, 0x0000000743800000|100%| O|  |TAMS 0x0000000743800000| PB 0x0000000743800000| Untracked 
| 540|0x0000000743800000, 0x0000000743a00000, 0x0000000743a00000|100%| O|  |TAMS 0x0000000743a00000| PB 0x0000000743a00000| Untracked 
| 541|0x0000000743a00000, 0x0000000743c00000, 0x0000000743c00000|100%| O|  |TAMS 0x0000000743c00000| PB 0x0000000743c00000| Untracked 
| 542|0x0000000743c00000, 0x0000000743e00000, 0x0000000743e00000|100%| O|  |TAMS 0x0000000743e00000| PB 0x0000000743e00000| Untracked 
| 543|0x0000000743e00000, 0x0000000744000000, 0x0000000744000000|100%| O|  |TAMS 0x0000000744000000| PB 0x0000000744000000| Untracked 
| 544|0x0000000744000000, 0x0000000744200000, 0x0000000744200000|100%| O|  |TAMS 0x0000000744200000| PB 0x0000000744200000| Untracked 
| 545|0x0000000744200000, 0x0000000744400000, 0x0000000744400000|100%| O|  |TAMS 0x0000000744400000| PB 0x0000000744400000| Untracked 
| 546|0x0000000744400000, 0x0000000744600000, 0x0000000744600000|100%| O|  |TAMS 0x0000000744600000| PB 0x0000000744600000| Untracked 
| 547|0x0000000744600000, 0x0000000744800000, 0x0000000744800000|100%| O|  |TAMS 0x0000000744800000| PB 0x0000000744800000| Untracked 
| 548|0x0000000744800000, 0x0000000744a00000, 0x0000000744a00000|100%| O|  |TAMS 0x0000000744a00000| PB 0x0000000744a00000| Untracked 
| 549|0x0000000744a00000, 0x0000000744c00000, 0x0000000744c00000|100%| O|  |TAMS 0x0000000744c00000| PB 0x0000000744c00000| Untracked 
| 550|0x0000000744c00000, 0x0000000744e00000, 0x0000000744e00000|100%| O|  |TAMS 0x0000000744e00000| PB 0x0000000744e00000| Updating 
| 551|0x0000000744e00000, 0x0000000745000000, 0x0000000745000000|100%| O|  |TAMS 0x0000000745000000| PB 0x0000000745000000| Untracked 
| 552|0x0000000745000000, 0x0000000745200000, 0x0000000745200000|100%| O|  |TAMS 0x0000000745200000| PB 0x0000000745200000| Updating 
| 553|0x0000000745200000, 0x0000000745400000, 0x0000000745400000|100%| O|  |TAMS 0x0000000745400000| PB 0x0000000745400000| Untracked 
| 554|0x0000000745400000, 0x0000000745600000, 0x0000000745600000|100%| O|  |TAMS 0x0000000745600000| PB 0x0000000745600000| Untracked 
| 555|0x0000000745600000, 0x0000000745800000, 0x0000000745800000|100%| O|  |TAMS 0x0000000745800000| PB 0x0000000745800000| Updating 
| 556|0x0000000745800000, 0x0000000745a00000, 0x0000000745a00000|100%| O|  |TAMS 0x0000000745a00000| PB 0x0000000745a00000| Untracked 
| 557|0x0000000745a00000, 0x0000000745c00000, 0x0000000745c00000|100%| O|  |TAMS 0x0000000745c00000| PB 0x0000000745c00000| Updating 
| 558|0x0000000745c00000, 0x0000000745e00000, 0x0000000745e00000|100%| O|  |TAMS 0x0000000745e00000| PB 0x0000000745e00000| Updating 
| 559|0x0000000745e00000, 0x0000000746000000, 0x0000000746000000|100%| O|  |TAMS 0x0000000746000000| PB 0x0000000746000000| Updating 
| 560|0x0000000746000000, 0x0000000746200000, 0x0000000746200000|100%|HS|  |TAMS 0x0000000746200000| PB 0x0000000746000000| Complete 
| 561|0x0000000746200000, 0x0000000746400000, 0x0000000746400000|100%|HC|  |TAMS 0x0000000746400000| PB 0x0000000746200000| Complete 
| 562|0x0000000746400000, 0x0000000746600000, 0x0000000746600000|100%| O|  |TAMS 0x0000000746600000| PB 0x0000000746600000| Untracked 
| 563|0x0000000746600000, 0x0000000746800000, 0x0000000746800000|100%| O|  |TAMS 0x0000000746800000| PB 0x0000000746800000| Untracked 
| 564|0x0000000746800000, 0x0000000746a00000, 0x0000000746a00000|100%| O|  |TAMS 0x0000000746a00000| PB 0x0000000746a00000| Untracked 
| 565|0x0000000746a00000, 0x0000000746c00000, 0x0000000746c00000|100%| O|  |TAMS 0x0000000746c00000| PB 0x0000000746c00000| Untracked 
| 566|0x0000000746c00000, 0x0000000746e00000, 0x0000000746e00000|100%| O|  |TAMS 0x0000000746e00000| PB 0x0000000746e00000| Untracked 
| 567|0x0000000746e00000, 0x0000000747000000, 0x0000000747000000|100%|HS|  |TAMS 0x0000000747000000| PB 0x0000000746e00000| Complete 
| 568|0x0000000747000000, 0x0000000747200000, 0x0000000747200000|100%|HC|  |TAMS 0x0000000747200000| PB 0x0000000747000000| Complete 
| 569|0x0000000747200000, 0x0000000747400000, 0x0000000747400000|100%|HC|  |TAMS 0x0000000747400000| PB 0x0000000747200000| Complete 
| 570|0x0000000747400000, 0x0000000747600000, 0x0000000747600000|100%|HC|  |TAMS 0x0000000747600000| PB 0x0000000747400000| Complete 
| 571|0x0000000747600000, 0x0000000747800000, 0x0000000747800000|100%| O|  |TAMS 0x0000000747800000| PB 0x0000000747800000| Untracked 
| 572|0x0000000747800000, 0x0000000747a00000, 0x0000000747a00000|100%| O|  |TAMS 0x0000000747a00000| PB 0x0000000747a00000| Untracked 
| 573|0x0000000747a00000, 0x0000000747c00000, 0x0000000747c00000|100%| O|  |TAMS 0x0000000747c00000| PB 0x0000000747c00000| Untracked 
| 574|0x0000000747c00000, 0x0000000747e00000, 0x0000000747e00000|100%| O|  |TAMS 0x0000000747e00000| PB 0x0000000747e00000| Untracked 
| 575|0x0000000747e00000, 0x0000000748000000, 0x0000000748000000|100%| O|  |TAMS 0x0000000748000000| PB 0x0000000748000000| Untracked 
| 576|0x0000000748000000, 0x0000000748200000, 0x0000000748200000|100%| O|  |TAMS 0x0000000748200000| PB 0x0000000748200000| Untracked 
| 577|0x0000000748200000, 0x0000000748400000, 0x0000000748400000|100%| O|  |TAMS 0x0000000748400000| PB 0x0000000748400000| Untracked 
| 578|0x0000000748400000, 0x0000000748600000, 0x0000000748600000|100%| O|  |TAMS 0x0000000748600000| PB 0x0000000748600000| Untracked 
| 579|0x0000000748600000, 0x0000000748800000, 0x0000000748800000|100%| O|  |TAMS 0x0000000748800000| PB 0x0000000748800000| Untracked 
| 580|0x0000000748800000, 0x0000000748a00000, 0x0000000748a00000|100%| O|  |TAMS 0x0000000748a00000| PB 0x0000000748a00000| Untracked 
| 581|0x0000000748a00000, 0x0000000748c00000, 0x0000000748c00000|100%| O|  |TAMS 0x0000000748c00000| PB 0x0000000748c00000| Untracked 
| 582|0x0000000748c00000, 0x0000000748e00000, 0x0000000748e00000|100%| O|  |TAMS 0x0000000748e00000| PB 0x0000000748e00000| Untracked 
| 583|0x0000000748e00000, 0x0000000749000000, 0x0000000749000000|100%| O|  |TAMS 0x0000000749000000| PB 0x0000000749000000| Untracked 
| 584|0x0000000749000000, 0x0000000749200000, 0x0000000749200000|100%| O|  |TAMS 0x0000000749200000| PB 0x0000000749200000| Untracked 
| 585|0x0000000749200000, 0x0000000749400000, 0x0000000749400000|100%| O|  |TAMS 0x0000000749400000| PB 0x0000000749400000| Untracked 
| 586|0x0000000749400000, 0x0000000749600000, 0x0000000749600000|100%| O|  |TAMS 0x0000000749600000| PB 0x0000000749600000| Untracked 
| 587|0x0000000749600000, 0x0000000749800000, 0x0000000749800000|100%| O|  |TAMS 0x0000000749800000| PB 0x0000000749800000| Untracked 
| 588|0x0000000749800000, 0x0000000749a00000, 0x0000000749a00000|100%| O|  |TAMS 0x0000000749800000| PB 0x0000000749800000| Untracked 
| 589|0x0000000749a00000, 0x0000000749c00000, 0x0000000749c00000|100%| O|  |TAMS 0x0000000749c00000| PB 0x0000000749c00000| Untracked 
| 590|0x0000000749c00000, 0x0000000749e00000, 0x0000000749e00000|100%| O|  |TAMS 0x0000000749e00000| PB 0x0000000749e00000| Untracked 
| 591|0x0000000749e00000, 0x000000074a000000, 0x000000074a000000|100%| O|  |TAMS 0x000000074a000000| PB 0x000000074a000000| Updating 
| 592|0x000000074a000000, 0x000000074a200000, 0x000000074a200000|100%| O|  |TAMS 0x000000074a200000| PB 0x000000074a200000| Updating 
| 593|0x000000074a200000, 0x000000074a400000, 0x000000074a400000|100%| O|  |TAMS 0x000000074a400000| PB 0x000000074a400000| Updating 
| 594|0x000000074a400000, 0x000000074a600000, 0x000000074a600000|100%| O|  |TAMS 0x000000074a600000| PB 0x000000074a600000| Updating 
| 595|0x000000074a600000, 0x000000074a800000, 0x000000074a800000|100%| O|  |TAMS 0x000000074a800000| PB 0x000000074a800000| Updating 
| 596|0x000000074a800000, 0x000000074aa00000, 0x000000074aa00000|100%| O|  |TAMS 0x000000074aa00000| PB 0x000000074aa00000| Untracked 
| 597|0x000000074aa00000, 0x000000074ac00000, 0x000000074ac00000|100%| O|  |TAMS 0x000000074ac00000| PB 0x000000074ac00000| Updating 
| 598|0x000000074ac00000, 0x000000074ae00000, 0x000000074ae00000|100%| O|  |TAMS 0x000000074ae00000| PB 0x000000074ae00000| Untracked 
| 599|0x000000074ae00000, 0x000000074b000000, 0x000000074b000000|100%| O|  |TAMS 0x000000074b000000| PB 0x000000074b000000| Untracked 
| 600|0x000000074b000000, 0x000000074b200000, 0x000000074b200000|100%| O|  |TAMS 0x000000074b200000| PB 0x000000074b200000| Updating 
| 601|0x000000074b200000, 0x000000074b400000, 0x000000074b400000|100%| O|  |TAMS 0x000000074b400000| PB 0x000000074b400000| Updating 
| 602|0x000000074b400000, 0x000000074b600000, 0x000000074b600000|100%| O|  |TAMS 0x000000074b600000| PB 0x000000074b600000| Updating 
| 603|0x000000074b600000, 0x000000074b800000, 0x000000074b800000|100%| O|  |TAMS 0x000000074b600000| PB 0x000000074b600000| Untracked 
| 604|0x000000074b800000, 0x000000074ba00000, 0x000000074ba00000|100%| O|  |TAMS 0x000000074ba00000| PB 0x000000074ba00000| Untracked 
| 605|0x000000074ba00000, 0x000000074bc00000, 0x000000074bc00000|100%| O|  |TAMS 0x000000074bc00000| PB 0x000000074bc00000| Untracked 
| 606|0x000000074bc00000, 0x000000074be00000, 0x000000074be00000|100%| O|  |TAMS 0x000000074be00000| PB 0x000000074be00000| Updating 
| 607|0x000000074be00000, 0x000000074be00000, 0x000000074c000000|  0%| F|  |TAMS 0x000000074be00000| PB 0x000000074be00000| Untracked 
| 608|0x000000074c000000, 0x000000074c000000, 0x000000074c200000|  0%| F|  |TAMS 0x000000074c000000| PB 0x000000074c000000| Untracked 
| 609|0x000000074c200000, 0x000000074c200000, 0x000000074c400000|  0%| F|  |TAMS 0x000000074c200000| PB 0x000000074c200000| Untracked 
| 610|0x000000074c400000, 0x000000074c400000, 0x000000074c600000|  0%| F|  |TAMS 0x000000074c400000| PB 0x000000074c400000| Untracked 
| 611|0x000000074c600000, 0x000000074c600000, 0x000000074c800000|  0%| F|  |TAMS 0x000000074c600000| PB 0x000000074c600000| Untracked 
| 612|0x000000074c800000, 0x000000074c800000, 0x000000074ca00000|  0%| F|  |TAMS 0x000000074c800000| PB 0x000000074c800000| Untracked 
| 613|0x000000074ca00000, 0x000000074ca00000, 0x000000074cc00000|  0%| F|  |TAMS 0x000000074ca00000| PB 0x000000074ca00000| Untracked 
| 614|0x000000074cc00000, 0x000000074cc00000, 0x000000074ce00000|  0%| F|  |TAMS 0x000000074cc00000| PB 0x000000074cc00000| Untracked 
| 615|0x000000074ce00000, 0x000000074d000000, 0x000000074d000000|100%|HS|  |TAMS 0x000000074d000000| PB 0x000000074ce00000| Complete 
| 616|0x000000074d000000, 0x000000074d200000, 0x000000074d200000|100%|HC|  |TAMS 0x000000074d200000| PB 0x000000074d000000| Complete 
| 617|0x000000074d200000, 0x000000074d200000, 0x000000074d400000|  0%| F|  |TAMS 0x000000074d200000| PB 0x000000074d200000| Untracked 
| 618|0x000000074d400000, 0x000000074d400000, 0x000000074d600000|  0%| F|  |TAMS 0x000000074d400000| PB 0x000000074d400000| Untracked 
| 619|0x000000074d600000, 0x000000074d600000, 0x000000074d800000|  0%| F|  |TAMS 0x000000074d600000| PB 0x000000074d600000| Untracked 
| 620|0x000000074d800000, 0x000000074da00000, 0x000000074da00000|100%| O|  |TAMS 0x000000074da00000| PB 0x000000074da00000| Untracked 
| 621|0x000000074da00000, 0x000000074dc00000, 0x000000074dc00000|100%| O|  |TAMS 0x000000074dc00000| PB 0x000000074dc00000| Updating 
| 622|0x000000074dc00000, 0x000000074de00000, 0x000000074de00000|100%| O|  |TAMS 0x000000074de00000| PB 0x000000074de00000| Updating 
| 623|0x000000074de00000, 0x000000074e000000, 0x000000074e000000|100%| O|  |TAMS 0x000000074e000000| PB 0x000000074e000000| Untracked 
| 624|0x000000074e000000, 0x000000074e200000, 0x000000074e200000|100%| O|  |TAMS 0x000000074e200000| PB 0x000000074e200000| Updating 
| 625|0x000000074e200000, 0x000000074e400000, 0x000000074e400000|100%| O|  |TAMS 0x000000074e200000| PB 0x000000074e200000| Untracked 
| 626|0x000000074e400000, 0x000000074e600000, 0x000000074e600000|100%| O|  |TAMS 0x000000074e600000| PB 0x000000074e600000| Updating 
| 627|0x000000074e600000, 0x000000074e800000, 0x000000074e800000|100%| O|  |TAMS 0x000000074e800000| PB 0x000000074e800000| Updating 
| 628|0x000000074e800000, 0x000000074ea00000, 0x000000074ea00000|100%| O|  |TAMS 0x000000074ea00000| PB 0x000000074ea00000| Updating 
| 629|0x000000074ea00000, 0x000000074ec00000, 0x000000074ec00000|100%| O|  |TAMS 0x000000074ec00000| PB 0x000000074ec00000| Untracked 
| 630|0x000000074ec00000, 0x000000074ee00000, 0x000000074ee00000|100%| O|  |TAMS 0x000000074ee00000| PB 0x000000074ee00000| Untracked 
| 631|0x000000074ee00000, 0x000000074f000000, 0x000000074f000000|100%| O|  |TAMS 0x000000074f000000| PB 0x000000074f000000| Untracked 
| 632|0x000000074f000000, 0x000000074f200000, 0x000000074f200000|100%| O|  |TAMS 0x000000074f200000| PB 0x000000074f200000| Untracked 
| 633|0x000000074f200000, 0x000000074f400000, 0x000000074f400000|100%| O|  |TAMS 0x000000074f400000| PB 0x000000074f400000| Updating 
| 634|0x000000074f400000, 0x000000074f600000, 0x000000074f600000|100%| O|  |TAMS 0x000000074f600000| PB 0x000000074f600000| Updating 
| 635|0x000000074f600000, 0x000000074f800000, 0x000000074f800000|100%| O|  |TAMS 0x000000074f800000| PB 0x000000074f800000| Updating 
| 636|0x000000074f800000, 0x000000074fa00000, 0x000000074fa00000|100%| O|  |TAMS 0x000000074fa00000| PB 0x000000074fa00000| Updating 
| 637|0x000000074fa00000, 0x000000074fc00000, 0x000000074fc00000|100%| O|  |TAMS 0x000000074fc00000| PB 0x000000074fc00000| Updating 
| 638|0x000000074fc00000, 0x000000074fe00000, 0x000000074fe00000|100%| O|  |TAMS 0x000000074fe00000| PB 0x000000074fe00000| Updating 
| 639|0x000000074fe00000, 0x0000000750000000, 0x0000000750000000|100%| O|  |TAMS 0x0000000750000000| PB 0x0000000750000000| Untracked 
| 640|0x0000000750000000, 0x0000000750200000, 0x0000000750200000|100%| O|  |TAMS 0x0000000750200000| PB 0x0000000750200000| Untracked 
| 641|0x0000000750200000, 0x0000000750400000, 0x0000000750400000|100%| O|  |TAMS 0x0000000750400000| PB 0x0000000750400000| Untracked 
| 642|0x0000000750400000, 0x0000000750600000, 0x0000000750600000|100%| O|  |TAMS 0x0000000750600000| PB 0x0000000750600000| Untracked 
| 643|0x0000000750600000, 0x0000000750800000, 0x0000000750800000|100%| O|  |TAMS 0x0000000750800000| PB 0x0000000750800000| Untracked 
| 644|0x0000000750800000, 0x0000000750a00000, 0x0000000750a00000|100%| O|  |TAMS 0x0000000750a00000| PB 0x0000000750a00000| Untracked 
| 645|0x0000000750a00000, 0x0000000750c00000, 0x0000000750c00000|100%| O|  |TAMS 0x0000000750c00000| PB 0x0000000750c00000| Untracked 
| 646|0x0000000750c00000, 0x0000000750e00000, 0x0000000750e00000|100%| O|  |TAMS 0x0000000750e00000| PB 0x0000000750e00000| Updating 
| 647|0x0000000750e00000, 0x0000000751000000, 0x0000000751000000|100%| O|  |TAMS 0x0000000751000000| PB 0x0000000751000000| Untracked 
| 648|0x0000000751000000, 0x0000000751200000, 0x0000000751200000|100%| O|  |TAMS 0x0000000751200000| PB 0x0000000751200000| Updating 
| 649|0x0000000751200000, 0x0000000751400000, 0x0000000751400000|100%| O|  |TAMS 0x0000000751400000| PB 0x0000000751400000| Untracked 
| 650|0x0000000751400000, 0x0000000751600000, 0x0000000751600000|100%| O|  |TAMS 0x0000000751600000| PB 0x0000000751600000| Updating 
| 651|0x0000000751600000, 0x0000000751800000, 0x0000000751800000|100%| O|  |TAMS 0x0000000751800000| PB 0x0000000751800000| Untracked 
| 652|0x0000000751800000, 0x0000000751a00000, 0x0000000751a00000|100%| O|  |TAMS 0x0000000751a00000| PB 0x0000000751a00000| Untracked 
| 653|0x0000000751a00000, 0x0000000751c00000, 0x0000000751c00000|100%| O|  |TAMS 0x0000000751c00000| PB 0x0000000751c00000| Updating 
| 654|0x0000000751c00000, 0x0000000751e00000, 0x0000000751e00000|100%| O|  |TAMS 0x0000000751e00000| PB 0x0000000751e00000| Updating 
| 655|0x0000000751e00000, 0x0000000752000000, 0x0000000752000000|100%| O|  |TAMS 0x0000000752000000| PB 0x0000000752000000| Untracked 
| 656|0x0000000752000000, 0x0000000752200000, 0x0000000752200000|100%| O|  |TAMS 0x0000000752200000| PB 0x0000000752200000| Untracked 
| 657|0x0000000752200000, 0x0000000752400000, 0x0000000752400000|100%| O|  |TAMS 0x0000000752400000| PB 0x0000000752400000| Untracked 
| 658|0x0000000752400000, 0x0000000752600000, 0x0000000752600000|100%| O|  |TAMS 0x0000000752600000| PB 0x0000000752600000| Updating 
| 659|0x0000000752600000, 0x0000000752800000, 0x0000000752800000|100%| O|  |TAMS 0x0000000752800000| PB 0x0000000752800000| Untracked 
| 660|0x0000000752800000, 0x0000000752a00000, 0x0000000752a00000|100%| O|  |TAMS 0x0000000752a00000| PB 0x0000000752a00000| Updating 
| 661|0x0000000752a00000, 0x0000000752c00000, 0x0000000752c00000|100%| O|  |TAMS 0x0000000752c00000| PB 0x0000000752c00000| Untracked 
| 662|0x0000000752c00000, 0x0000000752e00000, 0x0000000752e00000|100%| O|  |TAMS 0x0000000752c00000| PB 0x0000000752c00000| Untracked 
| 663|0x0000000752e00000, 0x0000000753000000, 0x0000000753000000|100%| O|  |TAMS 0x0000000753000000| PB 0x0000000753000000| Untracked 
| 664|0x0000000753000000, 0x0000000753200000, 0x0000000753200000|100%| O|  |TAMS 0x0000000753200000| PB 0x0000000753200000| Untracked 
| 665|0x0000000753200000, 0x0000000753400000, 0x0000000753400000|100%| O|  |TAMS 0x0000000753400000| PB 0x0000000753400000| Untracked 
| 666|0x0000000753400000, 0x0000000753600000, 0x0000000753600000|100%| O|  |TAMS 0x0000000753600000| PB 0x0000000753600000| Updating 
| 667|0x0000000753600000, 0x0000000753800000, 0x0000000753800000|100%| O|  |TAMS 0x0000000753800000| PB 0x0000000753800000| Untracked 
| 668|0x0000000753800000, 0x0000000753a00000, 0x0000000753a00000|100%| O|  |TAMS 0x0000000753a00000| PB 0x0000000753a00000| Updating 
| 669|0x0000000753a00000, 0x0000000753c00000, 0x0000000753c00000|100%| O|  |TAMS 0x0000000753c00000| PB 0x0000000753c00000| Untracked 
| 670|0x0000000753c00000, 0x0000000753e00000, 0x0000000753e00000|100%| O|  |TAMS 0x0000000753e00000| PB 0x0000000753e00000| Updating 
| 671|0x0000000753e00000, 0x0000000754000000, 0x0000000754000000|100%| O|  |TAMS 0x0000000754000000| PB 0x0000000754000000| Updating 
| 672|0x0000000754000000, 0x0000000754200000, 0x0000000754200000|100%| O|  |TAMS 0x0000000754200000| PB 0x0000000754200000| Untracked 
| 673|0x0000000754200000, 0x0000000754400000, 0x0000000754400000|100%| O|  |TAMS 0x0000000754400000| PB 0x0000000754400000| Untracked 
| 674|0x0000000754400000, 0x0000000754600000, 0x0000000754600000|100%| O|  |TAMS 0x0000000754600000| PB 0x0000000754600000| Untracked 
| 675|0x0000000754600000, 0x0000000754800000, 0x0000000754800000|100%| O|  |TAMS 0x0000000754800000| PB 0x0000000754800000| Untracked 
| 676|0x0000000754800000, 0x0000000754a00000, 0x0000000754a00000|100%| O|  |TAMS 0x0000000754a00000| PB 0x0000000754a00000| Untracked 
| 677|0x0000000754a00000, 0x0000000754c00000, 0x0000000754c00000|100%| O|  |TAMS 0x0000000754c00000| PB 0x0000000754c00000| Untracked 
| 678|0x0000000754c00000, 0x0000000754e00000, 0x0000000754e00000|100%| O|  |TAMS 0x0000000754e00000| PB 0x0000000754e00000| Updating 
| 679|0x0000000754e00000, 0x0000000755000000, 0x0000000755000000|100%| O|  |TAMS 0x0000000755000000| PB 0x0000000755000000| Updating 
| 680|0x0000000755000000, 0x0000000755200000, 0x0000000755200000|100%| O|  |TAMS 0x0000000755200000| PB 0x0000000755200000| Updating 
| 681|0x0000000755200000, 0x0000000755400000, 0x0000000755400000|100%| O|  |TAMS 0x0000000755400000| PB 0x0000000755400000| Updating 
| 682|0x0000000755400000, 0x0000000755600000, 0x0000000755600000|100%| O|  |TAMS 0x0000000755600000| PB 0x0000000755600000| Updating 
| 683|0x0000000755600000, 0x0000000755800000, 0x0000000755800000|100%| O|  |TAMS 0x0000000755800000| PB 0x0000000755800000| Updating 
| 684|0x0000000755800000, 0x0000000755a00000, 0x0000000755a00000|100%| O|  |TAMS 0x0000000755a00000| PB 0x0000000755a00000| Updating 
| 685|0x0000000755a00000, 0x0000000755c00000, 0x0000000755c00000|100%| O|  |TAMS 0x0000000755c00000| PB 0x0000000755c00000| Untracked 
| 686|0x0000000755c00000, 0x0000000755e00000, 0x0000000755e00000|100%| O|  |TAMS 0x0000000755e00000| PB 0x0000000755e00000| Untracked 
| 687|0x0000000755e00000, 0x0000000756000000, 0x0000000756000000|100%| O|  |TAMS 0x0000000756000000| PB 0x0000000756000000| Untracked 
| 688|0x0000000756000000, 0x0000000756200000, 0x0000000756200000|100%| O|  |TAMS 0x0000000756200000| PB 0x0000000756200000| Updating 
| 689|0x0000000756200000, 0x0000000756400000, 0x0000000756400000|100%| O|  |TAMS 0x0000000756400000| PB 0x0000000756400000| Untracked 
| 690|0x0000000756400000, 0x0000000756600000, 0x0000000756600000|100%| O|  |TAMS 0x0000000756600000| PB 0x0000000756600000| Updating 
| 691|0x0000000756600000, 0x0000000756800000, 0x0000000756800000|100%| O|  |TAMS 0x0000000756800000| PB 0x0000000756800000| Untracked 
| 692|0x0000000756800000, 0x0000000756a00000, 0x0000000756a00000|100%| O|  |TAMS 0x0000000756a00000| PB 0x0000000756a00000| Untracked 
| 693|0x0000000756a00000, 0x0000000756c00000, 0x0000000756c00000|100%| O|  |TAMS 0x0000000756c00000| PB 0x0000000756c00000| Untracked 
| 694|0x0000000756c00000, 0x0000000756e00000, 0x0000000756e00000|100%| O|  |TAMS 0x0000000756e00000| PB 0x0000000756e00000| Untracked 
| 695|0x0000000756e00000, 0x0000000757000000, 0x0000000757000000|100%| O|  |TAMS 0x0000000757000000| PB 0x0000000757000000| Untracked 
| 696|0x0000000757000000, 0x0000000757200000, 0x0000000757200000|100%| O|  |TAMS 0x0000000757200000| PB 0x0000000757200000| Untracked 
| 697|0x0000000757200000, 0x0000000757400000, 0x0000000757400000|100%| O|  |TAMS 0x0000000757400000| PB 0x0000000757400000| Untracked 
| 698|0x0000000757400000, 0x0000000757600000, 0x0000000757600000|100%| O|  |TAMS 0x0000000757600000| PB 0x0000000757600000| Updating 
| 699|0x0000000757600000, 0x0000000757800000, 0x0000000757800000|100%| O|  |TAMS 0x0000000757800000| PB 0x0000000757800000| Untracked 
| 700|0x0000000757800000, 0x0000000757a00000, 0x0000000757a00000|100%| O|  |TAMS 0x0000000757a00000| PB 0x0000000757a00000| Untracked 
| 701|0x0000000757a00000, 0x0000000757c00000, 0x0000000757c00000|100%| O|  |TAMS 0x0000000757c00000| PB 0x0000000757c00000| Untracked 
| 702|0x0000000757c00000, 0x0000000757e00000, 0x0000000757e00000|100%| O|  |TAMS 0x0000000757e00000| PB 0x0000000757e00000| Untracked 
| 703|0x0000000757e00000, 0x0000000758000000, 0x0000000758000000|100%| O|  |TAMS 0x0000000758000000| PB 0x0000000758000000| Untracked 
| 704|0x0000000758000000, 0x0000000758200000, 0x0000000758200000|100%| O|  |TAMS 0x0000000758200000| PB 0x0000000758200000| Untracked 
| 705|0x0000000758200000, 0x0000000758400000, 0x0000000758400000|100%| O|  |TAMS 0x0000000758400000| PB 0x0000000758400000| Untracked 
| 706|0x0000000758400000, 0x0000000758600000, 0x0000000758600000|100%| O|  |TAMS 0x0000000758600000| PB 0x0000000758600000| Untracked 
| 707|0x0000000758600000, 0x0000000758800000, 0x0000000758800000|100%| O|  |TAMS 0x0000000758800000| PB 0x0000000758800000| Untracked 
| 708|0x0000000758800000, 0x0000000758a00000, 0x0000000758a00000|100%| O|  |TAMS 0x0000000758a00000| PB 0x0000000758a00000| Untracked 
| 709|0x0000000758a00000, 0x0000000758c00000, 0x0000000758c00000|100%| O|  |TAMS 0x0000000758c00000| PB 0x0000000758c00000| Untracked 
| 710|0x0000000758c00000, 0x0000000758e00000, 0x0000000758e00000|100%| O|  |TAMS 0x0000000758e00000| PB 0x0000000758e00000| Untracked 
| 711|0x0000000758e00000, 0x0000000759000000, 0x0000000759000000|100%| O|  |TAMS 0x0000000759000000| PB 0x0000000759000000| Untracked 
| 712|0x0000000759000000, 0x0000000759200000, 0x0000000759200000|100%| O|  |TAMS 0x0000000759200000| PB 0x0000000759200000| Untracked 
| 713|0x0000000759200000, 0x0000000759400000, 0x0000000759400000|100%| O|  |TAMS 0x0000000759400000| PB 0x0000000759400000| Untracked 
| 714|0x0000000759400000, 0x0000000759600000, 0x0000000759600000|100%| O|  |TAMS 0x0000000759600000| PB 0x0000000759600000| Untracked 
| 715|0x0000000759600000, 0x0000000759800000, 0x0000000759800000|100%| O|  |TAMS 0x0000000759800000| PB 0x0000000759800000| Untracked 
| 716|0x0000000759800000, 0x0000000759a00000, 0x0000000759a00000|100%| O|  |TAMS 0x0000000759a00000| PB 0x0000000759a00000| Updating 
| 717|0x0000000759a00000, 0x0000000759c00000, 0x0000000759c00000|100%| O|  |TAMS 0x0000000759c00000| PB 0x0000000759c00000| Untracked 
| 718|0x0000000759c00000, 0x0000000759e00000, 0x0000000759e00000|100%| O|  |TAMS 0x0000000759e00000| PB 0x0000000759e00000| Updating 
| 719|0x0000000759e00000, 0x000000075a000000, 0x000000075a000000|100%| O|  |TAMS 0x000000075a000000| PB 0x000000075a000000| Untracked 
| 720|0x000000075a000000, 0x000000075a200000, 0x000000075a200000|100%| O|  |TAMS 0x000000075a200000| PB 0x000000075a200000| Untracked 
| 721|0x000000075a200000, 0x000000075a400000, 0x000000075a400000|100%| O|  |TAMS 0x000000075a400000| PB 0x000000075a400000| Untracked 
| 722|0x000000075a400000, 0x000000075a600000, 0x000000075a600000|100%| O|  |TAMS 0x000000075a600000| PB 0x000000075a600000| Untracked 
| 723|0x000000075a600000, 0x000000075a800000, 0x000000075a800000|100%| O|  |TAMS 0x000000075a800000| PB 0x000000075a800000| Untracked 
| 724|0x000000075a800000, 0x000000075aa00000, 0x000000075aa00000|100%| O|  |TAMS 0x000000075aa00000| PB 0x000000075aa00000| Untracked 
| 725|0x000000075aa00000, 0x000000075ac00000, 0x000000075ac00000|100%| O|  |TAMS 0x000000075ac00000| PB 0x000000075ac00000| Untracked 
| 726|0x000000075ac00000, 0x000000075ae00000, 0x000000075ae00000|100%| O|  |TAMS 0x000000075ae00000| PB 0x000000075ae00000| Untracked 
| 727|0x000000075ae00000, 0x000000075b000000, 0x000000075b000000|100%| O|  |TAMS 0x000000075b000000| PB 0x000000075b000000| Untracked 
| 728|0x000000075b000000, 0x000000075b200000, 0x000000075b200000|100%| O|  |TAMS 0x000000075b200000| PB 0x000000075b200000| Untracked 
| 729|0x000000075b200000, 0x000000075b400000, 0x000000075b400000|100%|HS|  |TAMS 0x000000075b400000| PB 0x000000075b200000| Complete 
| 730|0x000000075b400000, 0x000000075b600000, 0x000000075b600000|100%| O|  |TAMS 0x000000075b600000| PB 0x000000075b600000| Untracked 
| 731|0x000000075b600000, 0x000000075b800000, 0x000000075b800000|100%| O|  |TAMS 0x000000075b800000| PB 0x000000075b800000| Untracked 
| 732|0x000000075b800000, 0x000000075ba00000, 0x000000075ba00000|100%| O|  |TAMS 0x000000075ba00000| PB 0x000000075ba00000| Untracked 
| 733|0x000000075ba00000, 0x000000075bc00000, 0x000000075bc00000|100%| O|  |TAMS 0x000000075bc00000| PB 0x000000075bc00000| Untracked 
| 734|0x000000075bc00000, 0x000000075be00000, 0x000000075be00000|100%| O|  |TAMS 0x000000075be00000| PB 0x000000075be00000| Untracked 
| 735|0x000000075be00000, 0x000000075c000000, 0x000000075c000000|100%| O|  |TAMS 0x000000075c000000| PB 0x000000075c000000| Untracked 
| 736|0x000000075c000000, 0x000000075c200000, 0x000000075c200000|100%| O|  |TAMS 0x000000075c200000| PB 0x000000075c200000| Untracked 
| 737|0x000000075c200000, 0x000000075c400000, 0x000000075c400000|100%| O|  |TAMS 0x000000075c400000| PB 0x000000075c400000| Untracked 
| 738|0x000000075c400000, 0x000000075c600000, 0x000000075c600000|100%| O|  |TAMS 0x000000075c600000| PB 0x000000075c600000| Untracked 
| 739|0x000000075c600000, 0x000000075c800000, 0x000000075c800000|100%| O|  |TAMS 0x000000075c800000| PB 0x000000075c800000| Untracked 
| 740|0x000000075c800000, 0x000000075ca00000, 0x000000075ca00000|100%| O|  |TAMS 0x000000075ca00000| PB 0x000000075ca00000| Untracked 
| 741|0x000000075ca00000, 0x000000075cc00000, 0x000000075cc00000|100%| O|  |TAMS 0x000000075cc00000| PB 0x000000075cc00000| Untracked 
| 742|0x000000075cc00000, 0x000000075ce00000, 0x000000075ce00000|100%| O|  |TAMS 0x000000075ce00000| PB 0x000000075ce00000| Untracked 
| 743|0x000000075ce00000, 0x000000075d000000, 0x000000075d000000|100%| O|  |TAMS 0x000000075d000000| PB 0x000000075d000000| Untracked 
| 744|0x000000075d000000, 0x000000075d200000, 0x000000075d200000|100%| O|  |TAMS 0x000000075d200000| PB 0x000000075d200000| Untracked 
| 745|0x000000075d200000, 0x000000075d400000, 0x000000075d400000|100%| O|  |TAMS 0x000000075d400000| PB 0x000000075d400000| Untracked 
| 746|0x000000075d400000, 0x000000075d600000, 0x000000075d600000|100%| O|  |TAMS 0x000000075d600000| PB 0x000000075d600000| Untracked 
| 747|0x000000075d600000, 0x000000075d800000, 0x000000075d800000|100%| O|  |TAMS 0x000000075d800000| PB 0x000000075d800000| Untracked 
| 748|0x000000075d800000, 0x000000075da00000, 0x000000075da00000|100%| O|  |TAMS 0x000000075da00000| PB 0x000000075da00000| Untracked 
| 749|0x000000075da00000, 0x000000075dc00000, 0x000000075dc00000|100%| O|  |TAMS 0x000000075dc00000| PB 0x000000075dc00000| Untracked 
| 750|0x000000075dc00000, 0x000000075de00000, 0x000000075de00000|100%| O|  |TAMS 0x000000075de00000| PB 0x000000075de00000| Untracked 
| 751|0x000000075de00000, 0x000000075e000000, 0x000000075e000000|100%| O|  |TAMS 0x000000075e000000| PB 0x000000075e000000| Untracked 
| 752|0x000000075e000000, 0x000000075e200000, 0x000000075e200000|100%| O|  |TAMS 0x000000075e200000| PB 0x000000075e200000| Untracked 
| 753|0x000000075e200000, 0x000000075e400000, 0x000000075e400000|100%| O|  |TAMS 0x000000075e400000| PB 0x000000075e400000| Untracked 
| 754|0x000000075e400000, 0x000000075e600000, 0x000000075e600000|100%| O|  |TAMS 0x000000075e600000| PB 0x000000075e600000| Untracked 
| 755|0x000000075e600000, 0x000000075e800000, 0x000000075e800000|100%| O|  |TAMS 0x000000075e800000| PB 0x000000075e800000| Untracked 
| 756|0x000000075e800000, 0x000000075ea00000, 0x000000075ea00000|100%| O|  |TAMS 0x000000075ea00000| PB 0x000000075ea00000| Untracked 
| 757|0x000000075ea00000, 0x000000075ec00000, 0x000000075ec00000|100%| O|  |TAMS 0x000000075ec00000| PB 0x000000075ec00000| Untracked 
| 758|0x000000075ec00000, 0x000000075ee00000, 0x000000075ee00000|100%| O|  |TAMS 0x000000075ee00000| PB 0x000000075ee00000| Untracked 
| 759|0x000000075ee00000, 0x000000075f000000, 0x000000075f000000|100%| O|  |TAMS 0x000000075f000000| PB 0x000000075f000000| Untracked 
| 760|0x000000075f000000, 0x000000075f200000, 0x000000075f200000|100%| O|  |TAMS 0x000000075f200000| PB 0x000000075f200000| Untracked 
| 761|0x000000075f200000, 0x000000075f400000, 0x000000075f400000|100%| O|  |TAMS 0x000000075f400000| PB 0x000000075f400000| Untracked 
| 762|0x000000075f400000, 0x000000075f600000, 0x000000075f600000|100%| O|  |TAMS 0x000000075f400000| PB 0x000000075f400000| Untracked 
| 763|0x000000075f600000, 0x000000075f800000, 0x000000075f800000|100%| O|  |TAMS 0x000000075f800000| PB 0x000000075f800000| Updating 
| 764|0x000000075f800000, 0x000000075fa00000, 0x000000075fa00000|100%| O|  |TAMS 0x000000075fa00000| PB 0x000000075fa00000| Untracked 
| 765|0x000000075fa00000, 0x000000075fc00000, 0x000000075fc00000|100%| O|  |TAMS 0x000000075fc00000| PB 0x000000075fc00000| Untracked 
| 766|0x000000075fc00000, 0x000000075fe00000, 0x000000075fe00000|100%| O|  |TAMS 0x000000075fe00000| PB 0x000000075fe00000| Untracked 
| 767|0x000000075fe00000, 0x000000075fe00000, 0x0000000760000000|  0%| F|  |TAMS 0x000000075fe00000| PB 0x000000075fe00000| Untracked 
| 768|0x0000000760000000, 0x0000000760200000, 0x0000000760200000|100%|HS|  |TAMS 0x0000000760200000| PB 0x0000000760000000| Complete 
| 769|0x0000000760200000, 0x0000000760400000, 0x0000000760400000|100%| O|  |TAMS 0x0000000760400000| PB 0x0000000760400000| Untracked 
| 770|0x0000000760400000, 0x0000000760600000, 0x0000000760600000|100%| O|  |TAMS 0x0000000760600000| PB 0x0000000760600000| Untracked 
| 771|0x0000000760600000, 0x0000000760800000, 0x0000000760800000|100%| O|  |TAMS 0x0000000760800000| PB 0x0000000760800000| Untracked 
| 772|0x0000000760800000, 0x0000000760a00000, 0x0000000760a00000|100%| O|  |TAMS 0x0000000760a00000| PB 0x0000000760a00000| Untracked 
| 773|0x0000000760a00000, 0x0000000760c00000, 0x0000000760c00000|100%| O|  |TAMS 0x0000000760c00000| PB 0x0000000760c00000| Updating 
| 774|0x0000000760c00000, 0x0000000760e00000, 0x0000000760e00000|100%| O|  |TAMS 0x0000000760e00000| PB 0x0000000760e00000| Untracked 
| 775|0x0000000760e00000, 0x0000000761000000, 0x0000000761000000|100%| O|  |TAMS 0x0000000761000000| PB 0x0000000761000000| Untracked 
| 776|0x0000000761000000, 0x0000000761200000, 0x0000000761200000|100%| O|  |TAMS 0x0000000761200000| PB 0x0000000761200000| Untracked 
| 777|0x0000000761200000, 0x0000000761400000, 0x0000000761400000|100%| O|  |TAMS 0x0000000761400000| PB 0x0000000761400000| Untracked 
| 778|0x0000000761400000, 0x0000000761600000, 0x0000000761600000|100%| O|  |TAMS 0x0000000761600000| PB 0x0000000761600000| Untracked 
| 779|0x0000000761600000, 0x0000000761800000, 0x0000000761800000|100%| O|  |TAMS 0x0000000761800000| PB 0x0000000761800000| Updating 
| 780|0x0000000761800000, 0x0000000761a00000, 0x0000000761a00000|100%| O|  |TAMS 0x0000000761a00000| PB 0x0000000761a00000| Untracked 
| 781|0x0000000761a00000, 0x0000000761c00000, 0x0000000761c00000|100%| O|  |TAMS 0x0000000761c00000| PB 0x0000000761c00000| Untracked 
| 782|0x0000000761c00000, 0x0000000761e00000, 0x0000000761e00000|100%| O|  |TAMS 0x0000000761e00000| PB 0x0000000761e00000| Untracked 
| 783|0x0000000761e00000, 0x0000000762000000, 0x0000000762000000|100%| O|  |TAMS 0x0000000762000000| PB 0x0000000762000000| Untracked 
| 784|0x0000000762000000, 0x0000000762200000, 0x0000000762200000|100%|HS|  |TAMS 0x0000000762200000| PB 0x0000000762000000| Complete 
| 785|0x0000000762200000, 0x0000000762400000, 0x0000000762400000|100%|HC|  |TAMS 0x0000000762400000| PB 0x0000000762200000| Complete 
| 786|0x0000000762400000, 0x0000000762600000, 0x0000000762600000|100%|HC|  |TAMS 0x0000000762600000| PB 0x0000000762400000| Complete 
| 787|0x0000000762600000, 0x0000000762800000, 0x0000000762800000|100%| O|  |TAMS 0x0000000762800000| PB 0x0000000762800000| Untracked 
| 788|0x0000000762800000, 0x0000000762a00000, 0x0000000762a00000|100%| O|  |TAMS 0x0000000762a00000| PB 0x0000000762a00000| Untracked 
| 789|0x0000000762a00000, 0x0000000762c00000, 0x0000000762c00000|100%| O|  |TAMS 0x0000000762a00000| PB 0x0000000762a00000| Untracked 
| 790|0x0000000762c00000, 0x0000000762e00000, 0x0000000762e00000|100%| O|  |TAMS 0x0000000762c00000| PB 0x0000000762c00000| Untracked 
| 791|0x0000000762e00000, 0x0000000763000000, 0x0000000763000000|100%| O|  |TAMS 0x0000000763000000| PB 0x0000000763000000| Updating 
| 792|0x0000000763000000, 0x0000000763200000, 0x0000000763200000|100%| O|  |TAMS 0x0000000763200000| PB 0x0000000763200000| Updating 
| 793|0x0000000763200000, 0x0000000763400000, 0x0000000763400000|100%| O|  |TAMS 0x0000000763400000| PB 0x0000000763400000| Untracked 
| 794|0x0000000763400000, 0x0000000763600000, 0x0000000763600000|100%| O|  |TAMS 0x0000000763600000| PB 0x0000000763600000| Untracked 
| 795|0x0000000763600000, 0x0000000763800000, 0x0000000763800000|100%| O|  |TAMS 0x0000000763800000| PB 0x0000000763800000| Updating 
| 796|0x0000000763800000, 0x0000000763a00000, 0x0000000763a00000|100%| O|  |TAMS 0x0000000763a00000| PB 0x0000000763a00000| Untracked 
| 797|0x0000000763a00000, 0x0000000763c00000, 0x0000000763c00000|100%| O|  |TAMS 0x0000000763c00000| PB 0x0000000763c00000| Untracked 
| 798|0x0000000763c00000, 0x0000000763e00000, 0x0000000763e00000|100%| O|  |TAMS 0x0000000763e00000| PB 0x0000000763e00000| Untracked 
| 799|0x0000000763e00000, 0x0000000764000000, 0x0000000764000000|100%| O|  |TAMS 0x0000000764000000| PB 0x0000000764000000| Updating 
| 800|0x0000000764000000, 0x0000000764200000, 0x0000000764200000|100%| O|  |TAMS 0x0000000764200000| PB 0x0000000764200000| Updating 
| 801|0x0000000764200000, 0x0000000764400000, 0x0000000764400000|100%| O|  |TAMS 0x0000000764400000| PB 0x0000000764400000| Untracked 
| 802|0x0000000764400000, 0x0000000764600000, 0x0000000764600000|100%| O|  |TAMS 0x0000000764600000| PB 0x0000000764600000| Untracked 
| 803|0x0000000764600000, 0x0000000764800000, 0x0000000764800000|100%| O|  |TAMS 0x0000000764800000| PB 0x0000000764800000| Untracked 
| 804|0x0000000764800000, 0x0000000764a00000, 0x0000000764a00000|100%| O|  |TAMS 0x0000000764a00000| PB 0x0000000764a00000| Untracked 
| 805|0x0000000764a00000, 0x0000000764c00000, 0x0000000764c00000|100%| O|  |TAMS 0x0000000764c00000| PB 0x0000000764c00000| Untracked 
| 806|0x0000000764c00000, 0x0000000764e00000, 0x0000000764e00000|100%| O|  |TAMS 0x0000000764e00000| PB 0x0000000764e00000| Untracked 
| 807|0x0000000764e00000, 0x0000000765000000, 0x0000000765000000|100%| O|  |TAMS 0x0000000765000000| PB 0x0000000765000000| Untracked 
| 808|0x0000000765000000, 0x0000000765200000, 0x0000000765200000|100%| O|  |TAMS 0x0000000765200000| PB 0x0000000765200000| Untracked 
| 809|0x0000000765200000, 0x0000000765400000, 0x0000000765400000|100%| O|  |TAMS 0x0000000765400000| PB 0x0000000765400000| Untracked 
| 810|0x0000000765400000, 0x0000000765600000, 0x0000000765600000|100%| O|  |TAMS 0x0000000765600000| PB 0x0000000765600000| Untracked 
| 811|0x0000000765600000, 0x0000000765800000, 0x0000000765800000|100%| O|  |TAMS 0x0000000765800000| PB 0x0000000765800000| Untracked 
| 812|0x0000000765800000, 0x0000000765a00000, 0x0000000765a00000|100%| O|  |TAMS 0x0000000765a00000| PB 0x0000000765a00000| Untracked 
| 813|0x0000000765a00000, 0x0000000765c00000, 0x0000000765c00000|100%| O|  |TAMS 0x0000000765c00000| PB 0x0000000765c00000| Untracked 
| 814|0x0000000765c00000, 0x0000000765e00000, 0x0000000765e00000|100%| O|  |TAMS 0x0000000765e00000| PB 0x0000000765e00000| Untracked 
| 815|0x0000000765e00000, 0x0000000766000000, 0x0000000766000000|100%| O|  |TAMS 0x0000000766000000| PB 0x0000000766000000| Untracked 
| 816|0x0000000766000000, 0x0000000766200000, 0x0000000766200000|100%| O|  |TAMS 0x0000000766200000| PB 0x0000000766200000| Untracked 
| 817|0x0000000766200000, 0x0000000766400000, 0x0000000766400000|100%| O|  |TAMS 0x0000000766400000| PB 0x0000000766400000| Untracked 
| 818|0x0000000766400000, 0x0000000766600000, 0x0000000766600000|100%| O|  |TAMS 0x0000000766600000| PB 0x0000000766600000| Untracked 
| 819|0x0000000766600000, 0x0000000766800000, 0x0000000766800000|100%| O|  |TAMS 0x0000000766800000| PB 0x0000000766800000| Untracked 
| 820|0x0000000766800000, 0x0000000766a00000, 0x0000000766a00000|100%| O|  |TAMS 0x0000000766a00000| PB 0x0000000766a00000| Untracked 
| 821|0x0000000766a00000, 0x0000000766c00000, 0x0000000766c00000|100%| O|  |TAMS 0x0000000766c00000| PB 0x0000000766c00000| Untracked 
| 822|0x0000000766c00000, 0x0000000766e00000, 0x0000000766e00000|100%| O|  |TAMS 0x0000000766e00000| PB 0x0000000766e00000| Untracked 
| 823|0x0000000766e00000, 0x0000000767000000, 0x0000000767000000|100%| O|  |TAMS 0x0000000767000000| PB 0x0000000767000000| Untracked 
| 824|0x0000000767000000, 0x0000000767200000, 0x0000000767200000|100%| O|  |TAMS 0x0000000767000000| PB 0x0000000767000000| Untracked 
| 825|0x0000000767200000, 0x0000000767400000, 0x0000000767400000|100%| O|  |TAMS 0x0000000767400000| PB 0x0000000767400000| Untracked 
| 826|0x0000000767400000, 0x0000000767600000, 0x0000000767600000|100%| O|  |TAMS 0x0000000767600000| PB 0x0000000767600000| Untracked 
| 827|0x0000000767600000, 0x0000000767800000, 0x0000000767800000|100%| O|  |TAMS 0x0000000767800000| PB 0x0000000767800000| Untracked 
| 828|0x0000000767800000, 0x0000000767a00000, 0x0000000767a00000|100%| O|  |TAMS 0x0000000767a00000| PB 0x0000000767a00000| Untracked 
| 829|0x0000000767a00000, 0x0000000767c00000, 0x0000000767c00000|100%| O|  |TAMS 0x0000000767c00000| PB 0x0000000767c00000| Untracked 
| 830|0x0000000767c00000, 0x0000000767e00000, 0x0000000767e00000|100%| O|  |TAMS 0x0000000767e00000| PB 0x0000000767e00000| Untracked 
| 831|0x0000000767e00000, 0x0000000768000000, 0x0000000768000000|100%| O|  |TAMS 0x0000000768000000| PB 0x0000000768000000| Untracked 
| 832|0x0000000768000000, 0x0000000768200000, 0x0000000768200000|100%| O|  |TAMS 0x0000000768200000| PB 0x0000000768200000| Untracked 
| 833|0x0000000768200000, 0x0000000768400000, 0x0000000768400000|100%| O|  |TAMS 0x0000000768400000| PB 0x0000000768400000| Untracked 
| 834|0x0000000768400000, 0x0000000768600000, 0x0000000768600000|100%| O|  |TAMS 0x0000000768600000| PB 0x0000000768600000| Untracked 
| 835|0x0000000768600000, 0x0000000768800000, 0x0000000768800000|100%| O|  |TAMS 0x0000000768800000| PB 0x0000000768800000| Untracked 
| 836|0x0000000768800000, 0x0000000768a00000, 0x0000000768a00000|100%| O|  |TAMS 0x0000000768a00000| PB 0x0000000768a00000| Untracked 
| 837|0x0000000768a00000, 0x0000000768c00000, 0x0000000768c00000|100%| O|  |TAMS 0x0000000768c00000| PB 0x0000000768c00000| Untracked 
| 838|0x0000000768c00000, 0x0000000768e00000, 0x0000000768e00000|100%| O|  |TAMS 0x0000000768e00000| PB 0x0000000768e00000| Untracked 
| 839|0x0000000768e00000, 0x0000000769000000, 0x0000000769000000|100%| O|  |TAMS 0x0000000769000000| PB 0x0000000769000000| Untracked 
| 840|0x0000000769000000, 0x0000000769200000, 0x0000000769200000|100%| O|  |TAMS 0x0000000769200000| PB 0x0000000769200000| Untracked 
| 841|0x0000000769200000, 0x0000000769400000, 0x0000000769400000|100%| O|  |TAMS 0x0000000769400000| PB 0x0000000769400000| Untracked 
| 842|0x0000000769400000, 0x0000000769600000, 0x0000000769600000|100%| O|  |TAMS 0x0000000769600000| PB 0x0000000769600000| Untracked 
| 843|0x0000000769600000, 0x0000000769800000, 0x0000000769800000|100%| O|  |TAMS 0x0000000769800000| PB 0x0000000769800000| Untracked 
| 844|0x0000000769800000, 0x0000000769a00000, 0x0000000769a00000|100%| O|  |TAMS 0x0000000769a00000| PB 0x0000000769a00000| Untracked 
| 845|0x0000000769a00000, 0x0000000769c00000, 0x0000000769c00000|100%| O|  |TAMS 0x0000000769c00000| PB 0x0000000769c00000| Untracked 
| 846|0x0000000769c00000, 0x0000000769e00000, 0x0000000769e00000|100%| O|  |TAMS 0x0000000769e00000| PB 0x0000000769e00000| Untracked 
| 847|0x0000000769e00000, 0x000000076a000000, 0x000000076a000000|100%| O|  |TAMS 0x000000076a000000| PB 0x000000076a000000| Untracked 
| 848|0x000000076a000000, 0x000000076a200000, 0x000000076a200000|100%| O|  |TAMS 0x000000076a200000| PB 0x000000076a200000| Untracked 
| 849|0x000000076a200000, 0x000000076a400000, 0x000000076a400000|100%| O|  |TAMS 0x000000076a400000| PB 0x000000076a400000| Untracked 
| 850|0x000000076a400000, 0x000000076a600000, 0x000000076a600000|100%| O|  |TAMS 0x000000076a600000| PB 0x000000076a600000| Untracked 
| 851|0x000000076a600000, 0x000000076a800000, 0x000000076a800000|100%| O|  |TAMS 0x000000076a800000| PB 0x000000076a800000| Updating 
| 852|0x000000076a800000, 0x000000076aa00000, 0x000000076aa00000|100%| O|  |TAMS 0x000000076aa00000| PB 0x000000076aa00000| Untracked 
| 853|0x000000076aa00000, 0x000000076ac00000, 0x000000076ac00000|100%| O|  |TAMS 0x000000076ac00000| PB 0x000000076ac00000| Untracked 
| 854|0x000000076ac00000, 0x000000076ae00000, 0x000000076ae00000|100%| O|  |TAMS 0x000000076ae00000| PB 0x000000076ae00000| Updating 
| 855|0x000000076ae00000, 0x000000076b000000, 0x000000076b000000|100%| O|  |TAMS 0x000000076b000000| PB 0x000000076b000000| Untracked 
| 856|0x000000076b000000, 0x000000076b200000, 0x000000076b200000|100%| O|  |TAMS 0x000000076b000000| PB 0x000000076b000000| Untracked 
| 857|0x000000076b200000, 0x000000076b400000, 0x000000076b400000|100%| O|  |TAMS 0x000000076b400000| PB 0x000000076b400000| Untracked 
| 858|0x000000076b400000, 0x000000076b600000, 0x000000076b600000|100%| O|  |TAMS 0x000000076b600000| PB 0x000000076b600000| Untracked 
| 859|0x000000076b600000, 0x000000076b800000, 0x000000076b800000|100%| O|  |TAMS 0x000000076b800000| PB 0x000000076b800000| Untracked 
| 860|0x000000076b800000, 0x000000076ba00000, 0x000000076ba00000|100%| O|  |TAMS 0x000000076b800000| PB 0x000000076b800000| Untracked 
| 861|0x000000076ba00000, 0x000000076bc00000, 0x000000076bc00000|100%| O|  |TAMS 0x000000076bc00000| PB 0x000000076bc00000| Untracked 
| 862|0x000000076bc00000, 0x000000076be00000, 0x000000076be00000|100%| O|  |TAMS 0x000000076be00000| PB 0x000000076be00000| Updating 
| 863|0x000000076be00000, 0x000000076c000000, 0x000000076c000000|100%| O|  |TAMS 0x000000076c000000| PB 0x000000076c000000| Updating 
| 864|0x000000076c000000, 0x000000076c200000, 0x000000076c200000|100%| O|  |TAMS 0x000000076c200000| PB 0x000000076c200000| Untracked 
| 865|0x000000076c200000, 0x000000076c400000, 0x000000076c400000|100%| O|  |TAMS 0x000000076c400000| PB 0x000000076c400000| Untracked 
| 866|0x000000076c400000, 0x000000076c600000, 0x000000076c600000|100%| O|  |TAMS 0x000000076c400000| PB 0x000000076c400000| Untracked 
| 867|0x000000076c600000, 0x000000076c800000, 0x000000076c800000|100%| O|  |TAMS 0x000000076c800000| PB 0x000000076c800000| Untracked 
| 868|0x000000076c800000, 0x000000076ca00000, 0x000000076ca00000|100%| O|  |TAMS 0x000000076ca00000| PB 0x000000076ca00000| Untracked 
| 869|0x000000076ca00000, 0x000000076cc00000, 0x000000076cc00000|100%| O|  |TAMS 0x000000076cc00000| PB 0x000000076cc00000| Untracked 
| 870|0x000000076cc00000, 0x000000076ce00000, 0x000000076ce00000|100%| O|  |TAMS 0x000000076ce00000| PB 0x000000076ce00000| Untracked 
| 871|0x000000076ce00000, 0x000000076d000000, 0x000000076d000000|100%| O|  |TAMS 0x000000076d000000| PB 0x000000076d000000| Untracked 
| 872|0x000000076d000000, 0x000000076d200000, 0x000000076d200000|100%| O|  |TAMS 0x000000076d200000| PB 0x000000076d200000| Untracked 
| 873|0x000000076d200000, 0x000000076d400000, 0x000000076d400000|100%| O|  |TAMS 0x000000076d400000| PB 0x000000076d400000| Untracked 
| 874|0x000000076d400000, 0x000000076d600000, 0x000000076d600000|100%| O|  |TAMS 0x000000076d600000| PB 0x000000076d600000| Untracked 
| 875|0x000000076d600000, 0x000000076d800000, 0x000000076d800000|100%| O|  |TAMS 0x000000076d800000| PB 0x000000076d800000| Untracked 
| 876|0x000000076d800000, 0x000000076da00000, 0x000000076da00000|100%| O|  |TAMS 0x000000076da00000| PB 0x000000076da00000| Untracked 
| 877|0x000000076da00000, 0x000000076dc00000, 0x000000076dc00000|100%| O|  |TAMS 0x000000076dc00000| PB 0x000000076dc00000| Untracked 
| 878|0x000000076dc00000, 0x000000076de00000, 0x000000076de00000|100%| O|  |TAMS 0x000000076de00000| PB 0x000000076de00000| Untracked 
| 879|0x000000076de00000, 0x000000076e000000, 0x000000076e000000|100%| O|  |TAMS 0x000000076e000000| PB 0x000000076e000000| Untracked 
| 880|0x000000076e000000, 0x000000076e200000, 0x000000076e200000|100%| O|  |TAMS 0x000000076e200000| PB 0x000000076e200000| Untracked 
| 881|0x000000076e200000, 0x000000076e400000, 0x000000076e400000|100%| O|  |TAMS 0x000000076e400000| PB 0x000000076e400000| Untracked 
| 882|0x000000076e400000, 0x000000076e600000, 0x000000076e600000|100%| O|  |TAMS 0x000000076e600000| PB 0x000000076e600000| Untracked 
| 883|0x000000076e600000, 0x000000076e800000, 0x000000076e800000|100%| O|  |TAMS 0x000000076e800000| PB 0x000000076e800000| Untracked 
| 884|0x000000076e800000, 0x000000076ea00000, 0x000000076ea00000|100%| O|  |TAMS 0x000000076ea00000| PB 0x000000076ea00000| Untracked 
| 885|0x000000076ea00000, 0x000000076ec00000, 0x000000076ec00000|100%| O|  |TAMS 0x000000076ec00000| PB 0x000000076ec00000| Untracked 
| 886|0x000000076ec00000, 0x000000076ee00000, 0x000000076ee00000|100%| O|  |TAMS 0x000000076ee00000| PB 0x000000076ee00000| Untracked 
| 887|0x000000076ee00000, 0x000000076f000000, 0x000000076f000000|100%| O|  |TAMS 0x000000076f000000| PB 0x000000076f000000| Untracked 
| 888|0x000000076f000000, 0x000000076f200000, 0x000000076f200000|100%| O|  |TAMS 0x000000076f200000| PB 0x000000076f200000| Untracked 
| 889|0x000000076f200000, 0x000000076f400000, 0x000000076f400000|100%| O|  |TAMS 0x000000076f400000| PB 0x000000076f400000| Untracked 
| 890|0x000000076f400000, 0x000000076f600000, 0x000000076f600000|100%| O|  |TAMS 0x000000076f600000| PB 0x000000076f600000| Untracked 
| 891|0x000000076f600000, 0x000000076f800000, 0x000000076f800000|100%| O|  |TAMS 0x000000076f800000| PB 0x000000076f800000| Untracked 
| 892|0x000000076f800000, 0x000000076fa00000, 0x000000076fa00000|100%| O|  |TAMS 0x000000076fa00000| PB 0x000000076fa00000| Untracked 
| 893|0x000000076fa00000, 0x000000076fc00000, 0x000000076fc00000|100%| O|  |TAMS 0x000000076fc00000| PB 0x000000076fc00000| Untracked 
| 894|0x000000076fc00000, 0x000000076fe00000, 0x000000076fe00000|100%| O|  |TAMS 0x000000076fe00000| PB 0x000000076fe00000| Untracked 
| 895|0x000000076fe00000, 0x0000000770000000, 0x0000000770000000|100%| O|  |TAMS 0x0000000770000000| PB 0x0000000770000000| Untracked 
| 896|0x0000000770000000, 0x0000000770200000, 0x0000000770200000|100%| O|  |TAMS 0x0000000770200000| PB 0x0000000770200000| Untracked 
| 897|0x0000000770200000, 0x0000000770400000, 0x0000000770400000|100%| O|  |TAMS 0x0000000770400000| PB 0x0000000770400000| Untracked 
| 898|0x0000000770400000, 0x0000000770600000, 0x0000000770600000|100%| O|  |TAMS 0x0000000770600000| PB 0x0000000770600000| Untracked 
| 899|0x0000000770600000, 0x0000000770800000, 0x0000000770800000|100%| O|  |TAMS 0x0000000770800000| PB 0x0000000770800000| Untracked 
| 900|0x0000000770800000, 0x0000000770a00000, 0x0000000770a00000|100%| O|  |TAMS 0x0000000770a00000| PB 0x0000000770a00000| Untracked 
| 901|0x0000000770a00000, 0x0000000770c00000, 0x0000000770c00000|100%| O|  |TAMS 0x0000000770c00000| PB 0x0000000770c00000| Updating 
| 902|0x0000000770c00000, 0x0000000770e00000, 0x0000000770e00000|100%| O|  |TAMS 0x0000000770e00000| PB 0x0000000770e00000| Untracked 
| 903|0x0000000770e00000, 0x0000000771000000, 0x0000000771000000|100%| O|  |TAMS 0x0000000771000000| PB 0x0000000771000000| Untracked 
| 904|0x0000000771000000, 0x0000000771200000, 0x0000000771200000|100%| O|  |TAMS 0x0000000771000000| PB 0x0000000771000000| Untracked 
| 905|0x0000000771200000, 0x0000000771400000, 0x0000000771400000|100%| O|  |TAMS 0x0000000771400000| PB 0x0000000771400000| Updating 
| 906|0x0000000771400000, 0x0000000771600000, 0x0000000771600000|100%| O|  |TAMS 0x0000000771600000| PB 0x0000000771600000| Untracked 
| 907|0x0000000771600000, 0x0000000771800000, 0x0000000771800000|100%| O|  |TAMS 0x0000000771800000| PB 0x0000000771800000| Untracked 
| 908|0x0000000771800000, 0x0000000771a00000, 0x0000000771a00000|100%| O|  |TAMS 0x0000000771a00000| PB 0x0000000771a00000| Untracked 
| 909|0x0000000771a00000, 0x0000000771c00000, 0x0000000771c00000|100%| O|  |TAMS 0x0000000771c00000| PB 0x0000000771c00000| Untracked 
| 910|0x0000000771c00000, 0x0000000771e00000, 0x0000000771e00000|100%| O|  |TAMS 0x0000000771e00000| PB 0x0000000771e00000| Untracked 
| 911|0x0000000771e00000, 0x0000000772000000, 0x0000000772000000|100%| O|  |TAMS 0x0000000772000000| PB 0x0000000772000000| Untracked 
| 912|0x0000000772000000, 0x0000000772200000, 0x0000000772200000|100%| O|  |TAMS 0x0000000772200000| PB 0x0000000772200000| Untracked 
| 913|0x0000000772200000, 0x0000000772400000, 0x0000000772400000|100%| O|  |TAMS 0x0000000772400000| PB 0x0000000772400000| Untracked 
| 914|0x0000000772400000, 0x0000000772600000, 0x0000000772600000|100%| O|  |TAMS 0x0000000772600000| PB 0x0000000772600000| Untracked 
| 915|0x0000000772600000, 0x0000000772800000, 0x0000000772800000|100%| O|  |TAMS 0x0000000772800000| PB 0x0000000772800000| Untracked 
| 916|0x0000000772800000, 0x0000000772a00000, 0x0000000772a00000|100%| O|  |TAMS 0x0000000772a00000| PB 0x0000000772a00000| Untracked 
| 917|0x0000000772a00000, 0x0000000772c00000, 0x0000000772c00000|100%| O|  |TAMS 0x0000000772c00000| PB 0x0000000772c00000| Untracked 
| 918|0x0000000772c00000, 0x0000000772e00000, 0x0000000772e00000|100%| O|  |TAMS 0x0000000772e00000| PB 0x0000000772e00000| Untracked 
| 919|0x0000000772e00000, 0x0000000773000000, 0x0000000773000000|100%| O|  |TAMS 0x0000000773000000| PB 0x0000000773000000| Untracked 
| 920|0x0000000773000000, 0x0000000773200000, 0x0000000773200000|100%| O|  |TAMS 0x0000000773200000| PB 0x0000000773200000| Untracked 
| 921|0x0000000773200000, 0x0000000773400000, 0x0000000773400000|100%| O|  |TAMS 0x0000000773400000| PB 0x0000000773400000| Untracked 
| 922|0x0000000773400000, 0x0000000773600000, 0x0000000773600000|100%| O|  |TAMS 0x0000000773600000| PB 0x0000000773600000| Untracked 
| 923|0x0000000773600000, 0x0000000773800000, 0x0000000773800000|100%| O|  |TAMS 0x0000000773800000| PB 0x0000000773800000| Untracked 
| 924|0x0000000773800000, 0x0000000773a00000, 0x0000000773a00000|100%| O|  |TAMS 0x0000000773a00000| PB 0x0000000773a00000| Untracked 
| 925|0x0000000773a00000, 0x0000000773c00000, 0x0000000773c00000|100%| O|  |TAMS 0x0000000773c00000| PB 0x0000000773c00000| Untracked 
| 926|0x0000000773c00000, 0x0000000773e00000, 0x0000000773e00000|100%| O|  |TAMS 0x0000000773e00000| PB 0x0000000773e00000| Untracked 
| 927|0x0000000773e00000, 0x0000000774000000, 0x0000000774000000|100%| O|  |TAMS 0x0000000774000000| PB 0x0000000774000000| Updating 
| 928|0x0000000774000000, 0x0000000774200000, 0x0000000774200000|100%| O|  |TAMS 0x0000000774200000| PB 0x0000000774200000| Untracked 
| 929|0x0000000774200000, 0x0000000774400000, 0x0000000774400000|100%| O|  |TAMS 0x0000000774400000| PB 0x0000000774400000| Untracked 
| 930|0x0000000774400000, 0x0000000774600000, 0x0000000774600000|100%| O|  |TAMS 0x0000000774400000| PB 0x0000000774400000| Untracked 
| 931|0x0000000774600000, 0x0000000774800000, 0x0000000774800000|100%| O|  |TAMS 0x0000000774800000| PB 0x0000000774800000| Untracked 
| 932|0x0000000774800000, 0x0000000774a00000, 0x0000000774a00000|100%| O|  |TAMS 0x0000000774800000| PB 0x0000000774800000| Untracked 
| 933|0x0000000774a00000, 0x0000000774c00000, 0x0000000774c00000|100%| O|  |TAMS 0x0000000774a00000| PB 0x0000000774a00000| Untracked 
| 934|0x0000000774c00000, 0x0000000774e00000, 0x0000000774e00000|100%| O|  |TAMS 0x0000000774e00000| PB 0x0000000774e00000| Untracked 
| 935|0x0000000774e00000, 0x0000000775000000, 0x0000000775000000|100%| O|  |TAMS 0x0000000775000000| PB 0x0000000775000000| Untracked 
| 936|0x0000000775000000, 0x0000000775200000, 0x0000000775200000|100%| O|  |TAMS 0x0000000775200000| PB 0x0000000775200000| Untracked 
| 937|0x0000000775200000, 0x0000000775400000, 0x0000000775400000|100%| O|  |TAMS 0x0000000775200000| PB 0x0000000775200000| Untracked 
| 938|0x0000000775400000, 0x0000000775600000, 0x0000000775600000|100%| O|  |TAMS 0x0000000775600000| PB 0x0000000775600000| Untracked 
| 939|0x0000000775600000, 0x0000000775800000, 0x0000000775800000|100%| O|  |TAMS 0x0000000775800000| PB 0x0000000775800000| Updating 
| 940|0x0000000775800000, 0x0000000775a00000, 0x0000000775a00000|100%| O|  |TAMS 0x0000000775a00000| PB 0x0000000775a00000| Updating 
| 941|0x0000000775a00000, 0x0000000775c00000, 0x0000000775c00000|100%| O|  |TAMS 0x0000000775c00000| PB 0x0000000775c00000| Untracked 
| 942|0x0000000775c00000, 0x0000000775e00000, 0x0000000775e00000|100%| O|  |TAMS 0x0000000775c00000| PB 0x0000000775c00000| Untracked 
| 943|0x0000000775e00000, 0x0000000776000000, 0x0000000776000000|100%| O|  |TAMS 0x0000000775e00000| PB 0x0000000775e00000| Untracked 
| 944|0x0000000776000000, 0x0000000776200000, 0x0000000776200000|100%|HS|  |TAMS 0x0000000776200000| PB 0x0000000776000000| Complete 
| 945|0x0000000776200000, 0x0000000776400000, 0x0000000776400000|100%|HC|  |TAMS 0x0000000776400000| PB 0x0000000776200000| Complete 
| 946|0x0000000776400000, 0x0000000776600000, 0x0000000776600000|100%|HC|  |TAMS 0x0000000776600000| PB 0x0000000776400000| Complete 
| 947|0x0000000776600000, 0x0000000776800000, 0x0000000776800000|100%| O|  |TAMS 0x0000000776800000| PB 0x0000000776800000| Untracked 
| 948|0x0000000776800000, 0x0000000776a00000, 0x0000000776a00000|100%| O|  |TAMS 0x0000000776a00000| PB 0x0000000776a00000| Untracked 
| 949|0x0000000776a00000, 0x0000000776c00000, 0x0000000776c00000|100%| O|  |TAMS 0x0000000776c00000| PB 0x0000000776c00000| Untracked 
| 950|0x0000000776c00000, 0x0000000776e00000, 0x0000000776e00000|100%| O|  |TAMS 0x0000000776e00000| PB 0x0000000776e00000| Untracked 
| 951|0x0000000776e00000, 0x0000000777000000, 0x0000000777000000|100%| O|  |TAMS 0x0000000776e00000| PB 0x0000000776e00000| Untracked 
| 952|0x0000000777000000, 0x0000000777200000, 0x0000000777200000|100%| O|  |TAMS 0x0000000777000000| PB 0x0000000777000000| Untracked 
| 953|0x0000000777200000, 0x0000000777400000, 0x0000000777400000|100%| O|  |TAMS 0x0000000777200000| PB 0x0000000777200000| Untracked 
| 954|0x0000000777400000, 0x0000000777600000, 0x0000000777600000|100%|HS|  |TAMS 0x0000000777600000| PB 0x0000000777400000| Complete 
| 955|0x0000000777600000, 0x0000000777800000, 0x0000000777800000|100%|HC|  |TAMS 0x0000000777800000| PB 0x0000000777600000| Complete 
| 956|0x0000000777800000, 0x0000000777a00000, 0x0000000777a00000|100%|HS|  |TAMS 0x0000000777a00000| PB 0x0000000777800000| Complete 
| 957|0x0000000777a00000, 0x0000000777c00000, 0x0000000777c00000|100%|HC|  |TAMS 0x0000000777c00000| PB 0x0000000777a00000| Complete 
| 958|0x0000000777c00000, 0x0000000777e00000, 0x0000000777e00000|100%| O|  |TAMS 0x0000000777e00000| PB 0x0000000777e00000| Untracked 
| 959|0x0000000777e00000, 0x0000000778000000, 0x0000000778000000|100%| O|  |TAMS 0x0000000778000000| PB 0x0000000778000000| Untracked 
| 960|0x0000000778000000, 0x0000000778200000, 0x0000000778200000|100%| O|  |TAMS 0x0000000778200000| PB 0x0000000778200000| Untracked 
| 961|0x0000000778200000, 0x0000000778400000, 0x0000000778400000|100%| O|  |TAMS 0x0000000778400000| PB 0x0000000778400000| Untracked 
| 962|0x0000000778400000, 0x0000000778600000, 0x0000000778600000|100%| O|  |TAMS 0x0000000778600000| PB 0x0000000778600000| Untracked 
| 963|0x0000000778600000, 0x0000000778800000, 0x0000000778800000|100%| O|  |TAMS 0x0000000778800000| PB 0x0000000778800000| Untracked 
| 964|0x0000000778800000, 0x0000000778a00000, 0x0000000778a00000|100%| O|  |TAMS 0x0000000778a00000| PB 0x0000000778a00000| Untracked 
| 965|0x0000000778a00000, 0x0000000778c00000, 0x0000000778c00000|100%| O|  |TAMS 0x0000000778c00000| PB 0x0000000778c00000| Untracked 
| 966|0x0000000778c00000, 0x0000000778e00000, 0x0000000778e00000|100%| O|  |TAMS 0x0000000778e00000| PB 0x0000000778e00000| Untracked 
| 967|0x0000000778e00000, 0x0000000779000000, 0x0000000779000000|100%| O|  |TAMS 0x0000000779000000| PB 0x0000000779000000| Untracked 
| 968|0x0000000779000000, 0x0000000779200000, 0x0000000779200000|100%| O|  |TAMS 0x0000000779200000| PB 0x0000000779200000| Untracked 
| 969|0x0000000779200000, 0x0000000779400000, 0x0000000779400000|100%| O|  |TAMS 0x0000000779400000| PB 0x0000000779400000| Untracked 
| 970|0x0000000779400000, 0x0000000779600000, 0x0000000779600000|100%| O|  |TAMS 0x0000000779600000| PB 0x0000000779600000| Untracked 
| 971|0x0000000779600000, 0x0000000779800000, 0x0000000779800000|100%| O|  |TAMS 0x0000000779800000| PB 0x0000000779800000| Untracked 
| 972|0x0000000779800000, 0x0000000779a00000, 0x0000000779a00000|100%| O|  |TAMS 0x0000000779a00000| PB 0x0000000779a00000| Untracked 
| 973|0x0000000779a00000, 0x0000000779c00000, 0x0000000779c00000|100%| O|  |TAMS 0x0000000779c00000| PB 0x0000000779c00000| Untracked 
| 974|0x0000000779c00000, 0x0000000779e00000, 0x0000000779e00000|100%| O|  |TAMS 0x0000000779e00000| PB 0x0000000779e00000| Untracked 
| 975|0x0000000779e00000, 0x000000077a000000, 0x000000077a000000|100%| O|  |TAMS 0x000000077a000000| PB 0x000000077a000000| Untracked 
| 976|0x000000077a000000, 0x000000077a200000, 0x000000077a200000|100%| O|  |TAMS 0x000000077a200000| PB 0x000000077a200000| Untracked 
| 977|0x000000077a200000, 0x000000077a400000, 0x000000077a400000|100%| O|  |TAMS 0x000000077a400000| PB 0x000000077a400000| Untracked 
| 978|0x000000077a400000, 0x000000077a600000, 0x000000077a600000|100%| O|  |TAMS 0x000000077a600000| PB 0x000000077a600000| Untracked 
| 979|0x000000077a600000, 0x000000077a800000, 0x000000077a800000|100%| O|  |TAMS 0x000000077a800000| PB 0x000000077a800000| Untracked 
| 980|0x000000077a800000, 0x000000077aa00000, 0x000000077aa00000|100%| O|  |TAMS 0x000000077aa00000| PB 0x000000077aa00000| Untracked 
| 981|0x000000077aa00000, 0x000000077ac00000, 0x000000077ac00000|100%| O|  |TAMS 0x000000077ac00000| PB 0x000000077ac00000| Untracked 
| 982|0x000000077ac00000, 0x000000077ae00000, 0x000000077ae00000|100%| O|  |TAMS 0x000000077ae00000| PB 0x000000077ae00000| Untracked 
| 983|0x000000077ae00000, 0x000000077b000000, 0x000000077b000000|100%| O|  |TAMS 0x000000077b000000| PB 0x000000077b000000| Untracked 
| 984|0x000000077b000000, 0x000000077b200000, 0x000000077b200000|100%| O|  |TAMS 0x000000077b200000| PB 0x000000077b200000| Untracked 
| 985|0x000000077b200000, 0x000000077b400000, 0x000000077b400000|100%| O|  |TAMS 0x000000077b400000| PB 0x000000077b400000| Untracked 
| 986|0x000000077b400000, 0x000000077b600000, 0x000000077b600000|100%| O|  |TAMS 0x000000077b600000| PB 0x000000077b600000| Untracked 
| 987|0x000000077b600000, 0x000000077b800000, 0x000000077b800000|100%| O|  |TAMS 0x000000077b800000| PB 0x000000077b800000| Untracked 
| 988|0x000000077b800000, 0x000000077ba00000, 0x000000077ba00000|100%| O|  |TAMS 0x000000077ba00000| PB 0x000000077ba00000| Untracked 
| 989|0x000000077ba00000, 0x000000077bc00000, 0x000000077bc00000|100%| O|  |TAMS 0x000000077bc00000| PB 0x000000077bc00000| Untracked 
| 990|0x000000077bc00000, 0x000000077be00000, 0x000000077be00000|100%| O|  |TAMS 0x000000077be00000| PB 0x000000077be00000| Untracked 
| 991|0x000000077be00000, 0x000000077c000000, 0x000000077c000000|100%| O|  |TAMS 0x000000077c000000| PB 0x000000077c000000| Untracked 
| 992|0x000000077c000000, 0x000000077c200000, 0x000000077c200000|100%| O|  |TAMS 0x000000077c200000| PB 0x000000077c200000| Untracked 
| 993|0x000000077c200000, 0x000000077c400000, 0x000000077c400000|100%| O|  |TAMS 0x000000077c400000| PB 0x000000077c400000| Untracked 
| 994|0x000000077c400000, 0x000000077c600000, 0x000000077c600000|100%| O|  |TAMS 0x000000077c600000| PB 0x000000077c600000| Untracked 
| 995|0x000000077c600000, 0x000000077c800000, 0x000000077c800000|100%| O|  |TAMS 0x000000077c800000| PB 0x000000077c800000| Untracked 
| 996|0x000000077c800000, 0x000000077ca00000, 0x000000077ca00000|100%| O|  |TAMS 0x000000077ca00000| PB 0x000000077ca00000| Untracked 
| 997|0x000000077ca00000, 0x000000077cc00000, 0x000000077cc00000|100%| O|  |TAMS 0x000000077cc00000| PB 0x000000077cc00000| Untracked 
| 998|0x000000077cc00000, 0x000000077ce00000, 0x000000077ce00000|100%| O|  |TAMS 0x000000077ce00000| PB 0x000000077ce00000| Untracked 
| 999|0x000000077ce00000, 0x000000077d000000, 0x000000077d000000|100%| O|  |TAMS 0x000000077d000000| PB 0x000000077d000000| Untracked 
|1000|0x000000077d000000, 0x000000077d200000, 0x000000077d200000|100%| O|  |TAMS 0x000000077d200000| PB 0x000000077d200000| Untracked 
|1001|0x000000077d200000, 0x000000077d400000, 0x000000077d400000|100%| O|  |TAMS 0x000000077d400000| PB 0x000000077d400000| Untracked 
|1002|0x000000077d400000, 0x000000077d600000, 0x000000077d600000|100%| O|  |TAMS 0x000000077d600000| PB 0x000000077d600000| Untracked 
|1003|0x000000077d600000, 0x000000077d800000, 0x000000077d800000|100%| O|  |TAMS 0x000000077d800000| PB 0x000000077d800000| Untracked 
|1004|0x000000077d800000, 0x000000077da00000, 0x000000077da00000|100%| O|  |TAMS 0x000000077da00000| PB 0x000000077da00000| Untracked 
|1005|0x000000077da00000, 0x000000077dc00000, 0x000000077dc00000|100%| O|  |TAMS 0x000000077dc00000| PB 0x000000077dc00000| Untracked 
|1006|0x000000077dc00000, 0x000000077de00000, 0x000000077de00000|100%| O|  |TAMS 0x000000077de00000| PB 0x000000077de00000| Untracked 
|1007|0x000000077de00000, 0x000000077e000000, 0x000000077e000000|100%| O|  |TAMS 0x000000077e000000| PB 0x000000077e000000| Untracked 
|1008|0x000000077e000000, 0x000000077e200000, 0x000000077e200000|100%| O|  |TAMS 0x000000077e200000| PB 0x000000077e200000| Untracked 
|1009|0x000000077e200000, 0x000000077e400000, 0x000000077e400000|100%| O|  |TAMS 0x000000077e400000| PB 0x000000077e400000| Untracked 
|1010|0x000000077e400000, 0x000000077e600000, 0x000000077e600000|100%| O|  |TAMS 0x000000077e600000| PB 0x000000077e600000| Updating 
|1011|0x000000077e600000, 0x000000077e800000, 0x000000077e800000|100%|HS|  |TAMS 0x000000077e600000| PB 0x000000077e600000| Complete 
|1012|0x000000077e800000, 0x000000077ea00000, 0x000000077ea00000|100%| O|  |TAMS 0x000000077ea00000| PB 0x000000077ea00000| Updating 
|1013|0x000000077ea00000, 0x000000077ec00000, 0x000000077ec00000|100%| O|  |TAMS 0x000000077ec00000| PB 0x000000077ec00000| Untracked 
|1014|0x000000077ec00000, 0x000000077ec00000, 0x000000077ee00000|  0%| F|  |TAMS 0x000000077ec00000| PB 0x000000077ec00000| Untracked 
|1015|0x000000077ee00000, 0x000000077f000000, 0x000000077f000000|100%| O|  |TAMS 0x000000077f000000| PB 0x000000077f000000| Untracked 
|1016|0x000000077f000000, 0x000000077f000000, 0x000000077f200000|  0%| F|  |TAMS 0x000000077f000000| PB 0x000000077f000000| Untracked 
|1017|0x000000077f200000, 0x000000077f400000, 0x000000077f400000|100%| O|  |TAMS 0x000000077f400000| PB 0x000000077f400000| Updating 
|1018|0x000000077f400000, 0x000000077f600000, 0x000000077f600000|100%| O|  |TAMS 0x000000077f600000| PB 0x000000077f600000| Untracked 
|1019|0x000000077f600000, 0x000000077f800000, 0x000000077f800000|100%| O|  |TAMS 0x000000077f800000| PB 0x000000077f800000| Updating 
|1020|0x000000077f800000, 0x000000077f800000, 0x000000077fa00000|  0%| F|  |TAMS 0x000000077f800000| PB 0x000000077f800000| Untracked 
|1021|0x000000077fa00000, 0x000000077fc00000, 0x000000077fc00000|100%| O|  |TAMS 0x000000077fc00000| PB 0x000000077fc00000| Untracked 
|1022|0x000000077fc00000, 0x000000077fe00000, 0x000000077fe00000|100%| O|  |TAMS 0x000000077fe00000| PB 0x000000077fe00000| Updating 
|1023|0x000000077fe00000, 0x000000077fe00000, 0x0000000780000000|  0%| F|  |TAMS 0x000000077fe00000| PB 0x000000077fe00000| Untracked 
|1024|0x0000000780000000, 0x0000000780200000, 0x0000000780200000|100%| O|  |TAMS 0x0000000780200000| PB 0x0000000780200000| Updating 
|1025|0x0000000780200000, 0x0000000780400000, 0x0000000780400000|100%| O|  |TAMS 0x0000000780400000| PB 0x0000000780400000| Untracked 
|1026|0x0000000780400000, 0x0000000780600000, 0x0000000780600000|100%| O|  |TAMS 0x0000000780600000| PB 0x0000000780600000| Untracked 
|1027|0x0000000780600000, 0x0000000780800000, 0x0000000780800000|100%| O|  |TAMS 0x0000000780800000| PB 0x0000000780800000| Untracked 
|1028|0x0000000780800000, 0x0000000780a00000, 0x0000000780a00000|100%| O|  |TAMS 0x0000000780a00000| PB 0x0000000780a00000| Untracked 
|1029|0x0000000780a00000, 0x0000000780c00000, 0x0000000780c00000|100%| O|  |TAMS 0x0000000780c00000| PB 0x0000000780c00000| Untracked 
|1030|0x0000000780c00000, 0x0000000780e00000, 0x0000000780e00000|100%| O|  |TAMS 0x0000000780e00000| PB 0x0000000780e00000| Untracked 
|1031|0x0000000780e00000, 0x0000000781000000, 0x0000000781000000|100%| O|  |TAMS 0x0000000781000000| PB 0x0000000781000000| Untracked 
|1032|0x0000000781000000, 0x0000000781200000, 0x0000000781200000|100%| O|  |TAMS 0x0000000781200000| PB 0x0000000781200000| Untracked 
|1033|0x0000000781200000, 0x0000000781400000, 0x0000000781400000|100%| O|  |TAMS 0x0000000781400000| PB 0x0000000781400000| Untracked 
|1034|0x0000000781400000, 0x0000000781600000, 0x0000000781600000|100%| O|  |TAMS 0x0000000781600000| PB 0x0000000781600000| Untracked 
|1035|0x0000000781600000, 0x0000000781800000, 0x0000000781800000|100%| O|  |TAMS 0x0000000781800000| PB 0x0000000781800000| Untracked 
|1036|0x0000000781800000, 0x0000000781a00000, 0x0000000781a00000|100%| O|  |TAMS 0x0000000781a00000| PB 0x0000000781a00000| Untracked 
|1037|0x0000000781a00000, 0x0000000781c00000, 0x0000000781c00000|100%| O|  |TAMS 0x0000000781c00000| PB 0x0000000781c00000| Untracked 
|1038|0x0000000781c00000, 0x0000000781e00000, 0x0000000781e00000|100%| O|  |TAMS 0x0000000781e00000| PB 0x0000000781e00000| Untracked 
|1039|0x0000000781e00000, 0x0000000782000000, 0x0000000782000000|100%| O|  |TAMS 0x0000000782000000| PB 0x0000000782000000| Untracked 
|1040|0x0000000782000000, 0x0000000782200000, 0x0000000782200000|100%| O|  |TAMS 0x0000000782200000| PB 0x0000000782200000| Untracked 
|1041|0x0000000782200000, 0x0000000782400000, 0x0000000782400000|100%| O|  |TAMS 0x0000000782400000| PB 0x0000000782400000| Untracked 
|1042|0x0000000782400000, 0x0000000782600000, 0x0000000782600000|100%| O|  |TAMS 0x0000000782600000| PB 0x0000000782600000| Updating 
|1043|0x0000000782600000, 0x0000000782600000, 0x0000000782800000|  0%| F|  |TAMS 0x0000000782600000| PB 0x0000000782600000| Untracked 
|1044|0x0000000782800000, 0x0000000782800000, 0x0000000782a00000|  0%| F|  |TAMS 0x0000000782800000| PB 0x0000000782800000| Untracked 
|1045|0x0000000782a00000, 0x0000000782c00000, 0x0000000782c00000|100%| O|  |TAMS 0x0000000782c00000| PB 0x0000000782c00000| Updating 
|1046|0x0000000782c00000, 0x0000000782e00000, 0x0000000782e00000|100%| O|  |TAMS 0x0000000782e00000| PB 0x0000000782e00000| Untracked 
|1047|0x0000000782e00000, 0x0000000783000000, 0x0000000783000000|100%| O|  |TAMS 0x0000000783000000| PB 0x0000000783000000| Untracked 
|1048|0x0000000783000000, 0x0000000783200000, 0x0000000783200000|100%| O|  |TAMS 0x0000000783200000| PB 0x0000000783200000| Untracked 
|1049|0x0000000783200000, 0x0000000783400000, 0x0000000783400000|100%| O|  |TAMS 0x0000000783400000| PB 0x0000000783400000| Untracked 
|1050|0x0000000783400000, 0x0000000783600000, 0x0000000783600000|100%| O|  |TAMS 0x0000000783600000| PB 0x0000000783600000| Untracked 
|1051|0x0000000783600000, 0x0000000783800000, 0x0000000783800000|100%| O|  |TAMS 0x0000000783800000| PB 0x0000000783800000| Untracked 
|1052|0x0000000783800000, 0x0000000783a00000, 0x0000000783a00000|100%| O|  |TAMS 0x0000000783a00000| PB 0x0000000783a00000| Untracked 
|1053|0x0000000783a00000, 0x0000000783c00000, 0x0000000783c00000|100%| O|  |TAMS 0x0000000783c00000| PB 0x0000000783c00000| Untracked 
|1054|0x0000000783c00000, 0x0000000783e00000, 0x0000000783e00000|100%| O|  |TAMS 0x0000000783e00000| PB 0x0000000783e00000| Untracked 
|1055|0x0000000783e00000, 0x0000000784000000, 0x0000000784000000|100%| O|  |TAMS 0x0000000784000000| PB 0x0000000784000000| Untracked 
|1056|0x0000000784000000, 0x0000000784200000, 0x0000000784200000|100%| O|  |TAMS 0x0000000784200000| PB 0x0000000784200000| Untracked 
|1057|0x0000000784200000, 0x0000000784400000, 0x0000000784400000|100%| O|  |TAMS 0x0000000784400000| PB 0x0000000784400000| Updating 
|1058|0x0000000784400000, 0x0000000784600000, 0x0000000784600000|100%| O|  |TAMS 0x0000000784600000| PB 0x0000000784600000| Untracked 
|1059|0x0000000784600000, 0x0000000784800000, 0x0000000784800000|100%| O|  |TAMS 0x0000000784800000| PB 0x0000000784800000| Untracked 
|1060|0x0000000784800000, 0x0000000784a00000, 0x0000000784a00000|100%| O|  |TAMS 0x0000000784a00000| PB 0x0000000784a00000| Untracked 
|1061|0x0000000784a00000, 0x0000000784c00000, 0x0000000784c00000|100%| O|  |TAMS 0x0000000784c00000| PB 0x0000000784c00000| Untracked 
|1062|0x0000000784c00000, 0x0000000784e00000, 0x0000000784e00000|100%| O|  |TAMS 0x0000000784e00000| PB 0x0000000784e00000| Untracked 
|1063|0x0000000784e00000, 0x0000000785000000, 0x0000000785000000|100%| O|  |TAMS 0x0000000785000000| PB 0x0000000785000000| Untracked 
|1064|0x0000000785000000, 0x0000000785200000, 0x0000000785200000|100%| O|  |TAMS 0x0000000785200000| PB 0x0000000785200000| Untracked 
|1065|0x0000000785200000, 0x0000000785400000, 0x0000000785400000|100%| O|  |TAMS 0x0000000785400000| PB 0x0000000785400000| Untracked 
|1066|0x0000000785400000, 0x0000000785600000, 0x0000000785600000|100%| O|  |TAMS 0x0000000785600000| PB 0x0000000785600000| Updating 
|1067|0x0000000785600000, 0x0000000785800000, 0x0000000785800000|100%| O|  |TAMS 0x0000000785800000| PB 0x0000000785800000| Updating 
|1068|0x0000000785800000, 0x0000000785a00000, 0x0000000785a00000|100%| O|  |TAMS 0x0000000785a00000| PB 0x0000000785a00000| Updating 
|1069|0x0000000785a00000, 0x0000000785c00000, 0x0000000785c00000|100%| O|  |TAMS 0x0000000785c00000| PB 0x0000000785c00000| Updating 
|1070|0x0000000785c00000, 0x0000000785e00000, 0x0000000785e00000|100%| O|  |TAMS 0x0000000785e00000| PB 0x0000000785e00000| Updating 
|1071|0x0000000785e00000, 0x0000000785e00000, 0x0000000786000000|  0%| F|  |TAMS 0x0000000785e00000| PB 0x0000000785e00000| Untracked 
|1072|0x0000000786000000, 0x0000000786200000, 0x0000000786200000|100%|HS|  |TAMS 0x0000000786200000| PB 0x0000000786000000| Complete 
|1073|0x0000000786200000, 0x0000000786400000, 0x0000000786400000|100%|HS|  |TAMS 0x0000000786400000| PB 0x0000000786200000| Complete 
|1074|0x0000000786400000, 0x0000000786600000, 0x0000000786600000|100%|HC|  |TAMS 0x0000000786600000| PB 0x0000000786400000| Complete 
|1075|0x0000000786600000, 0x0000000786800000, 0x0000000786800000|100%|HC|  |TAMS 0x0000000786800000| PB 0x0000000786600000| Complete 
|1076|0x0000000786800000, 0x0000000786a00000, 0x0000000786a00000|100%|HC|  |TAMS 0x0000000786a00000| PB 0x0000000786800000| Complete 
|1077|0x0000000786a00000, 0x0000000786c00000, 0x0000000786c00000|100%|HC|  |TAMS 0x0000000786c00000| PB 0x0000000786a00000| Complete 
|1078|0x0000000786c00000, 0x0000000786e00000, 0x0000000786e00000|100%|HS|  |TAMS 0x0000000786e00000| PB 0x0000000786c00000| Complete 
|1079|0x0000000786e00000, 0x0000000787000000, 0x0000000787000000|100%|HC|  |TAMS 0x0000000787000000| PB 0x0000000786e00000| Complete 
|1080|0x0000000787000000, 0x0000000787200000, 0x0000000787200000|100%|HC|  |TAMS 0x0000000787200000| PB 0x0000000787000000| Complete 
|1081|0x0000000787200000, 0x0000000787400000, 0x0000000787400000|100%|HC|  |TAMS 0x0000000787400000| PB 0x0000000787200000| Complete 
|1082|0x0000000787400000, 0x0000000787600000, 0x0000000787600000|100%|HC|  |TAMS 0x0000000787600000| PB 0x0000000787400000| Complete 
|1083|0x0000000787600000, 0x0000000787800000, 0x0000000787800000|100%|HS|  |TAMS 0x0000000787800000| PB 0x0000000787600000| Complete 
|1084|0x0000000787800000, 0x0000000787a00000, 0x0000000787a00000|100%|HC|  |TAMS 0x0000000787a00000| PB 0x0000000787800000| Complete 
|1085|0x0000000787a00000, 0x0000000787c00000, 0x0000000787c00000|100%|HC|  |TAMS 0x0000000787c00000| PB 0x0000000787a00000| Complete 
|1086|0x0000000787c00000, 0x0000000787e00000, 0x0000000787e00000|100%|HS|  |TAMS 0x0000000787e00000| PB 0x0000000787c00000| Complete 
|1087|0x0000000787e00000, 0x0000000787e00000, 0x0000000788000000|  0%| F|  |TAMS 0x0000000787e00000| PB 0x0000000787e00000| Untracked 
|1088|0x0000000788000000, 0x0000000788200000, 0x0000000788200000|100%|HS|  |TAMS 0x0000000788200000| PB 0x0000000788000000| Complete 
|1089|0x0000000788200000, 0x0000000788400000, 0x0000000788400000|100%|HC|  |TAMS 0x0000000788400000| PB 0x0000000788200000| Complete 
|1090|0x0000000788400000, 0x0000000788600000, 0x0000000788600000|100%|HC|  |TAMS 0x0000000788600000| PB 0x0000000788400000| Complete 
|1091|0x0000000788600000, 0x0000000788600000, 0x0000000788800000|  0%| F|  |TAMS 0x0000000788600000| PB 0x0000000788600000| Untracked 
|1092|0x0000000788800000, 0x0000000788800000, 0x0000000788a00000|  0%| F|  |TAMS 0x0000000788800000| PB 0x0000000788800000| Untracked 
|1093|0x0000000788a00000, 0x0000000788a00000, 0x0000000788c00000|  0%| F|  |TAMS 0x0000000788a00000| PB 0x0000000788a00000| Untracked 
|1094|0x0000000788c00000, 0x0000000788e00000, 0x0000000788e00000|100%| O|  |TAMS 0x0000000788e00000| PB 0x0000000788e00000| Untracked 
|1095|0x0000000788e00000, 0x0000000789000000, 0x0000000789000000|100%| O|  |TAMS 0x0000000789000000| PB 0x0000000789000000| Untracked 
|1096|0x0000000789000000, 0x0000000789200000, 0x0000000789200000|100%| O|  |TAMS 0x0000000789200000| PB 0x0000000789200000| Untracked 
|1097|0x0000000789200000, 0x0000000789400000, 0x0000000789400000|100%| O|  |TAMS 0x0000000789400000| PB 0x0000000789400000| Untracked 
|1098|0x0000000789400000, 0x0000000789600000, 0x0000000789600000|100%| O|  |TAMS 0x0000000789600000| PB 0x0000000789600000| Untracked 
|1099|0x0000000789600000, 0x0000000789800000, 0x0000000789800000|100%| O|  |TAMS 0x0000000789800000| PB 0x0000000789800000| Untracked 
|1100|0x0000000789800000, 0x0000000789a00000, 0x0000000789a00000|100%| O|  |TAMS 0x0000000789a00000| PB 0x0000000789a00000| Untracked 
|1101|0x0000000789a00000, 0x0000000789c00000, 0x0000000789c00000|100%| O|  |TAMS 0x0000000789c00000| PB 0x0000000789c00000| Untracked 
|1102|0x0000000789c00000, 0x0000000789e00000, 0x0000000789e00000|100%| O|  |TAMS 0x0000000789e00000| PB 0x0000000789e00000| Untracked 
|1103|0x0000000789e00000, 0x000000078a000000, 0x000000078a000000|100%| O|  |TAMS 0x000000078a000000| PB 0x000000078a000000| Untracked 
|1104|0x000000078a000000, 0x000000078a200000, 0x000000078a200000|100%| O|  |TAMS 0x000000078a200000| PB 0x000000078a200000| Untracked 
|1105|0x000000078a200000, 0x000000078a400000, 0x000000078a400000|100%| O|  |TAMS 0x000000078a400000| PB 0x000000078a400000| Untracked 
|1106|0x000000078a400000, 0x000000078a600000, 0x000000078a600000|100%| O|  |TAMS 0x000000078a600000| PB 0x000000078a600000| Untracked 
|1107|0x000000078a600000, 0x000000078a800000, 0x000000078a800000|100%| O|  |TAMS 0x000000078a800000| PB 0x000000078a800000| Untracked 
|1108|0x000000078a800000, 0x000000078aa00000, 0x000000078aa00000|100%| O|  |TAMS 0x000000078aa00000| PB 0x000000078aa00000| Untracked 
|1109|0x000000078aa00000, 0x000000078ac00000, 0x000000078ac00000|100%| O|  |TAMS 0x000000078ac00000| PB 0x000000078ac00000| Untracked 
|1110|0x000000078ac00000, 0x000000078ae00000, 0x000000078ae00000|100%| O|  |TAMS 0x000000078ae00000| PB 0x000000078ae00000| Untracked 
|1111|0x000000078ae00000, 0x000000078b000000, 0x000000078b000000|100%| O|  |TAMS 0x000000078b000000| PB 0x000000078b000000| Untracked 
|1112|0x000000078b000000, 0x000000078b200000, 0x000000078b200000|100%| O|  |TAMS 0x000000078b200000| PB 0x000000078b200000| Untracked 
|1113|0x000000078b200000, 0x000000078b400000, 0x000000078b400000|100%| O|  |TAMS 0x000000078b400000| PB 0x000000078b400000| Untracked 
|1114|0x000000078b400000, 0x000000078b600000, 0x000000078b600000|100%| O|  |TAMS 0x000000078b600000| PB 0x000000078b600000| Untracked 
|1115|0x000000078b600000, 0x000000078b800000, 0x000000078b800000|100%| O|  |TAMS 0x000000078b800000| PB 0x000000078b800000| Untracked 
|1116|0x000000078b800000, 0x000000078ba00000, 0x000000078ba00000|100%| O|  |TAMS 0x000000078ba00000| PB 0x000000078ba00000| Untracked 
|1117|0x000000078ba00000, 0x000000078bc00000, 0x000000078bc00000|100%| O|  |TAMS 0x000000078bc00000| PB 0x000000078bc00000| Untracked 
|1118|0x000000078bc00000, 0x000000078be00000, 0x000000078be00000|100%| O|  |TAMS 0x000000078be00000| PB 0x000000078be00000| Untracked 
|1119|0x000000078be00000, 0x000000078c000000, 0x000000078c000000|100%| O|  |TAMS 0x000000078c000000| PB 0x000000078c000000| Untracked 
|1120|0x000000078c000000, 0x000000078c200000, 0x000000078c200000|100%| O|  |TAMS 0x000000078c200000| PB 0x000000078c200000| Untracked 
|1121|0x000000078c200000, 0x000000078c400000, 0x000000078c400000|100%| O|  |TAMS 0x000000078c400000| PB 0x000000078c400000| Untracked 
|1122|0x000000078c400000, 0x000000078c600000, 0x000000078c600000|100%| O|  |TAMS 0x000000078c600000| PB 0x000000078c600000| Untracked 
|1123|0x000000078c600000, 0x000000078c800000, 0x000000078c800000|100%| O|  |TAMS 0x000000078c800000| PB 0x000000078c800000| Untracked 
|1124|0x000000078c800000, 0x000000078ca00000, 0x000000078ca00000|100%| O|  |TAMS 0x000000078ca00000| PB 0x000000078ca00000| Untracked 
|1125|0x000000078ca00000, 0x000000078cc00000, 0x000000078cc00000|100%| O|  |TAMS 0x000000078cc00000| PB 0x000000078cc00000| Untracked 
|1126|0x000000078cc00000, 0x000000078ce00000, 0x000000078ce00000|100%| O|  |TAMS 0x000000078ce00000| PB 0x000000078ce00000| Untracked 
|1127|0x000000078ce00000, 0x000000078d000000, 0x000000078d000000|100%| O|  |TAMS 0x000000078d000000| PB 0x000000078d000000| Untracked 
|1128|0x000000078d000000, 0x000000078d200000, 0x000000078d200000|100%| O|  |TAMS 0x000000078d200000| PB 0x000000078d200000| Untracked 
|1129|0x000000078d200000, 0x000000078d400000, 0x000000078d400000|100%| O|  |TAMS 0x000000078d400000| PB 0x000000078d400000| Untracked 
|1130|0x000000078d400000, 0x000000078d600000, 0x000000078d600000|100%| O|  |TAMS 0x000000078d600000| PB 0x000000078d600000| Updating 
|1131|0x000000078d600000, 0x000000078d800000, 0x000000078d800000|100%| O|  |TAMS 0x000000078d800000| PB 0x000000078d800000| Updating 
|1132|0x000000078d800000, 0x000000078da00000, 0x000000078da00000|100%| O|  |TAMS 0x000000078d99e7d0| PB 0x000000078d99e7d0| Updating 
|1133|0x000000078da00000, 0x000000078da00000, 0x000000078dc00000|  0%| F|  |TAMS 0x000000078da00000| PB 0x000000078da00000| Untracked 
|1134|0x000000078dc00000, 0x000000078dc00000, 0x000000078de00000|  0%| F|  |TAMS 0x000000078dc00000| PB 0x000000078dc00000| Untracked 
|1135|0x000000078de00000, 0x000000078de00000, 0x000000078e000000|  0%| F|  |TAMS 0x000000078de00000| PB 0x000000078de00000| Untracked 
|1136|0x000000078e000000, 0x000000078e000000, 0x000000078e200000|  0%| F|  |TAMS 0x000000078e000000| PB 0x000000078e000000| Untracked 
|1137|0x000000078e200000, 0x000000078e200000, 0x000000078e400000|  0%| F|  |TAMS 0x000000078e200000| PB 0x000000078e200000| Untracked 
|1138|0x000000078e400000, 0x000000078e400000, 0x000000078e600000|  0%| F|  |TAMS 0x000000078e400000| PB 0x000000078e400000| Untracked 
|1139|0x000000078e600000, 0x000000078e600000, 0x000000078e800000|  0%| F|  |TAMS 0x000000078e600000| PB 0x000000078e600000| Untracked 
|1140|0x000000078e800000, 0x000000078e800000, 0x000000078ea00000|  0%| F|  |TAMS 0x000000078e800000| PB 0x000000078e800000| Untracked 
|1141|0x000000078ea00000, 0x000000078ea00000, 0x000000078ec00000|  0%| F|  |TAMS 0x000000078ea00000| PB 0x000000078ea00000| Untracked 
|1142|0x000000078ec00000, 0x000000078ec00000, 0x000000078ee00000|  0%| F|  |TAMS 0x000000078ec00000| PB 0x000000078ec00000| Untracked 
|1143|0x000000078ee00000, 0x000000078ee00000, 0x000000078f000000|  0%| F|  |TAMS 0x000000078ee00000| PB 0x000000078ee00000| Untracked 
|1144|0x000000078f000000, 0x000000078f000000, 0x000000078f200000|  0%| F|  |TAMS 0x000000078f000000| PB 0x000000078f000000| Untracked 
|1145|0x000000078f200000, 0x000000078f200000, 0x000000078f400000|  0%| F|  |TAMS 0x000000078f200000| PB 0x000000078f200000| Untracked 
|1146|0x000000078f400000, 0x000000078f400000, 0x000000078f600000|  0%| F|  |TAMS 0x000000078f400000| PB 0x000000078f400000| Untracked 
|1147|0x000000078f600000, 0x000000078f600000, 0x000000078f800000|  0%| F|  |TAMS 0x000000078f600000| PB 0x000000078f600000| Untracked 
|1148|0x000000078f800000, 0x000000078f800000, 0x000000078fa00000|  0%| F|  |TAMS 0x000000078f800000| PB 0x000000078f800000| Untracked 
|1149|0x000000078fa00000, 0x000000078fa00000, 0x000000078fc00000|  0%| F|  |TAMS 0x000000078fa00000| PB 0x000000078fa00000| Untracked 
|1150|0x000000078fc00000, 0x000000078fc00000, 0x000000078fe00000|  0%| F|  |TAMS 0x000000078fc00000| PB 0x000000078fc00000| Untracked 
|1151|0x000000078fe00000, 0x000000078fe00000, 0x0000000790000000|  0%| F|  |TAMS 0x000000078fe00000| PB 0x000000078fe00000| Untracked 
|1152|0x0000000790000000, 0x0000000790000000, 0x0000000790200000|  0%| F|  |TAMS 0x0000000790000000| PB 0x0000000790000000| Untracked 
|1153|0x0000000790200000, 0x0000000790200000, 0x0000000790400000|  0%| F|  |TAMS 0x0000000790200000| PB 0x0000000790200000| Untracked 
|1154|0x0000000790400000, 0x0000000790400000, 0x0000000790600000|  0%| F|  |TAMS 0x0000000790400000| PB 0x0000000790400000| Untracked 
|1155|0x0000000790600000, 0x0000000790600000, 0x0000000790800000|  0%| F|  |TAMS 0x0000000790600000| PB 0x0000000790600000| Untracked 
|1156|0x0000000790800000, 0x0000000790800000, 0x0000000790a00000|  0%| F|  |TAMS 0x0000000790800000| PB 0x0000000790800000| Untracked 
|1157|0x0000000790a00000, 0x0000000790a00000, 0x0000000790c00000|  0%| F|  |TAMS 0x0000000790a00000| PB 0x0000000790a00000| Untracked 
|1158|0x0000000790c00000, 0x0000000790c00000, 0x0000000790e00000|  0%| F|  |TAMS 0x0000000790c00000| PB 0x0000000790c00000| Untracked 
|1159|0x0000000790e00000, 0x0000000790e00000, 0x0000000791000000|  0%| F|  |TAMS 0x0000000790e00000| PB 0x0000000790e00000| Untracked 
|1160|0x0000000791000000, 0x0000000791000000, 0x0000000791200000|  0%| F|  |TAMS 0x0000000791000000| PB 0x0000000791000000| Untracked 
|1161|0x0000000791200000, 0x0000000791200000, 0x0000000791400000|  0%| F|  |TAMS 0x0000000791200000| PB 0x0000000791200000| Untracked 
|1162|0x0000000791400000, 0x0000000791400000, 0x0000000791600000|  0%| F|  |TAMS 0x0000000791400000| PB 0x0000000791400000| Untracked 
|1163|0x0000000791600000, 0x0000000791600000, 0x0000000791800000|  0%| F|  |TAMS 0x0000000791600000| PB 0x0000000791600000| Untracked 
|1164|0x0000000791800000, 0x0000000791800000, 0x0000000791a00000|  0%| F|  |TAMS 0x0000000791800000| PB 0x0000000791800000| Untracked 
|1165|0x0000000791a00000, 0x0000000791a00000, 0x0000000791c00000|  0%| F|  |TAMS 0x0000000791a00000| PB 0x0000000791a00000| Untracked 
|1166|0x0000000791c00000, 0x0000000791c00000, 0x0000000791e00000|  0%| F|  |TAMS 0x0000000791c00000| PB 0x0000000791c00000| Untracked 
|1167|0x0000000791e00000, 0x0000000791e00000, 0x0000000792000000|  0%| F|  |TAMS 0x0000000791e00000| PB 0x0000000791e00000| Untracked 
|1168|0x0000000792000000, 0x0000000792000000, 0x0000000792200000|  0%| F|  |TAMS 0x0000000792000000| PB 0x0000000792000000| Untracked 
|1169|0x0000000792200000, 0x0000000792200000, 0x0000000792400000|  0%| F|  |TAMS 0x0000000792200000| PB 0x0000000792200000| Untracked 
|1170|0x0000000792400000, 0x0000000792400000, 0x0000000792600000|  0%| F|  |TAMS 0x0000000792400000| PB 0x0000000792400000| Untracked 
|1171|0x0000000792600000, 0x0000000792600000, 0x0000000792800000|  0%| F|  |TAMS 0x0000000792600000| PB 0x0000000792600000| Untracked 
|1172|0x0000000792800000, 0x0000000792800000, 0x0000000792a00000|  0%| F|  |TAMS 0x0000000792800000| PB 0x0000000792800000| Untracked 
|1173|0x0000000792a00000, 0x0000000792a00000, 0x0000000792c00000|  0%| F|  |TAMS 0x0000000792a00000| PB 0x0000000792a00000| Untracked 
|1174|0x0000000792c00000, 0x0000000792c00000, 0x0000000792e00000|  0%| F|  |TAMS 0x0000000792c00000| PB 0x0000000792c00000| Untracked 
|1175|0x0000000792e00000, 0x0000000792e00000, 0x0000000793000000|  0%| F|  |TAMS 0x0000000792e00000| PB 0x0000000792e00000| Untracked 
|1176|0x0000000793000000, 0x0000000793000000, 0x0000000793200000|  0%| F|  |TAMS 0x0000000793000000| PB 0x0000000793000000| Untracked 
|1177|0x0000000793200000, 0x0000000793200000, 0x0000000793400000|  0%| F|  |TAMS 0x0000000793200000| PB 0x0000000793200000| Untracked 
|1178|0x0000000793400000, 0x0000000793400000, 0x0000000793600000|  0%| F|  |TAMS 0x0000000793400000| PB 0x0000000793400000| Untracked 
|1179|0x0000000793600000, 0x0000000793600000, 0x0000000793800000|  0%| F|  |TAMS 0x0000000793600000| PB 0x0000000793600000| Untracked 
|1180|0x0000000793800000, 0x0000000793800000, 0x0000000793a00000|  0%| F|  |TAMS 0x0000000793800000| PB 0x0000000793800000| Untracked 
|1181|0x0000000793a00000, 0x0000000793a00000, 0x0000000793c00000|  0%| F|  |TAMS 0x0000000793a00000| PB 0x0000000793a00000| Untracked 
|1182|0x0000000793c00000, 0x0000000793c00000, 0x0000000793e00000|  0%| F|  |TAMS 0x0000000793c00000| PB 0x0000000793c00000| Untracked 
|1183|0x0000000793e00000, 0x0000000793e00000, 0x0000000794000000|  0%| F|  |TAMS 0x0000000793e00000| PB 0x0000000793e00000| Untracked 
|1184|0x0000000794000000, 0x0000000794000000, 0x0000000794200000|  0%| F|  |TAMS 0x0000000794000000| PB 0x0000000794000000| Untracked 
|1185|0x0000000794200000, 0x0000000794200000, 0x0000000794400000|  0%| F|  |TAMS 0x0000000794200000| PB 0x0000000794200000| Untracked 
|1186|0x0000000794400000, 0x0000000794400000, 0x0000000794600000|  0%| F|  |TAMS 0x0000000794400000| PB 0x0000000794400000| Untracked 
|1187|0x0000000794600000, 0x0000000794600000, 0x0000000794800000|  0%| F|  |TAMS 0x0000000794600000| PB 0x0000000794600000| Untracked 
|1188|0x0000000794800000, 0x0000000794800000, 0x0000000794a00000|  0%| F|  |TAMS 0x0000000794800000| PB 0x0000000794800000| Untracked 
|1189|0x0000000794a00000, 0x0000000794a00000, 0x0000000794c00000|  0%| F|  |TAMS 0x0000000794a00000| PB 0x0000000794a00000| Untracked 
|1190|0x0000000794c00000, 0x0000000794c00000, 0x0000000794e00000|  0%| F|  |TAMS 0x0000000794c00000| PB 0x0000000794c00000| Untracked 
|1191|0x0000000794e00000, 0x0000000794e00000, 0x0000000795000000|  0%| F|  |TAMS 0x0000000794e00000| PB 0x0000000794e00000| Untracked 
|1192|0x0000000795000000, 0x0000000795000000, 0x0000000795200000|  0%| F|  |TAMS 0x0000000795000000| PB 0x0000000795000000| Untracked 
|1193|0x0000000795200000, 0x0000000795200000, 0x0000000795400000|  0%| F|  |TAMS 0x0000000795200000| PB 0x0000000795200000| Untracked 
|1194|0x0000000795400000, 0x0000000795400000, 0x0000000795600000|  0%| F|  |TAMS 0x0000000795400000| PB 0x0000000795400000| Untracked 
|1195|0x0000000795600000, 0x0000000795600000, 0x0000000795800000|  0%| F|  |TAMS 0x0000000795600000| PB 0x0000000795600000| Untracked 
|1196|0x0000000795800000, 0x0000000795800000, 0x0000000795a00000|  0%| F|  |TAMS 0x0000000795800000| PB 0x0000000795800000| Untracked 
|1197|0x0000000795a00000, 0x0000000795a00000, 0x0000000795c00000|  0%| F|  |TAMS 0x0000000795a00000| PB 0x0000000795a00000| Untracked 
|1198|0x0000000795c00000, 0x0000000795c00000, 0x0000000795e00000|  0%| F|  |TAMS 0x0000000795c00000| PB 0x0000000795c00000| Untracked 
|1199|0x0000000795e00000, 0x0000000795e00000, 0x0000000796000000|  0%| F|  |TAMS 0x0000000795e00000| PB 0x0000000795e00000| Untracked 
|1200|0x0000000796000000, 0x0000000796000000, 0x0000000796200000|  0%| F|  |TAMS 0x0000000796000000| PB 0x0000000796000000| Untracked 
|1201|0x0000000796200000, 0x0000000796200000, 0x0000000796400000|  0%| F|  |TAMS 0x0000000796200000| PB 0x0000000796200000| Untracked 
|1202|0x0000000796400000, 0x0000000796400000, 0x0000000796600000|  0%| F|  |TAMS 0x0000000796400000| PB 0x0000000796400000| Untracked 
|1203|0x0000000796600000, 0x0000000796600000, 0x0000000796800000|  0%| F|  |TAMS 0x0000000796600000| PB 0x0000000796600000| Untracked 
|1204|0x0000000796800000, 0x0000000796800000, 0x0000000796a00000|  0%| F|  |TAMS 0x0000000796800000| PB 0x0000000796800000| Untracked 
|1205|0x0000000796a00000, 0x0000000796a00000, 0x0000000796c00000|  0%| F|  |TAMS 0x0000000796a00000| PB 0x0000000796a00000| Untracked 
|1206|0x0000000796c00000, 0x0000000796c00000, 0x0000000796e00000|  0%| F|  |TAMS 0x0000000796c00000| PB 0x0000000796c00000| Untracked 
|1207|0x0000000796e00000, 0x0000000796e00000, 0x0000000797000000|  0%| F|  |TAMS 0x0000000796e00000| PB 0x0000000796e00000| Untracked 
|1208|0x0000000797000000, 0x0000000797000000, 0x0000000797200000|  0%| F|  |TAMS 0x0000000797000000| PB 0x0000000797000000| Untracked 
|1209|0x0000000797200000, 0x0000000797200000, 0x0000000797400000|  0%| F|  |TAMS 0x0000000797200000| PB 0x0000000797200000| Untracked 
|1210|0x0000000797400000, 0x0000000797400000, 0x0000000797600000|  0%| F|  |TAMS 0x0000000797400000| PB 0x0000000797400000| Untracked 
|1211|0x0000000797600000, 0x0000000797600000, 0x0000000797800000|  0%| F|  |TAMS 0x0000000797600000| PB 0x0000000797600000| Untracked 
|1212|0x0000000797800000, 0x0000000797800000, 0x0000000797a00000|  0%| F|  |TAMS 0x0000000797800000| PB 0x0000000797800000| Untracked 
|1213|0x0000000797a00000, 0x0000000797a00000, 0x0000000797c00000|  0%| F|  |TAMS 0x0000000797a00000| PB 0x0000000797a00000| Untracked 
|1214|0x0000000797c00000, 0x0000000797c00000, 0x0000000797e00000|  0%| F|  |TAMS 0x0000000797c00000| PB 0x0000000797c00000| Untracked 
|1215|0x0000000797e00000, 0x0000000797e00000, 0x0000000798000000|  0%| F|  |TAMS 0x0000000797e00000| PB 0x0000000797e00000| Untracked 
|1216|0x0000000798000000, 0x0000000798000000, 0x0000000798200000|  0%| F|  |TAMS 0x0000000798000000| PB 0x0000000798000000| Untracked 
|1217|0x0000000798200000, 0x0000000798200000, 0x0000000798400000|  0%| F|  |TAMS 0x0000000798200000| PB 0x0000000798200000| Untracked 
|1218|0x0000000798400000, 0x0000000798400000, 0x0000000798600000|  0%| F|  |TAMS 0x0000000798400000| PB 0x0000000798400000| Untracked 
|1219|0x0000000798600000, 0x0000000798600000, 0x0000000798800000|  0%| F|  |TAMS 0x0000000798600000| PB 0x0000000798600000| Untracked 
|1220|0x0000000798800000, 0x0000000798800000, 0x0000000798a00000|  0%| F|  |TAMS 0x0000000798800000| PB 0x0000000798800000| Untracked 
|1221|0x0000000798a00000, 0x0000000798a00000, 0x0000000798c00000|  0%| F|  |TAMS 0x0000000798a00000| PB 0x0000000798a00000| Untracked 
|1222|0x0000000798c00000, 0x0000000798c00000, 0x0000000798e00000|  0%| F|  |TAMS 0x0000000798c00000| PB 0x0000000798c00000| Untracked 
|1223|0x0000000798e00000, 0x0000000798e00000, 0x0000000799000000|  0%| F|  |TAMS 0x0000000798e00000| PB 0x0000000798e00000| Untracked 
|1224|0x0000000799000000, 0x0000000799000000, 0x0000000799200000|  0%| F|  |TAMS 0x0000000799000000| PB 0x0000000799000000| Untracked 
|1225|0x0000000799200000, 0x0000000799200000, 0x0000000799400000|  0%| F|  |TAMS 0x0000000799200000| PB 0x0000000799200000| Untracked 
|1226|0x0000000799400000, 0x0000000799400000, 0x0000000799600000|  0%| F|  |TAMS 0x0000000799400000| PB 0x0000000799400000| Untracked 
|1227|0x0000000799600000, 0x0000000799600000, 0x0000000799800000|  0%| F|  |TAMS 0x0000000799600000| PB 0x0000000799600000| Untracked 
|1228|0x0000000799800000, 0x0000000799800000, 0x0000000799a00000|  0%| F|  |TAMS 0x0000000799800000| PB 0x0000000799800000| Untracked 
|1229|0x0000000799a00000, 0x0000000799a00000, 0x0000000799c00000|  0%| F|  |TAMS 0x0000000799a00000| PB 0x0000000799a00000| Untracked 
|1230|0x0000000799c00000, 0x0000000799c00000, 0x0000000799e00000|  0%| F|  |TAMS 0x0000000799c00000| PB 0x0000000799c00000| Untracked 
|1231|0x0000000799e00000, 0x0000000799e00000, 0x000000079a000000|  0%| F|  |TAMS 0x0000000799e00000| PB 0x0000000799e00000| Untracked 
|1232|0x000000079a000000, 0x000000079a000000, 0x000000079a200000|  0%| F|  |TAMS 0x000000079a000000| PB 0x000000079a000000| Untracked 
|1233|0x000000079a200000, 0x000000079a200000, 0x000000079a400000|  0%| F|  |TAMS 0x000000079a200000| PB 0x000000079a200000| Untracked 
|1234|0x000000079a400000, 0x000000079a400000, 0x000000079a600000|  0%| F|  |TAMS 0x000000079a400000| PB 0x000000079a400000| Untracked 
|1235|0x000000079a600000, 0x000000079a600000, 0x000000079a800000|  0%| F|  |TAMS 0x000000079a600000| PB 0x000000079a600000| Untracked 
|1236|0x000000079a800000, 0x000000079a800000, 0x000000079aa00000|  0%| F|  |TAMS 0x000000079a800000| PB 0x000000079a800000| Untracked 
|1237|0x000000079aa00000, 0x000000079aa00000, 0x000000079ac00000|  0%| F|  |TAMS 0x000000079aa00000| PB 0x000000079aa00000| Untracked 
|1238|0x000000079ac00000, 0x000000079ac00000, 0x000000079ae00000|  0%| F|  |TAMS 0x000000079ac00000| PB 0x000000079ac00000| Untracked 
|1239|0x000000079ae00000, 0x000000079ae00000, 0x000000079b000000|  0%| F|  |TAMS 0x000000079ae00000| PB 0x000000079ae00000| Untracked 
|1240|0x000000079b000000, 0x000000079b000000, 0x000000079b200000|  0%| F|  |TAMS 0x000000079b000000| PB 0x000000079b000000| Untracked 
|1241|0x000000079b200000, 0x000000079b200000, 0x000000079b400000|  0%| F|  |TAMS 0x000000079b200000| PB 0x000000079b200000| Untracked 
|1242|0x000000079b400000, 0x000000079b400000, 0x000000079b600000|  0%| F|  |TAMS 0x000000079b400000| PB 0x000000079b400000| Untracked 
|1243|0x000000079b600000, 0x000000079b600000, 0x000000079b800000|  0%| F|  |TAMS 0x000000079b600000| PB 0x000000079b600000| Untracked 
|1244|0x000000079b800000, 0x000000079b800000, 0x000000079ba00000|  0%| F|  |TAMS 0x000000079b800000| PB 0x000000079b800000| Untracked 
|1245|0x000000079ba00000, 0x000000079ba00000, 0x000000079bc00000|  0%| F|  |TAMS 0x000000079ba00000| PB 0x000000079ba00000| Untracked 
|1246|0x000000079bc00000, 0x000000079bc00000, 0x000000079be00000|  0%| F|  |TAMS 0x000000079bc00000| PB 0x000000079bc00000| Untracked 
|1247|0x000000079be00000, 0x000000079be00000, 0x000000079c000000|  0%| F|  |TAMS 0x000000079be00000| PB 0x000000079be00000| Untracked 
|1248|0x000000079c000000, 0x000000079c000000, 0x000000079c200000|  0%| F|  |TAMS 0x000000079c000000| PB 0x000000079c000000| Untracked 
|1249|0x000000079c200000, 0x000000079c200000, 0x000000079c400000|  0%| F|  |TAMS 0x000000079c200000| PB 0x000000079c200000| Untracked 
|1250|0x000000079c400000, 0x000000079c400000, 0x000000079c600000|  0%| F|  |TAMS 0x000000079c400000| PB 0x000000079c400000| Untracked 
|1251|0x000000079c600000, 0x000000079c600000, 0x000000079c800000|  0%| F|  |TAMS 0x000000079c600000| PB 0x000000079c600000| Untracked 
|1252|0x000000079c800000, 0x000000079c800000, 0x000000079ca00000|  0%| F|  |TAMS 0x000000079c800000| PB 0x000000079c800000| Untracked 
|1253|0x000000079ca00000, 0x000000079ca00000, 0x000000079cc00000|  0%| F|  |TAMS 0x000000079ca00000| PB 0x000000079ca00000| Untracked 
|1254|0x000000079cc00000, 0x000000079cc00000, 0x000000079ce00000|  0%| F|  |TAMS 0x000000079cc00000| PB 0x000000079cc00000| Untracked 
|1255|0x000000079ce00000, 0x000000079ce00000, 0x000000079d000000|  0%| F|  |TAMS 0x000000079ce00000| PB 0x000000079ce00000| Untracked 
|1256|0x000000079d000000, 0x000000079d000000, 0x000000079d200000|  0%| F|  |TAMS 0x000000079d000000| PB 0x000000079d000000| Untracked 
|1257|0x000000079d200000, 0x000000079d200000, 0x000000079d400000|  0%| F|  |TAMS 0x000000079d200000| PB 0x000000079d200000| Untracked 
|1258|0x000000079d400000, 0x000000079d400000, 0x000000079d600000|  0%| F|  |TAMS 0x000000079d400000| PB 0x000000079d400000| Untracked 
|1259|0x000000079d600000, 0x000000079d600000, 0x000000079d800000|  0%| F|  |TAMS 0x000000079d600000| PB 0x000000079d600000| Untracked 
|1260|0x000000079d800000, 0x000000079d800000, 0x000000079da00000|  0%| F|  |TAMS 0x000000079d800000| PB 0x000000079d800000| Untracked 
|1261|0x000000079da00000, 0x000000079da00000, 0x000000079dc00000|  0%| F|  |TAMS 0x000000079da00000| PB 0x000000079da00000| Untracked 
|1262|0x000000079dc00000, 0x000000079dc00000, 0x000000079de00000|  0%| F|  |TAMS 0x000000079dc00000| PB 0x000000079dc00000| Untracked 
|1263|0x000000079de00000, 0x000000079de00000, 0x000000079e000000|  0%| F|  |TAMS 0x000000079de00000| PB 0x000000079de00000| Untracked 
|1264|0x000000079e000000, 0x000000079e000000, 0x000000079e200000|  0%| F|  |TAMS 0x000000079e000000| PB 0x000000079e000000| Untracked 
|1265|0x000000079e200000, 0x000000079e200000, 0x000000079e400000|  0%| F|  |TAMS 0x000000079e200000| PB 0x000000079e200000| Untracked 
|1266|0x000000079e400000, 0x000000079e400000, 0x000000079e600000|  0%| F|  |TAMS 0x000000079e400000| PB 0x000000079e400000| Untracked 
|1267|0x000000079e600000, 0x000000079e600000, 0x000000079e800000|  0%| F|  |TAMS 0x000000079e600000| PB 0x000000079e600000| Untracked 
|1268|0x000000079e800000, 0x000000079e800000, 0x000000079ea00000|  0%| F|  |TAMS 0x000000079e800000| PB 0x000000079e800000| Untracked 
|1269|0x000000079ea00000, 0x000000079ea00000, 0x000000079ec00000|  0%| F|  |TAMS 0x000000079ea00000| PB 0x000000079ea00000| Untracked 
|1270|0x000000079ec00000, 0x000000079ec00000, 0x000000079ee00000|  0%| F|  |TAMS 0x000000079ec00000| PB 0x000000079ec00000| Untracked 
|1271|0x000000079ee00000, 0x000000079ee00000, 0x000000079f000000|  0%| F|  |TAMS 0x000000079ee00000| PB 0x000000079ee00000| Untracked 
|1272|0x000000079f000000, 0x000000079f000000, 0x000000079f200000|  0%| F|  |TAMS 0x000000079f000000| PB 0x000000079f000000| Untracked 
|1273|0x000000079f200000, 0x000000079f200000, 0x000000079f400000|  0%| F|  |TAMS 0x000000079f200000| PB 0x000000079f200000| Untracked 
|1274|0x000000079f400000, 0x000000079f400000, 0x000000079f600000|  0%| F|  |TAMS 0x000000079f400000| PB 0x000000079f400000| Untracked 
|1275|0x000000079f600000, 0x000000079f600000, 0x000000079f800000|  0%| F|  |TAMS 0x000000079f600000| PB 0x000000079f600000| Untracked 
|1276|0x000000079f800000, 0x000000079f800000, 0x000000079fa00000|  0%| F|  |TAMS 0x000000079f800000| PB 0x000000079f800000| Untracked 
|1277|0x000000079fa00000, 0x000000079fa00000, 0x000000079fc00000|  0%| F|  |TAMS 0x000000079fa00000| PB 0x000000079fa00000| Untracked 
|1278|0x000000079fc00000, 0x000000079fc00000, 0x000000079fe00000|  0%| F|  |TAMS 0x000000079fc00000| PB 0x000000079fc00000| Untracked 
|1279|0x000000079fe00000, 0x000000079fe00000, 0x00000007a0000000|  0%| F|  |TAMS 0x000000079fe00000| PB 0x000000079fe00000| Untracked 
|1280|0x00000007a0000000, 0x00000007a0000000, 0x00000007a0200000|  0%| F|  |TAMS 0x00000007a0000000| PB 0x00000007a0000000| Untracked 
|1281|0x00000007a0200000, 0x00000007a0200000, 0x00000007a0400000|  0%| F|  |TAMS 0x00000007a0200000| PB 0x00000007a0200000| Untracked 
|1282|0x00000007a0400000, 0x00000007a0400000, 0x00000007a0600000|  0%| F|  |TAMS 0x00000007a0400000| PB 0x00000007a0400000| Untracked 
|1283|0x00000007a0600000, 0x00000007a0600000, 0x00000007a0800000|  0%| F|  |TAMS 0x00000007a0600000| PB 0x00000007a0600000| Untracked 
|1284|0x00000007a0800000, 0x00000007a0800000, 0x00000007a0a00000|  0%| F|  |TAMS 0x00000007a0800000| PB 0x00000007a0800000| Untracked 
|1285|0x00000007a0a00000, 0x00000007a0a00000, 0x00000007a0c00000|  0%| F|  |TAMS 0x00000007a0a00000| PB 0x00000007a0a00000| Untracked 
|1286|0x00000007a0c00000, 0x00000007a0c00000, 0x00000007a0e00000|  0%| F|  |TAMS 0x00000007a0c00000| PB 0x00000007a0c00000| Untracked 
|1287|0x00000007a0e00000, 0x00000007a0e00000, 0x00000007a1000000|  0%| F|  |TAMS 0x00000007a0e00000| PB 0x00000007a0e00000| Untracked 
|1288|0x00000007a1000000, 0x00000007a1000000, 0x00000007a1200000|  0%| F|  |TAMS 0x00000007a1000000| PB 0x00000007a1000000| Untracked 
|1289|0x00000007a1200000, 0x00000007a1200000, 0x00000007a1400000|  0%| F|  |TAMS 0x00000007a1200000| PB 0x00000007a1200000| Untracked 
|1290|0x00000007a1400000, 0x00000007a1400000, 0x00000007a1600000|  0%| F|  |TAMS 0x00000007a1400000| PB 0x00000007a1400000| Untracked 
|1291|0x00000007a1600000, 0x00000007a1600000, 0x00000007a1800000|  0%| F|  |TAMS 0x00000007a1600000| PB 0x00000007a1600000| Untracked 
|1292|0x00000007a1800000, 0x00000007a1800000, 0x00000007a1a00000|  0%| F|  |TAMS 0x00000007a1800000| PB 0x00000007a1800000| Untracked 
|1293|0x00000007a1a00000, 0x00000007a1a00000, 0x00000007a1c00000|  0%| F|  |TAMS 0x00000007a1a00000| PB 0x00000007a1a00000| Untracked 
|1294|0x00000007a1c00000, 0x00000007a1c00000, 0x00000007a1e00000|  0%| F|  |TAMS 0x00000007a1c00000| PB 0x00000007a1c00000| Untracked 
|1295|0x00000007a1e00000, 0x00000007a1e00000, 0x00000007a2000000|  0%| F|  |TAMS 0x00000007a1e00000| PB 0x00000007a1e00000| Untracked 
|1296|0x00000007a2000000, 0x00000007a2000000, 0x00000007a2200000|  0%| F|  |TAMS 0x00000007a2000000| PB 0x00000007a2000000| Untracked 
|1297|0x00000007a2200000, 0x00000007a2200000, 0x00000007a2400000|  0%| F|  |TAMS 0x00000007a2200000| PB 0x00000007a2200000| Untracked 
|1298|0x00000007a2400000, 0x00000007a2400000, 0x00000007a2600000|  0%| F|  |TAMS 0x00000007a2400000| PB 0x00000007a2400000| Untracked 
|1299|0x00000007a2600000, 0x00000007a2600000, 0x00000007a2800000|  0%| F|  |TAMS 0x00000007a2600000| PB 0x00000007a2600000| Untracked 
|1300|0x00000007a2800000, 0x00000007a2800000, 0x00000007a2a00000|  0%| F|  |TAMS 0x00000007a2800000| PB 0x00000007a2800000| Untracked 
|1301|0x00000007a2a00000, 0x00000007a2a00000, 0x00000007a2c00000|  0%| F|  |TAMS 0x00000007a2a00000| PB 0x00000007a2a00000| Untracked 
|1302|0x00000007a2c00000, 0x00000007a2c00000, 0x00000007a2e00000|  0%| F|  |TAMS 0x00000007a2c00000| PB 0x00000007a2c00000| Untracked 
|1303|0x00000007a2e00000, 0x00000007a2e00000, 0x00000007a3000000|  0%| F|  |TAMS 0x00000007a2e00000| PB 0x00000007a2e00000| Untracked 
|1304|0x00000007a3000000, 0x00000007a3000000, 0x00000007a3200000|  0%| F|  |TAMS 0x00000007a3000000| PB 0x00000007a3000000| Untracked 
|1305|0x00000007a3200000, 0x00000007a3200000, 0x00000007a3400000|  0%| F|  |TAMS 0x00000007a3200000| PB 0x00000007a3200000| Untracked 
|1306|0x00000007a3400000, 0x00000007a3400000, 0x00000007a3600000|  0%| F|  |TAMS 0x00000007a3400000| PB 0x00000007a3400000| Untracked 
|1307|0x00000007a3600000, 0x00000007a3600000, 0x00000007a3800000|  0%| F|  |TAMS 0x00000007a3600000| PB 0x00000007a3600000| Untracked 
|1308|0x00000007a3800000, 0x00000007a3800000, 0x00000007a3a00000|  0%| F|  |TAMS 0x00000007a3800000| PB 0x00000007a3800000| Untracked 
|1309|0x00000007a3a00000, 0x00000007a3a00000, 0x00000007a3c00000|  0%| F|  |TAMS 0x00000007a3a00000| PB 0x00000007a3a00000| Untracked 
|1310|0x00000007a3c00000, 0x00000007a3c00000, 0x00000007a3e00000|  0%| F|  |TAMS 0x00000007a3c00000| PB 0x00000007a3c00000| Untracked 
|1311|0x00000007a3e00000, 0x00000007a3e00000, 0x00000007a4000000|  0%| F|  |TAMS 0x00000007a3e00000| PB 0x00000007a3e00000| Untracked 
|1312|0x00000007a4000000, 0x00000007a4000000, 0x00000007a4200000|  0%| F|  |TAMS 0x00000007a4000000| PB 0x00000007a4000000| Untracked 
|1313|0x00000007a4200000, 0x00000007a4200000, 0x00000007a4400000|  0%| F|  |TAMS 0x00000007a4200000| PB 0x00000007a4200000| Untracked 
|1314|0x00000007a4400000, 0x00000007a4400000, 0x00000007a4600000|  0%| F|  |TAMS 0x00000007a4400000| PB 0x00000007a4400000| Untracked 
|1315|0x00000007a4600000, 0x00000007a4600000, 0x00000007a4800000|  0%| F|  |TAMS 0x00000007a4600000| PB 0x00000007a4600000| Untracked 
|1316|0x00000007a4800000, 0x00000007a4800000, 0x00000007a4a00000|  0%| F|  |TAMS 0x00000007a4800000| PB 0x00000007a4800000| Untracked 
|1317|0x00000007a4a00000, 0x00000007a4a00000, 0x00000007a4c00000|  0%| F|  |TAMS 0x00000007a4a00000| PB 0x00000007a4a00000| Untracked 
|1318|0x00000007a4c00000, 0x00000007a4c00000, 0x00000007a4e00000|  0%| F|  |TAMS 0x00000007a4c00000| PB 0x00000007a4c00000| Untracked 
|1319|0x00000007a4e00000, 0x00000007a4e00000, 0x00000007a5000000|  0%| F|  |TAMS 0x00000007a4e00000| PB 0x00000007a4e00000| Untracked 
|1320|0x00000007a5000000, 0x00000007a5000000, 0x00000007a5200000|  0%| F|  |TAMS 0x00000007a5000000| PB 0x00000007a5000000| Untracked 
|1321|0x00000007a5200000, 0x00000007a5200000, 0x00000007a5400000|  0%| F|  |TAMS 0x00000007a5200000| PB 0x00000007a5200000| Untracked 
|1322|0x00000007a5400000, 0x00000007a5400000, 0x00000007a5600000|  0%| F|  |TAMS 0x00000007a5400000| PB 0x00000007a5400000| Untracked 
|1323|0x00000007a5600000, 0x00000007a5600000, 0x00000007a5800000|  0%| F|  |TAMS 0x00000007a5600000| PB 0x00000007a5600000| Untracked 
|1324|0x00000007a5800000, 0x00000007a5800000, 0x00000007a5a00000|  0%| F|  |TAMS 0x00000007a5800000| PB 0x00000007a5800000| Untracked 
|1325|0x00000007a5a00000, 0x00000007a5a00000, 0x00000007a5c00000|  0%| F|  |TAMS 0x00000007a5a00000| PB 0x00000007a5a00000| Untracked 
|1326|0x00000007a5c00000, 0x00000007a5c00000, 0x00000007a5e00000|  0%| F|  |TAMS 0x00000007a5c00000| PB 0x00000007a5c00000| Untracked 
|1327|0x00000007a5e00000, 0x00000007a5e00000, 0x00000007a6000000|  0%| F|  |TAMS 0x00000007a5e00000| PB 0x00000007a5e00000| Untracked 
|1328|0x00000007a6000000, 0x00000007a6000000, 0x00000007a6200000|  0%| F|  |TAMS 0x00000007a6000000| PB 0x00000007a6000000| Untracked 
|1329|0x00000007a6200000, 0x00000007a6200000, 0x00000007a6400000|  0%| F|  |TAMS 0x00000007a6200000| PB 0x00000007a6200000| Untracked 
|1330|0x00000007a6400000, 0x00000007a6400000, 0x00000007a6600000|  0%| F|  |TAMS 0x00000007a6400000| PB 0x00000007a6400000| Untracked 
|1331|0x00000007a6600000, 0x00000007a6600000, 0x00000007a6800000|  0%| F|  |TAMS 0x00000007a6600000| PB 0x00000007a6600000| Untracked 
|1332|0x00000007a6800000, 0x00000007a6800000, 0x00000007a6a00000|  0%| F|  |TAMS 0x00000007a6800000| PB 0x00000007a6800000| Untracked 
|1333|0x00000007a6a00000, 0x00000007a6a00000, 0x00000007a6c00000|  0%| F|  |TAMS 0x00000007a6a00000| PB 0x00000007a6a00000| Untracked 
|1334|0x00000007a6c00000, 0x00000007a6c00000, 0x00000007a6e00000|  0%| F|  |TAMS 0x00000007a6c00000| PB 0x00000007a6c00000| Untracked 
|1335|0x00000007a6e00000, 0x00000007a6e00000, 0x00000007a7000000|  0%| F|  |TAMS 0x00000007a6e00000| PB 0x00000007a6e00000| Untracked 
|1336|0x00000007a7000000, 0x00000007a7000000, 0x00000007a7200000|  0%| F|  |TAMS 0x00000007a7000000| PB 0x00000007a7000000| Untracked 
|1337|0x00000007a7200000, 0x00000007a7200000, 0x00000007a7400000|  0%| F|  |TAMS 0x00000007a7200000| PB 0x00000007a7200000| Untracked 
|1338|0x00000007a7400000, 0x00000007a7400000, 0x00000007a7600000|  0%| F|  |TAMS 0x00000007a7400000| PB 0x00000007a7400000| Untracked 
|1339|0x00000007a7600000, 0x00000007a7600000, 0x00000007a7800000|  0%| F|  |TAMS 0x00000007a7600000| PB 0x00000007a7600000| Untracked 
|1340|0x00000007a7800000, 0x00000007a7800000, 0x00000007a7a00000|  0%| F|  |TAMS 0x00000007a7800000| PB 0x00000007a7800000| Untracked 
|1341|0x00000007a7a00000, 0x00000007a7a00000, 0x00000007a7c00000|  0%| F|  |TAMS 0x00000007a7a00000| PB 0x00000007a7a00000| Untracked 
|1342|0x00000007a7c00000, 0x00000007a7c00000, 0x00000007a7e00000|  0%| F|  |TAMS 0x00000007a7c00000| PB 0x00000007a7c00000| Untracked 
|1343|0x00000007a7e00000, 0x00000007a7e00000, 0x00000007a8000000|  0%| F|  |TAMS 0x00000007a7e00000| PB 0x00000007a7e00000| Untracked 
|1344|0x00000007a8000000, 0x00000007a8000000, 0x00000007a8200000|  0%| F|  |TAMS 0x00000007a8000000| PB 0x00000007a8000000| Untracked 
|1345|0x00000007a8200000, 0x00000007a8200000, 0x00000007a8400000|  0%| F|  |TAMS 0x00000007a8200000| PB 0x00000007a8200000| Untracked 
|1346|0x00000007a8400000, 0x00000007a8400000, 0x00000007a8600000|  0%| F|  |TAMS 0x00000007a8400000| PB 0x00000007a8400000| Untracked 
|1347|0x00000007a8600000, 0x00000007a8600000, 0x00000007a8800000|  0%| F|  |TAMS 0x00000007a8600000| PB 0x00000007a8600000| Untracked 
|1348|0x00000007a8800000, 0x00000007a8800000, 0x00000007a8a00000|  0%| F|  |TAMS 0x00000007a8800000| PB 0x00000007a8800000| Untracked 
|1349|0x00000007a8a00000, 0x00000007a8a00000, 0x00000007a8c00000|  0%| F|  |TAMS 0x00000007a8a00000| PB 0x00000007a8a00000| Untracked 
|1350|0x00000007a8c00000, 0x00000007a8c00000, 0x00000007a8e00000|  0%| F|  |TAMS 0x00000007a8c00000| PB 0x00000007a8c00000| Untracked 
|1351|0x00000007a8e00000, 0x00000007a8e00000, 0x00000007a9000000|  0%| F|  |TAMS 0x00000007a8e00000| PB 0x00000007a8e00000| Untracked 
|1352|0x00000007a9000000, 0x00000007a9000000, 0x00000007a9200000|  0%| F|  |TAMS 0x00000007a9000000| PB 0x00000007a9000000| Untracked 
|1353|0x00000007a9200000, 0x00000007a9200000, 0x00000007a9400000|  0%| F|  |TAMS 0x00000007a9200000| PB 0x00000007a9200000| Untracked 
|1354|0x00000007a9400000, 0x00000007a9400000, 0x00000007a9600000|  0%| F|  |TAMS 0x00000007a9400000| PB 0x00000007a9400000| Untracked 
|1355|0x00000007a9600000, 0x00000007a9600000, 0x00000007a9800000|  0%| F|  |TAMS 0x00000007a9600000| PB 0x00000007a9600000| Untracked 
|1356|0x00000007a9800000, 0x00000007a9800000, 0x00000007a9a00000|  0%| F|  |TAMS 0x00000007a9800000| PB 0x00000007a9800000| Untracked 
|1357|0x00000007a9a00000, 0x00000007a9a00000, 0x00000007a9c00000|  0%| F|  |TAMS 0x00000007a9a00000| PB 0x00000007a9a00000| Untracked 
|1358|0x00000007a9c00000, 0x00000007a9c00000, 0x00000007a9e00000|  0%| F|  |TAMS 0x00000007a9c00000| PB 0x00000007a9c00000| Untracked 
|1359|0x00000007a9e00000, 0x00000007a9e00000, 0x00000007aa000000|  0%| F|  |TAMS 0x00000007a9e00000| PB 0x00000007a9e00000| Untracked 
|1360|0x00000007aa000000, 0x00000007aa000000, 0x00000007aa200000|  0%| F|  |TAMS 0x00000007aa000000| PB 0x00000007aa000000| Untracked 
|1361|0x00000007aa200000, 0x00000007aa200000, 0x00000007aa400000|  0%| F|  |TAMS 0x00000007aa200000| PB 0x00000007aa200000| Untracked 
|1362|0x00000007aa400000, 0x00000007aa400000, 0x00000007aa600000|  0%| F|  |TAMS 0x00000007aa400000| PB 0x00000007aa400000| Untracked 
|1363|0x00000007aa600000, 0x00000007aa600000, 0x00000007aa800000|  0%| F|  |TAMS 0x00000007aa600000| PB 0x00000007aa600000| Untracked 
|1364|0x00000007aa800000, 0x00000007aa800000, 0x00000007aaa00000|  0%| F|  |TAMS 0x00000007aa800000| PB 0x00000007aa800000| Untracked 
|1365|0x00000007aaa00000, 0x00000007aaa00000, 0x00000007aac00000|  0%| F|  |TAMS 0x00000007aaa00000| PB 0x00000007aaa00000| Untracked 
|1366|0x00000007aac00000, 0x00000007aac00000, 0x00000007aae00000|  0%| F|  |TAMS 0x00000007aac00000| PB 0x00000007aac00000| Untracked 
|1367|0x00000007aae00000, 0x00000007aae00000, 0x00000007ab000000|  0%| F|  |TAMS 0x00000007aae00000| PB 0x00000007aae00000| Untracked 
|1368|0x00000007ab000000, 0x00000007ab000000, 0x00000007ab200000|  0%| F|  |TAMS 0x00000007ab000000| PB 0x00000007ab000000| Untracked 
|1369|0x00000007ab200000, 0x00000007ab200000, 0x00000007ab400000|  0%| F|  |TAMS 0x00000007ab200000| PB 0x00000007ab200000| Untracked 
|1370|0x00000007ab400000, 0x00000007ab400000, 0x00000007ab600000|  0%| F|  |TAMS 0x00000007ab400000| PB 0x00000007ab400000| Untracked 
|1371|0x00000007ab600000, 0x00000007ab600000, 0x00000007ab800000|  0%| F|  |TAMS 0x00000007ab600000| PB 0x00000007ab600000| Untracked 
|1372|0x00000007ab800000, 0x00000007ab800000, 0x00000007aba00000|  0%| F|  |TAMS 0x00000007ab800000| PB 0x00000007ab800000| Untracked 
|1373|0x00000007aba00000, 0x00000007aba00000, 0x00000007abc00000|  0%| F|  |TAMS 0x00000007aba00000| PB 0x00000007aba00000| Untracked 
|1374|0x00000007abc00000, 0x00000007abc00000, 0x00000007abe00000|  0%| F|  |TAMS 0x00000007abc00000| PB 0x00000007abc00000| Untracked 
|1375|0x00000007abe00000, 0x00000007abe00000, 0x00000007ac000000|  0%| F|  |TAMS 0x00000007abe00000| PB 0x00000007abe00000| Untracked 
|1376|0x00000007ac000000, 0x00000007ac000000, 0x00000007ac200000|  0%| F|  |TAMS 0x00000007ac000000| PB 0x00000007ac000000| Untracked 
|1377|0x00000007ac200000, 0x00000007ac200000, 0x00000007ac400000|  0%| F|  |TAMS 0x00000007ac200000| PB 0x00000007ac200000| Untracked 
|1378|0x00000007ac400000, 0x00000007ac400000, 0x00000007ac600000|  0%| F|  |TAMS 0x00000007ac400000| PB 0x00000007ac400000| Untracked 
|1379|0x00000007ac600000, 0x00000007ac600000, 0x00000007ac800000|  0%| F|  |TAMS 0x00000007ac600000| PB 0x00000007ac600000| Untracked 
|1380|0x00000007ac800000, 0x00000007ac800000, 0x00000007aca00000|  0%| F|  |TAMS 0x00000007ac800000| PB 0x00000007ac800000| Untracked 
|1381|0x00000007aca00000, 0x00000007aca00000, 0x00000007acc00000|  0%| F|  |TAMS 0x00000007aca00000| PB 0x00000007aca00000| Untracked 
|1382|0x00000007acc00000, 0x00000007acc00000, 0x00000007ace00000|  0%| F|  |TAMS 0x00000007acc00000| PB 0x00000007acc00000| Untracked 
|1383|0x00000007ace00000, 0x00000007ace00000, 0x00000007ad000000|  0%| F|  |TAMS 0x00000007ace00000| PB 0x00000007ace00000| Untracked 
|1384|0x00000007ad000000, 0x00000007ad000000, 0x00000007ad200000|  0%| F|  |TAMS 0x00000007ad000000| PB 0x00000007ad000000| Untracked 
|1385|0x00000007ad200000, 0x00000007ad200000, 0x00000007ad400000|  0%| F|  |TAMS 0x00000007ad200000| PB 0x00000007ad200000| Untracked 
|1386|0x00000007ad400000, 0x00000007ad400000, 0x00000007ad600000|  0%| F|  |TAMS 0x00000007ad400000| PB 0x00000007ad400000| Untracked 
|1387|0x00000007ad600000, 0x00000007ad600000, 0x00000007ad800000|  0%| F|  |TAMS 0x00000007ad600000| PB 0x00000007ad600000| Untracked 
|1388|0x00000007ad800000, 0x00000007ad800000, 0x00000007ada00000|  0%| F|  |TAMS 0x00000007ad800000| PB 0x00000007ad800000| Untracked 
|1389|0x00000007ada00000, 0x00000007ada00000, 0x00000007adc00000|  0%| F|  |TAMS 0x00000007ada00000| PB 0x00000007ada00000| Untracked 
|1390|0x00000007adc00000, 0x00000007adc00000, 0x00000007ade00000|  0%| F|  |TAMS 0x00000007adc00000| PB 0x00000007adc00000| Untracked 
|1391|0x00000007ade00000, 0x00000007ade00000, 0x00000007ae000000|  0%| F|  |TAMS 0x00000007ade00000| PB 0x00000007ade00000| Untracked 
|1392|0x00000007ae000000, 0x00000007ae000000, 0x00000007ae200000|  0%| F|  |TAMS 0x00000007ae000000| PB 0x00000007ae000000| Untracked 
|1393|0x00000007ae200000, 0x00000007ae200000, 0x00000007ae400000|  0%| F|  |TAMS 0x00000007ae200000| PB 0x00000007ae200000| Untracked 
|1394|0x00000007ae400000, 0x00000007ae400000, 0x00000007ae600000|  0%| F|  |TAMS 0x00000007ae400000| PB 0x00000007ae400000| Untracked 
|1395|0x00000007ae600000, 0x00000007ae600000, 0x00000007ae800000|  0%| F|  |TAMS 0x00000007ae600000| PB 0x00000007ae600000| Untracked 
|1396|0x00000007ae800000, 0x00000007ae800000, 0x00000007aea00000|  0%| F|  |TAMS 0x00000007ae800000| PB 0x00000007ae800000| Untracked 
|1397|0x00000007aea00000, 0x00000007aea00000, 0x00000007aec00000|  0%| F|  |TAMS 0x00000007aea00000| PB 0x00000007aea00000| Untracked 
|1398|0x00000007aec00000, 0x00000007aec00000, 0x00000007aee00000|  0%| F|  |TAMS 0x00000007aec00000| PB 0x00000007aec00000| Untracked 
|1399|0x00000007aee00000, 0x00000007aee00000, 0x00000007af000000|  0%| F|  |TAMS 0x00000007aee00000| PB 0x00000007aee00000| Untracked 
|1400|0x00000007af000000, 0x00000007af000000, 0x00000007af200000|  0%| F|  |TAMS 0x00000007af000000| PB 0x00000007af000000| Untracked 
|1401|0x00000007af200000, 0x00000007af200000, 0x00000007af400000|  0%| F|  |TAMS 0x00000007af200000| PB 0x00000007af200000| Untracked 
|1402|0x00000007af400000, 0x00000007af400000, 0x00000007af600000|  0%| F|  |TAMS 0x00000007af400000| PB 0x00000007af400000| Untracked 
|1403|0x00000007af600000, 0x00000007af600000, 0x00000007af800000|  0%| F|  |TAMS 0x00000007af600000| PB 0x00000007af600000| Untracked 
|1404|0x00000007af800000, 0x00000007af800000, 0x00000007afa00000|  0%| F|  |TAMS 0x00000007af800000| PB 0x00000007af800000| Untracked 
|1405|0x00000007afa00000, 0x00000007afa00000, 0x00000007afc00000|  0%| F|  |TAMS 0x00000007afa00000| PB 0x00000007afa00000| Untracked 
|1406|0x00000007afc00000, 0x00000007afc00000, 0x00000007afe00000|  0%| F|  |TAMS 0x00000007afc00000| PB 0x00000007afc00000| Untracked 
|1407|0x00000007afe00000, 0x00000007afe00000, 0x00000007b0000000|  0%| F|  |TAMS 0x00000007afe00000| PB 0x00000007afe00000| Untracked 
|1408|0x00000007b0000000, 0x00000007b0000000, 0x00000007b0200000|  0%| F|  |TAMS 0x00000007b0000000| PB 0x00000007b0000000| Untracked 
|1409|0x00000007b0200000, 0x00000007b0200000, 0x00000007b0400000|  0%| F|  |TAMS 0x00000007b0200000| PB 0x00000007b0200000| Untracked 
|1410|0x00000007b0400000, 0x00000007b0400000, 0x00000007b0600000|  0%| F|  |TAMS 0x00000007b0400000| PB 0x00000007b0400000| Untracked 
|1411|0x00000007b0600000, 0x00000007b0600000, 0x00000007b0800000|  0%| F|  |TAMS 0x00000007b0600000| PB 0x00000007b0600000| Untracked 
|1412|0x00000007b0800000, 0x00000007b0800000, 0x00000007b0a00000|  0%| F|  |TAMS 0x00000007b0800000| PB 0x00000007b0800000| Untracked 
|1413|0x00000007b0a00000, 0x00000007b0a00000, 0x00000007b0c00000|  0%| F|  |TAMS 0x00000007b0a00000| PB 0x00000007b0a00000| Untracked 
|1414|0x00000007b0c00000, 0x00000007b0c00000, 0x00000007b0e00000|  0%| F|  |TAMS 0x00000007b0c00000| PB 0x00000007b0c00000| Untracked 
|1415|0x00000007b0e00000, 0x00000007b0e00000, 0x00000007b1000000|  0%| F|  |TAMS 0x00000007b0e00000| PB 0x00000007b0e00000| Untracked 
|1416|0x00000007b1000000, 0x00000007b1000000, 0x00000007b1200000|  0%| F|  |TAMS 0x00000007b1000000| PB 0x00000007b1000000| Untracked 
|1417|0x00000007b1200000, 0x00000007b1200000, 0x00000007b1400000|  0%| F|  |TAMS 0x00000007b1200000| PB 0x00000007b1200000| Untracked 
|1418|0x00000007b1400000, 0x00000007b1400000, 0x00000007b1600000|  0%| F|  |TAMS 0x00000007b1400000| PB 0x00000007b1400000| Untracked 
|1419|0x00000007b1600000, 0x00000007b1600000, 0x00000007b1800000|  0%| F|  |TAMS 0x00000007b1600000| PB 0x00000007b1600000| Untracked 
|1420|0x00000007b1800000, 0x00000007b1800000, 0x00000007b1a00000|  0%| F|  |TAMS 0x00000007b1800000| PB 0x00000007b1800000| Untracked 
|1421|0x00000007b1a00000, 0x00000007b1a00000, 0x00000007b1c00000|  0%| F|  |TAMS 0x00000007b1a00000| PB 0x00000007b1a00000| Untracked 
|1422|0x00000007b1c00000, 0x00000007b1c00000, 0x00000007b1e00000|  0%| F|  |TAMS 0x00000007b1c00000| PB 0x00000007b1c00000| Untracked 
|1423|0x00000007b1e00000, 0x00000007b1e00000, 0x00000007b2000000|  0%| F|  |TAMS 0x00000007b1e00000| PB 0x00000007b1e00000| Untracked 
|1424|0x00000007b2000000, 0x00000007b2000000, 0x00000007b2200000|  0%| F|  |TAMS 0x00000007b2000000| PB 0x00000007b2000000| Untracked 
|1425|0x00000007b2200000, 0x00000007b2200000, 0x00000007b2400000|  0%| F|  |TAMS 0x00000007b2200000| PB 0x00000007b2200000| Untracked 
|1426|0x00000007b2400000, 0x00000007b2400000, 0x00000007b2600000|  0%| F|  |TAMS 0x00000007b2400000| PB 0x00000007b2400000| Untracked 
|1427|0x00000007b2600000, 0x00000007b2600000, 0x00000007b2800000|  0%| F|  |TAMS 0x00000007b2600000| PB 0x00000007b2600000| Untracked 
|1428|0x00000007b2800000, 0x00000007b2800000, 0x00000007b2a00000|  0%| F|  |TAMS 0x00000007b2800000| PB 0x00000007b2800000| Untracked 
|1429|0x00000007b2a00000, 0x00000007b2a00000, 0x00000007b2c00000|  0%| F|  |TAMS 0x00000007b2a00000| PB 0x00000007b2a00000| Untracked 
|1430|0x00000007b2c00000, 0x00000007b2c00000, 0x00000007b2e00000|  0%| F|  |TAMS 0x00000007b2c00000| PB 0x00000007b2c00000| Untracked 
|1431|0x00000007b2e00000, 0x00000007b2e00000, 0x00000007b3000000|  0%| F|  |TAMS 0x00000007b2e00000| PB 0x00000007b2e00000| Untracked 
|1432|0x00000007b3000000, 0x00000007b3000000, 0x00000007b3200000|  0%| F|  |TAMS 0x00000007b3000000| PB 0x00000007b3000000| Untracked 
|1433|0x00000007b3200000, 0x00000007b3200000, 0x00000007b3400000|  0%| F|  |TAMS 0x00000007b3200000| PB 0x00000007b3200000| Untracked 
|1434|0x00000007b3400000, 0x00000007b3400000, 0x00000007b3600000|  0%| F|  |TAMS 0x00000007b3400000| PB 0x00000007b3400000| Untracked 
|1435|0x00000007b3600000, 0x00000007b3600000, 0x00000007b3800000|  0%| F|  |TAMS 0x00000007b3600000| PB 0x00000007b3600000| Untracked 
|1436|0x00000007b3800000, 0x00000007b3800000, 0x00000007b3a00000|  0%| F|  |TAMS 0x00000007b3800000| PB 0x00000007b3800000| Untracked 
|1437|0x00000007b3a00000, 0x00000007b3a00000, 0x00000007b3c00000|  0%| F|  |TAMS 0x00000007b3a00000| PB 0x00000007b3a00000| Untracked 
|1438|0x00000007b3c00000, 0x00000007b3c00000, 0x00000007b3e00000|  0%| F|  |TAMS 0x00000007b3c00000| PB 0x00000007b3c00000| Untracked 
|1439|0x00000007b3e00000, 0x00000007b3e00000, 0x00000007b4000000|  0%| F|  |TAMS 0x00000007b3e00000| PB 0x00000007b3e00000| Untracked 
|1440|0x00000007b4000000, 0x00000007b4000000, 0x00000007b4200000|  0%| F|  |TAMS 0x00000007b4000000| PB 0x00000007b4000000| Untracked 
|1441|0x00000007b4200000, 0x00000007b4200000, 0x00000007b4400000|  0%| F|  |TAMS 0x00000007b4200000| PB 0x00000007b4200000| Untracked 
|1442|0x00000007b4400000, 0x00000007b4400000, 0x00000007b4600000|  0%| F|  |TAMS 0x00000007b4400000| PB 0x00000007b4400000| Untracked 
|1443|0x00000007b4600000, 0x00000007b4600000, 0x00000007b4800000|  0%| F|  |TAMS 0x00000007b4600000| PB 0x00000007b4600000| Untracked 
|1444|0x00000007b4800000, 0x00000007b4800000, 0x00000007b4a00000|  0%| F|  |TAMS 0x00000007b4800000| PB 0x00000007b4800000| Untracked 
|1445|0x00000007b4a00000, 0x00000007b4a00000, 0x00000007b4c00000|  0%| F|  |TAMS 0x00000007b4a00000| PB 0x00000007b4a00000| Untracked 
|1446|0x00000007b4c00000, 0x00000007b4c00000, 0x00000007b4e00000|  0%| F|  |TAMS 0x00000007b4c00000| PB 0x00000007b4c00000| Untracked 
|1447|0x00000007b4e00000, 0x00000007b4e00000, 0x00000007b5000000|  0%| F|  |TAMS 0x00000007b4e00000| PB 0x00000007b4e00000| Untracked 
|1448|0x00000007b5000000, 0x00000007b5000000, 0x00000007b5200000|  0%| F|  |TAMS 0x00000007b5000000| PB 0x00000007b5000000| Untracked 
|1449|0x00000007b5200000, 0x00000007b5200000, 0x00000007b5400000|  0%| F|  |TAMS 0x00000007b5200000| PB 0x00000007b5200000| Untracked 
|1450|0x00000007b5400000, 0x00000007b5400000, 0x00000007b5600000|  0%| F|  |TAMS 0x00000007b5400000| PB 0x00000007b5400000| Untracked 
|1451|0x00000007b5600000, 0x00000007b5600000, 0x00000007b5800000|  0%| F|  |TAMS 0x00000007b5600000| PB 0x00000007b5600000| Untracked 
|1452|0x00000007b5800000, 0x00000007b5800000, 0x00000007b5a00000|  0%| F|  |TAMS 0x00000007b5800000| PB 0x00000007b5800000| Untracked 
|1453|0x00000007b5a00000, 0x00000007b5a00000, 0x00000007b5c00000|  0%| F|  |TAMS 0x00000007b5a00000| PB 0x00000007b5a00000| Untracked 
|1454|0x00000007b5c00000, 0x00000007b5c00000, 0x00000007b5e00000|  0%| F|  |TAMS 0x00000007b5c00000| PB 0x00000007b5c00000| Untracked 
|1455|0x00000007b5e00000, 0x00000007b5e00000, 0x00000007b6000000|  0%| F|  |TAMS 0x00000007b5e00000| PB 0x00000007b5e00000| Untracked 
|1456|0x00000007b6000000, 0x00000007b6000000, 0x00000007b6200000|  0%| F|  |TAMS 0x00000007b6000000| PB 0x00000007b6000000| Untracked 
|1457|0x00000007b6200000, 0x00000007b6200000, 0x00000007b6400000|  0%| F|  |TAMS 0x00000007b6200000| PB 0x00000007b6200000| Untracked 
|1458|0x00000007b6400000, 0x00000007b6400000, 0x00000007b6600000|  0%| F|  |TAMS 0x00000007b6400000| PB 0x00000007b6400000| Untracked 
|1459|0x00000007b6600000, 0x00000007b6600000, 0x00000007b6800000|  0%| F|  |TAMS 0x00000007b6600000| PB 0x00000007b6600000| Untracked 
|1460|0x00000007b6800000, 0x00000007b6800000, 0x00000007b6a00000|  0%| F|  |TAMS 0x00000007b6800000| PB 0x00000007b6800000| Untracked 
|1461|0x00000007b6a00000, 0x00000007b6a00000, 0x00000007b6c00000|  0%| F|  |TAMS 0x00000007b6a00000| PB 0x00000007b6a00000| Untracked 
|1462|0x00000007b6c00000, 0x00000007b6c00000, 0x00000007b6e00000|  0%| F|  |TAMS 0x00000007b6c00000| PB 0x00000007b6c00000| Untracked 
|1463|0x00000007b6e00000, 0x00000007b6e00000, 0x00000007b7000000|  0%| F|  |TAMS 0x00000007b6e00000| PB 0x00000007b6e00000| Untracked 
|1464|0x00000007b7000000, 0x00000007b7000000, 0x00000007b7200000|  0%| F|  |TAMS 0x00000007b7000000| PB 0x00000007b7000000| Untracked 
|1465|0x00000007b7200000, 0x00000007b7200000, 0x00000007b7400000|  0%| F|  |TAMS 0x00000007b7200000| PB 0x00000007b7200000| Untracked 
|1466|0x00000007b7400000, 0x00000007b7400000, 0x00000007b7600000|  0%| F|  |TAMS 0x00000007b7400000| PB 0x00000007b7400000| Untracked 
|1467|0x00000007b7600000, 0x00000007b7600000, 0x00000007b7800000|  0%| F|  |TAMS 0x00000007b7600000| PB 0x00000007b7600000| Untracked 
|1468|0x00000007b7800000, 0x00000007b7800000, 0x00000007b7a00000|  0%| F|  |TAMS 0x00000007b7800000| PB 0x00000007b7800000| Untracked 
|1469|0x00000007b7a00000, 0x00000007b7a00000, 0x00000007b7c00000|  0%| F|  |TAMS 0x00000007b7a00000| PB 0x00000007b7a00000| Untracked 
|1470|0x00000007b7c00000, 0x00000007b7c00000, 0x00000007b7e00000|  0%| F|  |TAMS 0x00000007b7c00000| PB 0x00000007b7c00000| Untracked 
|1471|0x00000007b7e00000, 0x00000007b7e00000, 0x00000007b8000000|  0%| F|  |TAMS 0x00000007b7e00000| PB 0x00000007b7e00000| Untracked 
|1472|0x00000007b8000000, 0x00000007b8000000, 0x00000007b8200000|  0%| F|  |TAMS 0x00000007b8000000| PB 0x00000007b8000000| Untracked 
|1473|0x00000007b8200000, 0x00000007b8200000, 0x00000007b8400000|  0%| F|  |TAMS 0x00000007b8200000| PB 0x00000007b8200000| Untracked 
|1474|0x00000007b8400000, 0x00000007b8400000, 0x00000007b8600000|  0%| F|  |TAMS 0x00000007b8400000| PB 0x00000007b8400000| Untracked 
|1475|0x00000007b8600000, 0x00000007b8600000, 0x00000007b8800000|  0%| F|  |TAMS 0x00000007b8600000| PB 0x00000007b8600000| Untracked 
|1476|0x00000007b8800000, 0x00000007b8800000, 0x00000007b8a00000|  0%| F|  |TAMS 0x00000007b8800000| PB 0x00000007b8800000| Untracked 
|1477|0x00000007b8a00000, 0x00000007b8a00000, 0x00000007b8c00000|  0%| F|  |TAMS 0x00000007b8a00000| PB 0x00000007b8a00000| Untracked 
|1478|0x00000007b8c00000, 0x00000007b8c00000, 0x00000007b8e00000|  0%| F|  |TAMS 0x00000007b8c00000| PB 0x00000007b8c00000| Untracked 
|1479|0x00000007b8e00000, 0x00000007b8e00000, 0x00000007b9000000|  0%| F|  |TAMS 0x00000007b8e00000| PB 0x00000007b8e00000| Untracked 
|1480|0x00000007b9000000, 0x00000007b9000000, 0x00000007b9200000|  0%| F|  |TAMS 0x00000007b9000000| PB 0x00000007b9000000| Untracked 
|1481|0x00000007b9200000, 0x00000007b9200000, 0x00000007b9400000|  0%| F|  |TAMS 0x00000007b9200000| PB 0x00000007b9200000| Untracked 
|1482|0x00000007b9400000, 0x00000007b9400000, 0x00000007b9600000|  0%| F|  |TAMS 0x00000007b9400000| PB 0x00000007b9400000| Untracked 
|1483|0x00000007b9600000, 0x00000007b9600000, 0x00000007b9800000|  0%| F|  |TAMS 0x00000007b9600000| PB 0x00000007b9600000| Untracked 
|1484|0x00000007b9800000, 0x00000007b9800000, 0x00000007b9a00000|  0%| F|  |TAMS 0x00000007b9800000| PB 0x00000007b9800000| Untracked 
|1485|0x00000007b9a00000, 0x00000007b9a00000, 0x00000007b9c00000|  0%| F|  |TAMS 0x00000007b9a00000| PB 0x00000007b9a00000| Untracked 
|1486|0x00000007b9c00000, 0x00000007b9c00000, 0x00000007b9e00000|  0%| F|  |TAMS 0x00000007b9c00000| PB 0x00000007b9c00000| Untracked 
|1487|0x00000007b9e00000, 0x00000007b9e00000, 0x00000007ba000000|  0%| F|  |TAMS 0x00000007b9e00000| PB 0x00000007b9e00000| Untracked 
|1488|0x00000007ba000000, 0x00000007ba000000, 0x00000007ba200000|  0%| F|  |TAMS 0x00000007ba000000| PB 0x00000007ba000000| Untracked 
|1489|0x00000007ba200000, 0x00000007ba200000, 0x00000007ba400000|  0%| F|  |TAMS 0x00000007ba200000| PB 0x00000007ba200000| Untracked 
|1490|0x00000007ba400000, 0x00000007ba400000, 0x00000007ba600000|  0%| F|  |TAMS 0x00000007ba400000| PB 0x00000007ba400000| Untracked 
|1491|0x00000007ba600000, 0x00000007ba600000, 0x00000007ba800000|  0%| F|  |TAMS 0x00000007ba600000| PB 0x00000007ba600000| Untracked 
|1492|0x00000007ba800000, 0x00000007ba800000, 0x00000007baa00000|  0%| F|  |TAMS 0x00000007ba800000| PB 0x00000007ba800000| Untracked 
|1493|0x00000007baa00000, 0x00000007baa00000, 0x00000007bac00000|  0%| F|  |TAMS 0x00000007baa00000| PB 0x00000007baa00000| Untracked 
|1494|0x00000007bac00000, 0x00000007bac00000, 0x00000007bae00000|  0%| F|  |TAMS 0x00000007bac00000| PB 0x00000007bac00000| Untracked 
|1495|0x00000007bae00000, 0x00000007bae00000, 0x00000007bb000000|  0%| F|  |TAMS 0x00000007bae00000| PB 0x00000007bae00000| Untracked 
|1496|0x00000007bb000000, 0x00000007bb000000, 0x00000007bb200000|  0%| F|  |TAMS 0x00000007bb000000| PB 0x00000007bb000000| Untracked 
|1497|0x00000007bb200000, 0x00000007bb200000, 0x00000007bb400000|  0%| F|  |TAMS 0x00000007bb200000| PB 0x00000007bb200000| Untracked 
|1498|0x00000007bb400000, 0x00000007bb400000, 0x00000007bb600000|  0%| F|  |TAMS 0x00000007bb400000| PB 0x00000007bb400000| Untracked 
|1499|0x00000007bb600000, 0x00000007bb600000, 0x00000007bb800000|  0%| F|  |TAMS 0x00000007bb600000| PB 0x00000007bb600000| Untracked 
|1500|0x00000007bb800000, 0x00000007bb800000, 0x00000007bba00000|  0%| F|  |TAMS 0x00000007bb800000| PB 0x00000007bb800000| Untracked 
|1501|0x00000007bba00000, 0x00000007bba00000, 0x00000007bbc00000|  0%| F|  |TAMS 0x00000007bba00000| PB 0x00000007bba00000| Untracked 
|1502|0x00000007bbc00000, 0x00000007bbc00000, 0x00000007bbe00000|  0%| F|  |TAMS 0x00000007bbc00000| PB 0x00000007bbc00000| Untracked 
|1503|0x00000007bbe00000, 0x00000007bbe00000, 0x00000007bc000000|  0%| F|  |TAMS 0x00000007bbe00000| PB 0x00000007bbe00000| Untracked 
|1504|0x00000007bc000000, 0x00000007bc000000, 0x00000007bc200000|  0%| F|  |TAMS 0x00000007bc000000| PB 0x00000007bc000000| Untracked 
|1505|0x00000007bc200000, 0x00000007bc200000, 0x00000007bc400000|  0%| F|  |TAMS 0x00000007bc200000| PB 0x00000007bc200000| Untracked 
|1506|0x00000007bc400000, 0x00000007bc400000, 0x00000007bc600000|  0%| F|  |TAMS 0x00000007bc400000| PB 0x00000007bc400000| Untracked 
|1507|0x00000007bc600000, 0x00000007bc600000, 0x00000007bc800000|  0%| F|  |TAMS 0x00000007bc600000| PB 0x00000007bc600000| Untracked 
|1508|0x00000007bc800000, 0x00000007bc800000, 0x00000007bca00000|  0%| F|  |TAMS 0x00000007bc800000| PB 0x00000007bc800000| Untracked 
|1509|0x00000007bca00000, 0x00000007bca00000, 0x00000007bcc00000|  0%| F|  |TAMS 0x00000007bca00000| PB 0x00000007bca00000| Untracked 
|1510|0x00000007bcc00000, 0x00000007bcc00000, 0x00000007bce00000|  0%| F|  |TAMS 0x00000007bcc00000| PB 0x00000007bcc00000| Untracked 
|1511|0x00000007bce00000, 0x00000007bce00000, 0x00000007bd000000|  0%| F|  |TAMS 0x00000007bce00000| PB 0x00000007bce00000| Untracked 
|1512|0x00000007bd000000, 0x00000007bd000000, 0x00000007bd200000|  0%| F|  |TAMS 0x00000007bd000000| PB 0x00000007bd000000| Untracked 
|1513|0x00000007bd200000, 0x00000007bd200000, 0x00000007bd400000|  0%| F|  |TAMS 0x00000007bd200000| PB 0x00000007bd200000| Untracked 
|1514|0x00000007bd400000, 0x00000007bd400000, 0x00000007bd600000|  0%| F|  |TAMS 0x00000007bd400000| PB 0x00000007bd400000| Untracked 
|1515|0x00000007bd600000, 0x00000007bd600000, 0x00000007bd800000|  0%| F|  |TAMS 0x00000007bd600000| PB 0x00000007bd600000| Untracked 
|1516|0x00000007bd800000, 0x00000007bd800000, 0x00000007bda00000|  0%| F|  |TAMS 0x00000007bd800000| PB 0x00000007bd800000| Untracked 
|1517|0x00000007bda00000, 0x00000007bda00000, 0x00000007bdc00000|  0%| F|  |TAMS 0x00000007bda00000| PB 0x00000007bda00000| Untracked 
|1518|0x00000007bdc00000, 0x00000007bdc00000, 0x00000007bde00000|  0%| F|  |TAMS 0x00000007bdc00000| PB 0x00000007bdc00000| Untracked 
|1519|0x00000007bde00000, 0x00000007bde00000, 0x00000007be000000|  0%| F|  |TAMS 0x00000007bde00000| PB 0x00000007bde00000| Untracked 
|1520|0x00000007be000000, 0x00000007be000000, 0x00000007be200000|  0%| F|  |TAMS 0x00000007be000000| PB 0x00000007be000000| Untracked 
|1521|0x00000007be200000, 0x00000007be200000, 0x00000007be400000|  0%| F|  |TAMS 0x00000007be200000| PB 0x00000007be200000| Untracked 
|1522|0x00000007be400000, 0x00000007be400000, 0x00000007be600000|  0%| F|  |TAMS 0x00000007be400000| PB 0x00000007be400000| Untracked 
|1523|0x00000007be600000, 0x00000007be600000, 0x00000007be800000|  0%| F|  |TAMS 0x00000007be600000| PB 0x00000007be600000| Untracked 
|1524|0x00000007be800000, 0x00000007be800000, 0x00000007bea00000|  0%| F|  |TAMS 0x00000007be800000| PB 0x00000007be800000| Untracked 
|1525|0x00000007bea00000, 0x00000007bea00000, 0x00000007bec00000|  0%| F|  |TAMS 0x00000007bea00000| PB 0x00000007bea00000| Untracked 
|1526|0x00000007bec00000, 0x00000007bec00000, 0x00000007bee00000|  0%| F|  |TAMS 0x00000007bec00000| PB 0x00000007bec00000| Untracked 
|1527|0x00000007bee00000, 0x00000007bee00000, 0x00000007bf000000|  0%| F|  |TAMS 0x00000007bee00000| PB 0x00000007bee00000| Untracked 
|1528|0x00000007bf000000, 0x00000007bf000000, 0x00000007bf200000|  0%| F|  |TAMS 0x00000007bf000000| PB 0x00000007bf000000| Untracked 
|1529|0x00000007bf200000, 0x00000007bf200000, 0x00000007bf400000|  0%| F|  |TAMS 0x00000007bf200000| PB 0x00000007bf200000| Untracked 
|1530|0x00000007bf400000, 0x00000007bf400000, 0x00000007bf600000|  0%| F|  |TAMS 0x00000007bf400000| PB 0x00000007bf400000| Untracked 
|1531|0x00000007bf600000, 0x00000007bf600000, 0x00000007bf800000|  0%| F|  |TAMS 0x00000007bf600000| PB 0x00000007bf600000| Untracked 
|1532|0x00000007bf800000, 0x00000007bf800000, 0x00000007bfa00000|  0%| F|  |TAMS 0x00000007bf800000| PB 0x00000007bf800000| Untracked 
|1533|0x00000007bfa00000, 0x00000007bfa00000, 0x00000007bfc00000|  0%| F|  |TAMS 0x00000007bfa00000| PB 0x00000007bfa00000| Untracked 
|1534|0x00000007bfc00000, 0x00000007bfc00000, 0x00000007bfe00000|  0%| F|  |TAMS 0x00000007bfc00000| PB 0x00000007bfc00000| Untracked 
|1535|0x00000007bfe00000, 0x00000007bfe00000, 0x00000007c0000000|  0%| F|  |TAMS 0x00000007bfe00000| PB 0x00000007bfe00000| Untracked 
|1536|0x00000007c0000000, 0x00000007c0000000, 0x00000007c0200000|  0%| F|  |TAMS 0x00000007c0000000| PB 0x00000007c0000000| Untracked 
|1537|0x00000007c0200000, 0x00000007c0200000, 0x00000007c0400000|  0%| F|  |TAMS 0x00000007c0200000| PB 0x00000007c0200000| Untracked 
|1538|0x00000007c0400000, 0x00000007c0400000, 0x00000007c0600000|  0%| F|  |TAMS 0x00000007c0400000| PB 0x00000007c0400000| Untracked 
|1539|0x00000007c0600000, 0x00000007c0600000, 0x00000007c0800000|  0%| F|  |TAMS 0x00000007c0600000| PB 0x00000007c0600000| Untracked 
|1540|0x00000007c0800000, 0x00000007c0800000, 0x00000007c0a00000|  0%| F|  |TAMS 0x00000007c0800000| PB 0x00000007c0800000| Untracked 
|1541|0x00000007c0a00000, 0x00000007c0a00000, 0x00000007c0c00000|  0%| F|  |TAMS 0x00000007c0a00000| PB 0x00000007c0a00000| Untracked 
|1542|0x00000007c0c00000, 0x00000007c0c00000, 0x00000007c0e00000|  0%| F|  |TAMS 0x00000007c0c00000| PB 0x00000007c0c00000| Untracked 
|1543|0x00000007c0e00000, 0x00000007c0e00000, 0x00000007c1000000|  0%| F|  |TAMS 0x00000007c0e00000| PB 0x00000007c0e00000| Untracked 
|1544|0x00000007c1000000, 0x00000007c1000000, 0x00000007c1200000|  0%| F|  |TAMS 0x00000007c1000000| PB 0x00000007c1000000| Untracked 
|1545|0x00000007c1200000, 0x00000007c1200000, 0x00000007c1400000|  0%| F|  |TAMS 0x00000007c1200000| PB 0x00000007c1200000| Untracked 
|1546|0x00000007c1400000, 0x00000007c1400000, 0x00000007c1600000|  0%| F|  |TAMS 0x00000007c1400000| PB 0x00000007c1400000| Untracked 
|1547|0x00000007c1600000, 0x00000007c1600000, 0x00000007c1800000|  0%| F|  |TAMS 0x00000007c1600000| PB 0x00000007c1600000| Untracked 
|1548|0x00000007c1800000, 0x00000007c1800000, 0x00000007c1a00000|  0%| F|  |TAMS 0x00000007c1800000| PB 0x00000007c1800000| Untracked 
|1549|0x00000007c1a00000, 0x00000007c1a00000, 0x00000007c1c00000|  0%| F|  |TAMS 0x00000007c1a00000| PB 0x00000007c1a00000| Untracked 
|1550|0x00000007c1c00000, 0x00000007c1c00000, 0x00000007c1e00000|  0%| F|  |TAMS 0x00000007c1c00000| PB 0x00000007c1c00000| Untracked 
|1551|0x00000007c1e00000, 0x00000007c1e00000, 0x00000007c2000000|  0%| F|  |TAMS 0x00000007c1e00000| PB 0x00000007c1e00000| Untracked 
|1552|0x00000007c2000000, 0x00000007c2000000, 0x00000007c2200000|  0%| F|  |TAMS 0x00000007c2000000| PB 0x00000007c2000000| Untracked 
|1553|0x00000007c2200000, 0x00000007c2200000, 0x00000007c2400000|  0%| F|  |TAMS 0x00000007c2200000| PB 0x00000007c2200000| Untracked 
|1554|0x00000007c2400000, 0x00000007c2400000, 0x00000007c2600000|  0%| F|  |TAMS 0x00000007c2400000| PB 0x00000007c2400000| Untracked 
|1555|0x00000007c2600000, 0x00000007c2600000, 0x00000007c2800000|  0%| F|  |TAMS 0x00000007c2600000| PB 0x00000007c2600000| Untracked 
|1556|0x00000007c2800000, 0x00000007c2800000, 0x00000007c2a00000|  0%| F|  |TAMS 0x00000007c2800000| PB 0x00000007c2800000| Untracked 
|1557|0x00000007c2a00000, 0x00000007c2a00000, 0x00000007c2c00000|  0%| F|  |TAMS 0x00000007c2a00000| PB 0x00000007c2a00000| Untracked 
|1558|0x00000007c2c00000, 0x00000007c2c00000, 0x00000007c2e00000|  0%| F|  |TAMS 0x00000007c2c00000| PB 0x00000007c2c00000| Untracked 
|1559|0x00000007c2e00000, 0x00000007c2e00000, 0x00000007c3000000|  0%| F|  |TAMS 0x00000007c2e00000| PB 0x00000007c2e00000| Untracked 
|1560|0x00000007c3000000, 0x00000007c3000000, 0x00000007c3200000|  0%| F|  |TAMS 0x00000007c3000000| PB 0x00000007c3000000| Untracked 
|1561|0x00000007c3200000, 0x00000007c3200000, 0x00000007c3400000|  0%| F|  |TAMS 0x00000007c3200000| PB 0x00000007c3200000| Untracked 
|1562|0x00000007c3400000, 0x00000007c3400000, 0x00000007c3600000|  0%| F|  |TAMS 0x00000007c3400000| PB 0x00000007c3400000| Untracked 
|1563|0x00000007c3600000, 0x00000007c3600000, 0x00000007c3800000|  0%| F|  |TAMS 0x00000007c3600000| PB 0x00000007c3600000| Untracked 
|1564|0x00000007c3800000, 0x00000007c3800000, 0x00000007c3a00000|  0%| F|  |TAMS 0x00000007c3800000| PB 0x00000007c3800000| Untracked 
|1565|0x00000007c3a00000, 0x00000007c3a00000, 0x00000007c3c00000|  0%| F|  |TAMS 0x00000007c3a00000| PB 0x00000007c3a00000| Untracked 
|1566|0x00000007c3c00000, 0x00000007c3c00000, 0x00000007c3e00000|  0%| F|  |TAMS 0x00000007c3c00000| PB 0x00000007c3c00000| Untracked 
|1567|0x00000007c3e00000, 0x00000007c3e00000, 0x00000007c4000000|  0%| F|  |TAMS 0x00000007c3e00000| PB 0x00000007c3e00000| Untracked 
|1568|0x00000007c4000000, 0x00000007c4000000, 0x00000007c4200000|  0%| F|  |TAMS 0x00000007c4000000| PB 0x00000007c4000000| Untracked 
|1569|0x00000007c4200000, 0x00000007c4200000, 0x00000007c4400000|  0%| F|  |TAMS 0x00000007c4200000| PB 0x00000007c4200000| Untracked 
|1570|0x00000007c4400000, 0x00000007c4400000, 0x00000007c4600000|  0%| F|  |TAMS 0x00000007c4400000| PB 0x00000007c4400000| Untracked 
|1571|0x00000007c4600000, 0x00000007c4600000, 0x00000007c4800000|  0%| F|  |TAMS 0x00000007c4600000| PB 0x00000007c4600000| Untracked 
|1572|0x00000007c4800000, 0x00000007c4800000, 0x00000007c4a00000|  0%| F|  |TAMS 0x00000007c4800000| PB 0x00000007c4800000| Untracked 
|1573|0x00000007c4a00000, 0x00000007c4a00000, 0x00000007c4c00000|  0%| F|  |TAMS 0x00000007c4a00000| PB 0x00000007c4a00000| Untracked 
|1574|0x00000007c4c00000, 0x00000007c4c00000, 0x00000007c4e00000|  0%| F|  |TAMS 0x00000007c4c00000| PB 0x00000007c4c00000| Untracked 
|1575|0x00000007c4e00000, 0x00000007c4e00000, 0x00000007c5000000|  0%| F|  |TAMS 0x00000007c4e00000| PB 0x00000007c4e00000| Untracked 
|1576|0x00000007c5000000, 0x00000007c5000000, 0x00000007c5200000|  0%| F|  |TAMS 0x00000007c5000000| PB 0x00000007c5000000| Untracked 
|1577|0x00000007c5200000, 0x00000007c5200000, 0x00000007c5400000|  0%| F|  |TAMS 0x00000007c5200000| PB 0x00000007c5200000| Untracked 
|1578|0x00000007c5400000, 0x00000007c5400000, 0x00000007c5600000|  0%| F|  |TAMS 0x00000007c5400000| PB 0x00000007c5400000| Untracked 
|1579|0x00000007c5600000, 0x00000007c5600000, 0x00000007c5800000|  0%| F|  |TAMS 0x00000007c5600000| PB 0x00000007c5600000| Untracked 
|1580|0x00000007c5800000, 0x00000007c5800000, 0x00000007c5a00000|  0%| F|  |TAMS 0x00000007c5800000| PB 0x00000007c5800000| Untracked 
|1581|0x00000007c5a00000, 0x00000007c5a00000, 0x00000007c5c00000|  0%| F|  |TAMS 0x00000007c5a00000| PB 0x00000007c5a00000| Untracked 
|1582|0x00000007c5c00000, 0x00000007c5c00000, 0x00000007c5e00000|  0%| F|  |TAMS 0x00000007c5c00000| PB 0x00000007c5c00000| Untracked 
|1583|0x00000007c5e00000, 0x00000007c5e00000, 0x00000007c6000000|  0%| F|  |TAMS 0x00000007c5e00000| PB 0x00000007c5e00000| Untracked 
|1584|0x00000007c6000000, 0x00000007c6000000, 0x00000007c6200000|  0%| F|  |TAMS 0x00000007c6000000| PB 0x00000007c6000000| Untracked 
|1585|0x00000007c6200000, 0x00000007c6200000, 0x00000007c6400000|  0%| F|  |TAMS 0x00000007c6200000| PB 0x00000007c6200000| Untracked 
|1586|0x00000007c6400000, 0x00000007c6400000, 0x00000007c6600000|  0%| F|  |TAMS 0x00000007c6400000| PB 0x00000007c6400000| Untracked 
|1587|0x00000007c6600000, 0x00000007c6600000, 0x00000007c6800000|  0%| F|  |TAMS 0x00000007c6600000| PB 0x00000007c6600000| Untracked 
|1588|0x00000007c6800000, 0x00000007c6800000, 0x00000007c6a00000|  0%| F|  |TAMS 0x00000007c6800000| PB 0x00000007c6800000| Untracked 
|1589|0x00000007c6a00000, 0x00000007c6a00000, 0x00000007c6c00000|  0%| F|  |TAMS 0x00000007c6a00000| PB 0x00000007c6a00000| Untracked 
|1590|0x00000007c6c00000, 0x00000007c6c00000, 0x00000007c6e00000|  0%| F|  |TAMS 0x00000007c6c00000| PB 0x00000007c6c00000| Untracked 
|1591|0x00000007c6e00000, 0x00000007c6e00000, 0x00000007c7000000|  0%| F|  |TAMS 0x00000007c6e00000| PB 0x00000007c6e00000| Untracked 
|1592|0x00000007c7000000, 0x00000007c7000000, 0x00000007c7200000|  0%| F|  |TAMS 0x00000007c7000000| PB 0x00000007c7000000| Untracked 
|1593|0x00000007c7200000, 0x00000007c7200000, 0x00000007c7400000|  0%| F|  |TAMS 0x00000007c7200000| PB 0x00000007c7200000| Untracked 
|1594|0x00000007c7400000, 0x00000007c7400000, 0x00000007c7600000|  0%| F|  |TAMS 0x00000007c7400000| PB 0x00000007c7400000| Untracked 
|1595|0x00000007c7600000, 0x00000007c7600000, 0x00000007c7800000|  0%| F|  |TAMS 0x00000007c7600000| PB 0x00000007c7600000| Untracked 
|1596|0x00000007c7800000, 0x00000007c7800000, 0x00000007c7a00000|  0%| F|  |TAMS 0x00000007c7800000| PB 0x00000007c7800000| Untracked 
|1597|0x00000007c7a00000, 0x00000007c7a00000, 0x00000007c7c00000|  0%| F|  |TAMS 0x00000007c7a00000| PB 0x00000007c7a00000| Untracked 
|1598|0x00000007c7c00000, 0x00000007c7c00000, 0x00000007c7e00000|  0%| F|  |TAMS 0x00000007c7c00000| PB 0x00000007c7c00000| Untracked 
|1599|0x00000007c7e00000, 0x00000007c7e00000, 0x00000007c8000000|  0%| F|  |TAMS 0x00000007c7e00000| PB 0x00000007c7e00000| Untracked 
|1600|0x00000007c8000000, 0x00000007c8000000, 0x00000007c8200000|  0%| F|  |TAMS 0x00000007c8000000| PB 0x00000007c8000000| Untracked 
|1601|0x00000007c8200000, 0x00000007c8200000, 0x00000007c8400000|  0%| F|  |TAMS 0x00000007c8200000| PB 0x00000007c8200000| Untracked 
|1602|0x00000007c8400000, 0x00000007c8400000, 0x00000007c8600000|  0%| F|  |TAMS 0x00000007c8400000| PB 0x00000007c8400000| Untracked 
|1603|0x00000007c8600000, 0x00000007c8600000, 0x00000007c8800000|  0%| F|  |TAMS 0x00000007c8600000| PB 0x00000007c8600000| Untracked 
|1604|0x00000007c8800000, 0x00000007c8800000, 0x00000007c8a00000|  0%| F|  |TAMS 0x00000007c8800000| PB 0x00000007c8800000| Untracked 
|1605|0x00000007c8a00000, 0x00000007c8a00000, 0x00000007c8c00000|  0%| F|  |TAMS 0x00000007c8a00000| PB 0x00000007c8a00000| Untracked 
|1606|0x00000007c8c00000, 0x00000007c8c00000, 0x00000007c8e00000|  0%| F|  |TAMS 0x00000007c8c00000| PB 0x00000007c8c00000| Untracked 
|1607|0x00000007c8e00000, 0x00000007c8e00000, 0x00000007c9000000|  0%| F|  |TAMS 0x00000007c8e00000| PB 0x00000007c8e00000| Untracked 
|1608|0x00000007c9000000, 0x00000007c9000000, 0x00000007c9200000|  0%| F|  |TAMS 0x00000007c9000000| PB 0x00000007c9000000| Untracked 
|1609|0x00000007c9200000, 0x00000007c9200000, 0x00000007c9400000|  0%| F|  |TAMS 0x00000007c9200000| PB 0x00000007c9200000| Untracked 
|1610|0x00000007c9400000, 0x00000007c9400000, 0x00000007c9600000|  0%| F|  |TAMS 0x00000007c9400000| PB 0x00000007c9400000| Untracked 
|1611|0x00000007c9600000, 0x00000007c9600000, 0x00000007c9800000|  0%| F|  |TAMS 0x00000007c9600000| PB 0x00000007c9600000| Untracked 
|1612|0x00000007c9800000, 0x00000007c9800000, 0x00000007c9a00000|  0%| F|  |TAMS 0x00000007c9800000| PB 0x00000007c9800000| Untracked 
|1613|0x00000007c9a00000, 0x00000007c9a00000, 0x00000007c9c00000|  0%| F|  |TAMS 0x00000007c9a00000| PB 0x00000007c9a00000| Untracked 
|1614|0x00000007c9c00000, 0x00000007c9c00000, 0x00000007c9e00000|  0%| F|  |TAMS 0x00000007c9c00000| PB 0x00000007c9c00000| Untracked 
|1615|0x00000007c9e00000, 0x00000007c9e00000, 0x00000007ca000000|  0%| F|  |TAMS 0x00000007c9e00000| PB 0x00000007c9e00000| Untracked 
|1616|0x00000007ca000000, 0x00000007ca000000, 0x00000007ca200000|  0%| F|  |TAMS 0x00000007ca000000| PB 0x00000007ca000000| Untracked 
|1617|0x00000007ca200000, 0x00000007ca200000, 0x00000007ca400000|  0%| F|  |TAMS 0x00000007ca200000| PB 0x00000007ca200000| Untracked 
|1618|0x00000007ca400000, 0x00000007ca400000, 0x00000007ca600000|  0%| F|  |TAMS 0x00000007ca400000| PB 0x00000007ca400000| Untracked 
|1619|0x00000007ca600000, 0x00000007ca600000, 0x00000007ca800000|  0%| F|  |TAMS 0x00000007ca600000| PB 0x00000007ca600000| Untracked 
|1620|0x00000007ca800000, 0x00000007ca800000, 0x00000007caa00000|  0%| F|  |TAMS 0x00000007ca800000| PB 0x00000007ca800000| Untracked 
|1621|0x00000007caa00000, 0x00000007caa00000, 0x00000007cac00000|  0%| F|  |TAMS 0x00000007caa00000| PB 0x00000007caa00000| Untracked 
|1622|0x00000007cac00000, 0x00000007cac00000, 0x00000007cae00000|  0%| F|  |TAMS 0x00000007cac00000| PB 0x00000007cac00000| Untracked 
|1623|0x00000007cae00000, 0x00000007cae00000, 0x00000007cb000000|  0%| F|  |TAMS 0x00000007cae00000| PB 0x00000007cae00000| Untracked 
|1624|0x00000007cb000000, 0x00000007cb000000, 0x00000007cb200000|  0%| F|  |TAMS 0x00000007cb000000| PB 0x00000007cb000000| Untracked 
|1625|0x00000007cb200000, 0x00000007cb200000, 0x00000007cb400000|  0%| F|  |TAMS 0x00000007cb200000| PB 0x00000007cb200000| Untracked 
|1626|0x00000007cb400000, 0x00000007cb400000, 0x00000007cb600000|  0%| F|  |TAMS 0x00000007cb400000| PB 0x00000007cb400000| Untracked 
|1627|0x00000007cb600000, 0x00000007cb600000, 0x00000007cb800000|  0%| F|  |TAMS 0x00000007cb600000| PB 0x00000007cb600000| Untracked 
|1628|0x00000007cb800000, 0x00000007cb800000, 0x00000007cba00000|  0%| F|  |TAMS 0x00000007cb800000| PB 0x00000007cb800000| Untracked 
|1629|0x00000007cba00000, 0x00000007cba00000, 0x00000007cbc00000|  0%| F|  |TAMS 0x00000007cba00000| PB 0x00000007cba00000| Untracked 
|1630|0x00000007cbc00000, 0x00000007cbc00000, 0x00000007cbe00000|  0%| F|  |TAMS 0x00000007cbc00000| PB 0x00000007cbc00000| Untracked 
|1631|0x00000007cbe00000, 0x00000007cbe00000, 0x00000007cc000000|  0%| F|  |TAMS 0x00000007cbe00000| PB 0x00000007cbe00000| Untracked 
|1632|0x00000007cc000000, 0x00000007cc000000, 0x00000007cc200000|  0%| F|  |TAMS 0x00000007cc000000| PB 0x00000007cc000000| Untracked 
|1633|0x00000007cc200000, 0x00000007cc200000, 0x00000007cc400000|  0%| F|  |TAMS 0x00000007cc200000| PB 0x00000007cc200000| Untracked 
|1634|0x00000007cc400000, 0x00000007cc400000, 0x00000007cc600000|  0%| F|  |TAMS 0x00000007cc400000| PB 0x00000007cc400000| Untracked 
|1635|0x00000007cc600000, 0x00000007cc600000, 0x00000007cc800000|  0%| F|  |TAMS 0x00000007cc600000| PB 0x00000007cc600000| Untracked 
|1636|0x00000007cc800000, 0x00000007cc800000, 0x00000007cca00000|  0%| F|  |TAMS 0x00000007cc800000| PB 0x00000007cc800000| Untracked 
|1637|0x00000007cca00000, 0x00000007cca00000, 0x00000007ccc00000|  0%| F|  |TAMS 0x00000007cca00000| PB 0x00000007cca00000| Untracked 
|1638|0x00000007ccc00000, 0x00000007ccc00000, 0x00000007cce00000|  0%| F|  |TAMS 0x00000007ccc00000| PB 0x00000007ccc00000| Untracked 
|1639|0x00000007cce00000, 0x00000007cce00000, 0x00000007cd000000|  0%| F|  |TAMS 0x00000007cce00000| PB 0x00000007cce00000| Untracked 
|1640|0x00000007cd000000, 0x00000007cd000000, 0x00000007cd200000|  0%| F|  |TAMS 0x00000007cd000000| PB 0x00000007cd000000| Untracked 
|1641|0x00000007cd200000, 0x00000007cd200000, 0x00000007cd400000|  0%| F|  |TAMS 0x00000007cd200000| PB 0x00000007cd200000| Untracked 
|1642|0x00000007cd400000, 0x00000007cd400000, 0x00000007cd600000|  0%| F|  |TAMS 0x00000007cd400000| PB 0x00000007cd400000| Untracked 
|1643|0x00000007cd600000, 0x00000007cd600000, 0x00000007cd800000|  0%| F|  |TAMS 0x00000007cd600000| PB 0x00000007cd600000| Untracked 
|1644|0x00000007cd800000, 0x00000007cd800000, 0x00000007cda00000|  0%| F|  |TAMS 0x00000007cd800000| PB 0x00000007cd800000| Untracked 
|1645|0x00000007cda00000, 0x00000007cda00000, 0x00000007cdc00000|  0%| F|  |TAMS 0x00000007cda00000| PB 0x00000007cda00000| Untracked 
|1646|0x00000007cdc00000, 0x00000007cdc00000, 0x00000007cde00000|  0%| F|  |TAMS 0x00000007cdc00000| PB 0x00000007cdc00000| Untracked 
|1647|0x00000007cde00000, 0x00000007cde00000, 0x00000007ce000000|  0%| F|  |TAMS 0x00000007cde00000| PB 0x00000007cde00000| Untracked 
|1648|0x00000007ce000000, 0x00000007ce000000, 0x00000007ce200000|  0%| F|  |TAMS 0x00000007ce000000| PB 0x00000007ce000000| Untracked 
|1649|0x00000007ce200000, 0x00000007ce200000, 0x00000007ce400000|  0%| F|  |TAMS 0x00000007ce200000| PB 0x00000007ce200000| Untracked 
|1650|0x00000007ce400000, 0x00000007ce400000, 0x00000007ce600000|  0%| F|  |TAMS 0x00000007ce400000| PB 0x00000007ce400000| Untracked 
|1651|0x00000007ce600000, 0x00000007ce600000, 0x00000007ce800000|  0%| F|  |TAMS 0x00000007ce600000| PB 0x00000007ce600000| Untracked 
|1652|0x00000007ce800000, 0x00000007ce800000, 0x00000007cea00000|  0%| F|  |TAMS 0x00000007ce800000| PB 0x00000007ce800000| Untracked 
|1653|0x00000007cea00000, 0x00000007cea00000, 0x00000007cec00000|  0%| F|  |TAMS 0x00000007cea00000| PB 0x00000007cea00000| Untracked 
|1654|0x00000007cec00000, 0x00000007cec00000, 0x00000007cee00000|  0%| F|  |TAMS 0x00000007cec00000| PB 0x00000007cec00000| Untracked 
|1655|0x00000007cee00000, 0x00000007cee00000, 0x00000007cf000000|  0%| F|  |TAMS 0x00000007cee00000| PB 0x00000007cee00000| Untracked 
|1656|0x00000007cf000000, 0x00000007cf000000, 0x00000007cf200000|  0%| F|  |TAMS 0x00000007cf000000| PB 0x00000007cf000000| Untracked 
|1657|0x00000007cf200000, 0x00000007cf200000, 0x00000007cf400000|  0%| F|  |TAMS 0x00000007cf200000| PB 0x00000007cf200000| Untracked 
|1658|0x00000007cf400000, 0x00000007cf400000, 0x00000007cf600000|  0%| F|  |TAMS 0x00000007cf400000| PB 0x00000007cf400000| Untracked 
|1659|0x00000007cf600000, 0x00000007cf600000, 0x00000007cf800000|  0%| F|  |TAMS 0x00000007cf600000| PB 0x00000007cf600000| Untracked 
|1660|0x00000007cf800000, 0x00000007cf800000, 0x00000007cfa00000|  0%| F|  |TAMS 0x00000007cf800000| PB 0x00000007cf800000| Untracked 
|1661|0x00000007cfa00000, 0x00000007cfa00000, 0x00000007cfc00000|  0%| F|  |TAMS 0x00000007cfa00000| PB 0x00000007cfa00000| Untracked 
|1662|0x00000007cfc00000, 0x00000007cfc00000, 0x00000007cfe00000|  0%| F|  |TAMS 0x00000007cfc00000| PB 0x00000007cfc00000| Untracked 
|1663|0x00000007cfe00000, 0x00000007cfe00000, 0x00000007d0000000|  0%| F|  |TAMS 0x00000007cfe00000| PB 0x00000007cfe00000| Untracked 
|1664|0x00000007d0000000, 0x00000007d0000000, 0x00000007d0200000|  0%| F|  |TAMS 0x00000007d0000000| PB 0x00000007d0000000| Untracked 
|1665|0x00000007d0200000, 0x00000007d0200000, 0x00000007d0400000|  0%| F|  |TAMS 0x00000007d0200000| PB 0x00000007d0200000| Untracked 
|1666|0x00000007d0400000, 0x00000007d0400000, 0x00000007d0600000|  0%| F|  |TAMS 0x00000007d0400000| PB 0x00000007d0400000| Untracked 
|1667|0x00000007d0600000, 0x00000007d0600000, 0x00000007d0800000|  0%| F|  |TAMS 0x00000007d0600000| PB 0x00000007d0600000| Untracked 
|1668|0x00000007d0800000, 0x00000007d0800000, 0x00000007d0a00000|  0%| F|  |TAMS 0x00000007d0800000| PB 0x00000007d0800000| Untracked 
|1669|0x00000007d0a00000, 0x00000007d0a00000, 0x00000007d0c00000|  0%| F|  |TAMS 0x00000007d0a00000| PB 0x00000007d0a00000| Untracked 
|1670|0x00000007d0c00000, 0x00000007d0c00000, 0x00000007d0e00000|  0%| F|  |TAMS 0x00000007d0c00000| PB 0x00000007d0c00000| Untracked 
|1671|0x00000007d0e00000, 0x00000007d0e00000, 0x00000007d1000000|  0%| F|  |TAMS 0x00000007d0e00000| PB 0x00000007d0e00000| Untracked 
|1672|0x00000007d1000000, 0x00000007d1000000, 0x00000007d1200000|  0%| F|  |TAMS 0x00000007d1000000| PB 0x00000007d1000000| Untracked 
|1673|0x00000007d1200000, 0x00000007d1200000, 0x00000007d1400000|  0%| F|  |TAMS 0x00000007d1200000| PB 0x00000007d1200000| Untracked 
|1674|0x00000007d1400000, 0x00000007d1400000, 0x00000007d1600000|  0%| F|  |TAMS 0x00000007d1400000| PB 0x00000007d1400000| Untracked 
|1675|0x00000007d1600000, 0x00000007d1600000, 0x00000007d1800000|  0%| F|  |TAMS 0x00000007d1600000| PB 0x00000007d1600000| Untracked 
|1676|0x00000007d1800000, 0x00000007d1800000, 0x00000007d1a00000|  0%| F|  |TAMS 0x00000007d1800000| PB 0x00000007d1800000| Untracked 
|1677|0x00000007d1a00000, 0x00000007d1a00000, 0x00000007d1c00000|  0%| F|  |TAMS 0x00000007d1a00000| PB 0x00000007d1a00000| Untracked 
|1678|0x00000007d1c00000, 0x00000007d1c00000, 0x00000007d1e00000|  0%| F|  |TAMS 0x00000007d1c00000| PB 0x00000007d1c00000| Untracked 
|1679|0x00000007d1e00000, 0x00000007d1e00000, 0x00000007d2000000|  0%| F|  |TAMS 0x00000007d1e00000| PB 0x00000007d1e00000| Untracked 
|1680|0x00000007d2000000, 0x00000007d2000000, 0x00000007d2200000|  0%| F|  |TAMS 0x00000007d2000000| PB 0x00000007d2000000| Untracked 
|1681|0x00000007d2200000, 0x00000007d2200000, 0x00000007d2400000|  0%| F|  |TAMS 0x00000007d2200000| PB 0x00000007d2200000| Untracked 
|1682|0x00000007d2400000, 0x00000007d2400000, 0x00000007d2600000|  0%| F|  |TAMS 0x00000007d2400000| PB 0x00000007d2400000| Untracked 
|1683|0x00000007d2600000, 0x00000007d2600000, 0x00000007d2800000|  0%| F|  |TAMS 0x00000007d2600000| PB 0x00000007d2600000| Untracked 
|1684|0x00000007d2800000, 0x00000007d2800000, 0x00000007d2a00000|  0%| F|  |TAMS 0x00000007d2800000| PB 0x00000007d2800000| Untracked 
|1685|0x00000007d2a00000, 0x00000007d2a00000, 0x00000007d2c00000|  0%| F|  |TAMS 0x00000007d2a00000| PB 0x00000007d2a00000| Untracked 
|1686|0x00000007d2c00000, 0x00000007d2c00000, 0x00000007d2e00000|  0%| F|  |TAMS 0x00000007d2c00000| PB 0x00000007d2c00000| Untracked 
|1687|0x00000007d2e00000, 0x00000007d2e00000, 0x00000007d3000000|  0%| F|  |TAMS 0x00000007d2e00000| PB 0x00000007d2e00000| Untracked 
|1688|0x00000007d3000000, 0x00000007d3000000, 0x00000007d3200000|  0%| F|  |TAMS 0x00000007d3000000| PB 0x00000007d3000000| Untracked 
|1689|0x00000007d3200000, 0x00000007d3200000, 0x00000007d3400000|  0%| F|  |TAMS 0x00000007d3200000| PB 0x00000007d3200000| Untracked 
|1690|0x00000007d3400000, 0x00000007d3400000, 0x00000007d3600000|  0%| F|  |TAMS 0x00000007d3400000| PB 0x00000007d3400000| Untracked 
|1691|0x00000007d3600000, 0x00000007d3600000, 0x00000007d3800000|  0%| F|  |TAMS 0x00000007d3600000| PB 0x00000007d3600000| Untracked 
|1692|0x00000007d3800000, 0x00000007d3800000, 0x00000007d3a00000|  0%| F|  |TAMS 0x00000007d3800000| PB 0x00000007d3800000| Untracked 
|1693|0x00000007d3a00000, 0x00000007d3a00000, 0x00000007d3c00000|  0%| F|  |TAMS 0x00000007d3a00000| PB 0x00000007d3a00000| Untracked 
|1694|0x00000007d3c00000, 0x00000007d3c00000, 0x00000007d3e00000|  0%| F|  |TAMS 0x00000007d3c00000| PB 0x00000007d3c00000| Untracked 
|1695|0x00000007d3e00000, 0x00000007d3e00000, 0x00000007d4000000|  0%| F|  |TAMS 0x00000007d3e00000| PB 0x00000007d3e00000| Untracked 
|1696|0x00000007d4000000, 0x00000007d4000000, 0x00000007d4200000|  0%| F|  |TAMS 0x00000007d4000000| PB 0x00000007d4000000| Untracked 
|1697|0x00000007d4200000, 0x00000007d4200000, 0x00000007d4400000|  0%| F|  |TAMS 0x00000007d4200000| PB 0x00000007d4200000| Untracked 
|1698|0x00000007d4400000, 0x00000007d4400000, 0x00000007d4600000|  0%| F|  |TAMS 0x00000007d4400000| PB 0x00000007d4400000| Untracked 
|1699|0x00000007d4600000, 0x00000007d4600000, 0x00000007d4800000|  0%| F|  |TAMS 0x00000007d4600000| PB 0x00000007d4600000| Untracked 
|1700|0x00000007d4800000, 0x00000007d4800000, 0x00000007d4a00000|  0%| F|  |TAMS 0x00000007d4800000| PB 0x00000007d4800000| Untracked 
|1701|0x00000007d4a00000, 0x00000007d4a00000, 0x00000007d4c00000|  0%| F|  |TAMS 0x00000007d4a00000| PB 0x00000007d4a00000| Untracked 
|1702|0x00000007d4c00000, 0x00000007d4c00000, 0x00000007d4e00000|  0%| F|  |TAMS 0x00000007d4c00000| PB 0x00000007d4c00000| Untracked 
|1703|0x00000007d4e00000, 0x00000007d4e00000, 0x00000007d5000000|  0%| F|  |TAMS 0x00000007d4e00000| PB 0x00000007d4e00000| Untracked 
|1704|0x00000007d5000000, 0x00000007d5000000, 0x00000007d5200000|  0%| F|  |TAMS 0x00000007d5000000| PB 0x00000007d5000000| Untracked 
|1705|0x00000007d5200000, 0x00000007d5200000, 0x00000007d5400000|  0%| F|  |TAMS 0x00000007d5200000| PB 0x00000007d5200000| Untracked 
|1706|0x00000007d5400000, 0x00000007d5400000, 0x00000007d5600000|  0%| F|  |TAMS 0x00000007d5400000| PB 0x00000007d5400000| Untracked 
|1707|0x00000007d5600000, 0x00000007d5600000, 0x00000007d5800000|  0%| F|  |TAMS 0x00000007d5600000| PB 0x00000007d5600000| Untracked 
|1708|0x00000007d5800000, 0x00000007d5800000, 0x00000007d5a00000|  0%| F|  |TAMS 0x00000007d5800000| PB 0x00000007d5800000| Untracked 
|1709|0x00000007d5a00000, 0x00000007d5a00000, 0x00000007d5c00000|  0%| F|  |TAMS 0x00000007d5a00000| PB 0x00000007d5a00000| Untracked 
|1710|0x00000007d5c00000, 0x00000007d5c00000, 0x00000007d5e00000|  0%| F|  |TAMS 0x00000007d5c00000| PB 0x00000007d5c00000| Untracked 
|1711|0x00000007d5e00000, 0x00000007d5e00000, 0x00000007d6000000|  0%| F|  |TAMS 0x00000007d5e00000| PB 0x00000007d5e00000| Untracked 
|1712|0x00000007d6000000, 0x00000007d6000000, 0x00000007d6200000|  0%| F|  |TAMS 0x00000007d6000000| PB 0x00000007d6000000| Untracked 
|1713|0x00000007d6200000, 0x00000007d6200000, 0x00000007d6400000|  0%| F|  |TAMS 0x00000007d6200000| PB 0x00000007d6200000| Untracked 
|1714|0x00000007d6400000, 0x00000007d6400000, 0x00000007d6600000|  0%| F|  |TAMS 0x00000007d6400000| PB 0x00000007d6400000| Untracked 
|1715|0x00000007d6600000, 0x00000007d6600000, 0x00000007d6800000|  0%| F|  |TAMS 0x00000007d6600000| PB 0x00000007d6600000| Untracked 
|1716|0x00000007d6800000, 0x00000007d6800000, 0x00000007d6a00000|  0%| F|  |TAMS 0x00000007d6800000| PB 0x00000007d6800000| Untracked 
|1717|0x00000007d6a00000, 0x00000007d6a00000, 0x00000007d6c00000|  0%| F|  |TAMS 0x00000007d6a00000| PB 0x00000007d6a00000| Untracked 
|1718|0x00000007d6c00000, 0x00000007d6c00000, 0x00000007d6e00000|  0%| F|  |TAMS 0x00000007d6c00000| PB 0x00000007d6c00000| Untracked 
|1719|0x00000007d6e00000, 0x00000007d6e00000, 0x00000007d7000000|  0%| F|  |TAMS 0x00000007d6e00000| PB 0x00000007d6e00000| Untracked 
|1720|0x00000007d7000000, 0x00000007d7000000, 0x00000007d7200000|  0%| F|  |TAMS 0x00000007d7000000| PB 0x00000007d7000000| Untracked 
|1721|0x00000007d7200000, 0x00000007d7200000, 0x00000007d7400000|  0%| F|  |TAMS 0x00000007d7200000| PB 0x00000007d7200000| Untracked 
|1722|0x00000007d7400000, 0x00000007d7400000, 0x00000007d7600000|  0%| F|  |TAMS 0x00000007d7400000| PB 0x00000007d7400000| Untracked 
|1723|0x00000007d7600000, 0x00000007d7600000, 0x00000007d7800000|  0%| F|  |TAMS 0x00000007d7600000| PB 0x00000007d7600000| Untracked 
|1724|0x00000007d7800000, 0x00000007d7800000, 0x00000007d7a00000|  0%| F|  |TAMS 0x00000007d7800000| PB 0x00000007d7800000| Untracked 
|1725|0x00000007d7a00000, 0x00000007d7a00000, 0x00000007d7c00000|  0%| F|  |TAMS 0x00000007d7a00000| PB 0x00000007d7a00000| Untracked 
|1726|0x00000007d7c00000, 0x00000007d7c00000, 0x00000007d7e00000|  0%| F|  |TAMS 0x00000007d7c00000| PB 0x00000007d7c00000| Untracked 
|1727|0x00000007d7e00000, 0x00000007d7e00000, 0x00000007d8000000|  0%| F|  |TAMS 0x00000007d7e00000| PB 0x00000007d7e00000| Untracked 
|1728|0x00000007d8000000, 0x00000007d8000000, 0x00000007d8200000|  0%| F|  |TAMS 0x00000007d8000000| PB 0x00000007d8000000| Untracked 
|1729|0x00000007d8200000, 0x00000007d8200000, 0x00000007d8400000|  0%| F|  |TAMS 0x00000007d8200000| PB 0x00000007d8200000| Untracked 
|1730|0x00000007d8400000, 0x00000007d8400000, 0x00000007d8600000|  0%| F|  |TAMS 0x00000007d8400000| PB 0x00000007d8400000| Untracked 
|1731|0x00000007d8600000, 0x00000007d8600000, 0x00000007d8800000|  0%| F|  |TAMS 0x00000007d8600000| PB 0x00000007d8600000| Untracked 
|1732|0x00000007d8800000, 0x00000007d8800000, 0x00000007d8a00000|  0%| F|  |TAMS 0x00000007d8800000| PB 0x00000007d8800000| Untracked 
|1733|0x00000007d8a00000, 0x00000007d8a00000, 0x00000007d8c00000|  0%| F|  |TAMS 0x00000007d8a00000| PB 0x00000007d8a00000| Untracked 
|1734|0x00000007d8c00000, 0x00000007d8c00000, 0x00000007d8e00000|  0%| F|  |TAMS 0x00000007d8c00000| PB 0x00000007d8c00000| Untracked 
|1735|0x00000007d8e00000, 0x00000007d8e00000, 0x00000007d9000000|  0%| F|  |TAMS 0x00000007d8e00000| PB 0x00000007d8e00000| Untracked 
|1736|0x00000007d9000000, 0x00000007d9000000, 0x00000007d9200000|  0%| F|  |TAMS 0x00000007d9000000| PB 0x00000007d9000000| Untracked 
|1737|0x00000007d9200000, 0x00000007d9200000, 0x00000007d9400000|  0%| F|  |TAMS 0x00000007d9200000| PB 0x00000007d9200000| Untracked 
|1738|0x00000007d9400000, 0x00000007d9400000, 0x00000007d9600000|  0%| F|  |TAMS 0x00000007d9400000| PB 0x00000007d9400000| Untracked 
|1739|0x00000007d9600000, 0x00000007d9600000, 0x00000007d9800000|  0%| F|  |TAMS 0x00000007d9600000| PB 0x00000007d9600000| Untracked 
|1740|0x00000007d9800000, 0x00000007d9800000, 0x00000007d9a00000|  0%| F|  |TAMS 0x00000007d9800000| PB 0x00000007d9800000| Untracked 
|1741|0x00000007d9a00000, 0x00000007d9a00000, 0x00000007d9c00000|  0%| F|  |TAMS 0x00000007d9a00000| PB 0x00000007d9a00000| Untracked 
|1742|0x00000007d9c00000, 0x00000007d9c00000, 0x00000007d9e00000|  0%| F|  |TAMS 0x00000007d9c00000| PB 0x00000007d9c00000| Untracked 
|1743|0x00000007d9e00000, 0x00000007d9e00000, 0x00000007da000000|  0%| F|  |TAMS 0x00000007d9e00000| PB 0x00000007d9e00000| Untracked 
|1744|0x00000007da000000, 0x00000007da000000, 0x00000007da200000|  0%| F|  |TAMS 0x00000007da000000| PB 0x00000007da000000| Untracked 
|1745|0x00000007da200000, 0x00000007da200000, 0x00000007da400000|  0%| F|  |TAMS 0x00000007da200000| PB 0x00000007da200000| Untracked 
|1746|0x00000007da400000, 0x00000007da400000, 0x00000007da600000|  0%| F|  |TAMS 0x00000007da400000| PB 0x00000007da400000| Untracked 
|1747|0x00000007da600000, 0x00000007da600000, 0x00000007da800000|  0%| F|  |TAMS 0x00000007da600000| PB 0x00000007da600000| Untracked 
|1748|0x00000007da800000, 0x00000007da800000, 0x00000007daa00000|  0%| F|  |TAMS 0x00000007da800000| PB 0x00000007da800000| Untracked 
|1749|0x00000007daa00000, 0x00000007daa00000, 0x00000007dac00000|  0%| F|  |TAMS 0x00000007daa00000| PB 0x00000007daa00000| Untracked 
|1750|0x00000007dac00000, 0x00000007dac00000, 0x00000007dae00000|  0%| F|  |TAMS 0x00000007dac00000| PB 0x00000007dac00000| Untracked 
|1751|0x00000007dae00000, 0x00000007dae00000, 0x00000007db000000|  0%| F|  |TAMS 0x00000007dae00000| PB 0x00000007dae00000| Untracked 
|1752|0x00000007db000000, 0x00000007db000000, 0x00000007db200000|  0%| F|  |TAMS 0x00000007db000000| PB 0x00000007db000000| Untracked 
|1753|0x00000007db200000, 0x00000007db200000, 0x00000007db400000|  0%| F|  |TAMS 0x00000007db200000| PB 0x00000007db200000| Untracked 
|1754|0x00000007db400000, 0x00000007db400000, 0x00000007db600000|  0%| F|  |TAMS 0x00000007db400000| PB 0x00000007db400000| Untracked 
|1755|0x00000007db600000, 0x00000007db600000, 0x00000007db800000|  0%| F|  |TAMS 0x00000007db600000| PB 0x00000007db600000| Untracked 
|1756|0x00000007db800000, 0x00000007db800000, 0x00000007dba00000|  0%| F|  |TAMS 0x00000007db800000| PB 0x00000007db800000| Untracked 
|1757|0x00000007dba00000, 0x00000007dba00000, 0x00000007dbc00000|  0%| F|  |TAMS 0x00000007dba00000| PB 0x00000007dba00000| Untracked 
|1758|0x00000007dbc00000, 0x00000007dbc00000, 0x00000007dbe00000|  0%| F|  |TAMS 0x00000007dbc00000| PB 0x00000007dbc00000| Untracked 
|1759|0x00000007dbe00000, 0x00000007dbe00000, 0x00000007dc000000|  0%| F|  |TAMS 0x00000007dbe00000| PB 0x00000007dbe00000| Untracked 
|1760|0x00000007dc000000, 0x00000007dc000000, 0x00000007dc200000|  0%| F|  |TAMS 0x00000007dc000000| PB 0x00000007dc000000| Untracked 
|1761|0x00000007dc200000, 0x00000007dc200000, 0x00000007dc400000|  0%| F|  |TAMS 0x00000007dc200000| PB 0x00000007dc200000| Untracked 
|1762|0x00000007dc400000, 0x00000007dc400000, 0x00000007dc600000|  0%| F|  |TAMS 0x00000007dc400000| PB 0x00000007dc400000| Untracked 
|1763|0x00000007dc600000, 0x00000007dc600000, 0x00000007dc800000|  0%| F|  |TAMS 0x00000007dc600000| PB 0x00000007dc600000| Untracked 
|1764|0x00000007dc800000, 0x00000007dc800000, 0x00000007dca00000|  0%| F|  |TAMS 0x00000007dc800000| PB 0x00000007dc800000| Untracked 
|1765|0x00000007dca00000, 0x00000007dca00000, 0x00000007dcc00000|  0%| F|  |TAMS 0x00000007dca00000| PB 0x00000007dca00000| Untracked 
|1766|0x00000007dcc00000, 0x00000007dcc00000, 0x00000007dce00000|  0%| F|  |TAMS 0x00000007dcc00000| PB 0x00000007dcc00000| Untracked 
|1767|0x00000007dce00000, 0x00000007dce00000, 0x00000007dd000000|  0%| F|  |TAMS 0x00000007dce00000| PB 0x00000007dce00000| Untracked 
|1768|0x00000007dd000000, 0x00000007dd000000, 0x00000007dd200000|  0%| F|  |TAMS 0x00000007dd000000| PB 0x00000007dd000000| Untracked 
|1769|0x00000007dd200000, 0x00000007dd200000, 0x00000007dd400000|  0%| F|  |TAMS 0x00000007dd200000| PB 0x00000007dd200000| Untracked 
|1770|0x00000007dd400000, 0x00000007dd400000, 0x00000007dd600000|  0%| F|  |TAMS 0x00000007dd400000| PB 0x00000007dd400000| Untracked 
|1771|0x00000007dd600000, 0x00000007dd600000, 0x00000007dd800000|  0%| F|  |TAMS 0x00000007dd600000| PB 0x00000007dd600000| Untracked 
|1772|0x00000007dd800000, 0x00000007dd800000, 0x00000007dda00000|  0%| F|  |TAMS 0x00000007dd800000| PB 0x00000007dd800000| Untracked 
|1773|0x00000007dda00000, 0x00000007dda00000, 0x00000007ddc00000|  0%| F|  |TAMS 0x00000007dda00000| PB 0x00000007dda00000| Untracked 
|1774|0x00000007ddc00000, 0x00000007ddc00000, 0x00000007dde00000|  0%| F|  |TAMS 0x00000007ddc00000| PB 0x00000007ddc00000| Untracked 
|1775|0x00000007dde00000, 0x00000007dde00000, 0x00000007de000000|  0%| F|  |TAMS 0x00000007dde00000| PB 0x00000007dde00000| Untracked 
|1776|0x00000007de000000, 0x00000007de000000, 0x00000007de200000|  0%| F|  |TAMS 0x00000007de000000| PB 0x00000007de000000| Untracked 
|1777|0x00000007de200000, 0x00000007de200000, 0x00000007de400000|  0%| F|  |TAMS 0x00000007de200000| PB 0x00000007de200000| Untracked 
|1778|0x00000007de400000, 0x00000007de400000, 0x00000007de600000|  0%| F|  |TAMS 0x00000007de400000| PB 0x00000007de400000| Untracked 
|1779|0x00000007de600000, 0x00000007de600000, 0x00000007de800000|  0%| F|  |TAMS 0x00000007de600000| PB 0x00000007de600000| Untracked 
|1780|0x00000007de800000, 0x00000007de800000, 0x00000007dea00000|  0%| F|  |TAMS 0x00000007de800000| PB 0x00000007de800000| Untracked 
|1781|0x00000007dea00000, 0x00000007dea00000, 0x00000007dec00000|  0%| F|  |TAMS 0x00000007dea00000| PB 0x00000007dea00000| Untracked 
|1782|0x00000007dec00000, 0x00000007dec00000, 0x00000007dee00000|  0%| F|  |TAMS 0x00000007dec00000| PB 0x00000007dec00000| Untracked 
|1783|0x00000007dee00000, 0x00000007dee00000, 0x00000007df000000|  0%| F|  |TAMS 0x00000007dee00000| PB 0x00000007dee00000| Untracked 
|1784|0x00000007df000000, 0x00000007df000000, 0x00000007df200000|  0%| F|  |TAMS 0x00000007df000000| PB 0x00000007df000000| Untracked 
|1785|0x00000007df200000, 0x00000007df200000, 0x00000007df400000|  0%| F|  |TAMS 0x00000007df200000| PB 0x00000007df200000| Untracked 
|1786|0x00000007df400000, 0x00000007df400000, 0x00000007df600000|  0%| F|  |TAMS 0x00000007df400000| PB 0x00000007df400000| Untracked 
|1787|0x00000007df600000, 0x00000007df600000, 0x00000007df800000|  0%| F|  |TAMS 0x00000007df600000| PB 0x00000007df600000| Untracked 
|1788|0x00000007df800000, 0x00000007df800000, 0x00000007dfa00000|  0%| F|  |TAMS 0x00000007df800000| PB 0x00000007df800000| Untracked 
|1789|0x00000007dfa00000, 0x00000007dfa00000, 0x00000007dfc00000|  0%| F|  |TAMS 0x00000007dfa00000| PB 0x00000007dfa00000| Untracked 
|1790|0x00000007dfc00000, 0x00000007dfc00000, 0x00000007dfe00000|  0%| F|  |TAMS 0x00000007dfc00000| PB 0x00000007dfc00000| Untracked 
|1791|0x00000007dfe00000, 0x00000007dfe00000, 0x00000007e0000000|  0%| F|  |TAMS 0x00000007dfe00000| PB 0x00000007dfe00000| Untracked 
|1792|0x00000007e0000000, 0x00000007e0000000, 0x00000007e0200000|  0%| F|  |TAMS 0x00000007e0000000| PB 0x00000007e0000000| Untracked 
|1793|0x00000007e0200000, 0x00000007e0200000, 0x00000007e0400000|  0%| F|  |TAMS 0x00000007e0200000| PB 0x00000007e0200000| Untracked 
|1794|0x00000007e0400000, 0x00000007e0400000, 0x00000007e0600000|  0%| F|  |TAMS 0x00000007e0400000| PB 0x00000007e0400000| Untracked 
|1795|0x00000007e0600000, 0x00000007e0600000, 0x00000007e0800000|  0%| F|  |TAMS 0x00000007e0600000| PB 0x00000007e0600000| Untracked 
|1796|0x00000007e0800000, 0x00000007e0800000, 0x00000007e0a00000|  0%| F|  |TAMS 0x00000007e0800000| PB 0x00000007e0800000| Untracked 
|1797|0x00000007e0a00000, 0x00000007e0a00000, 0x00000007e0c00000|  0%| F|  |TAMS 0x00000007e0a00000| PB 0x00000007e0a00000| Untracked 
|1798|0x00000007e0c00000, 0x00000007e0c00000, 0x00000007e0e00000|  0%| F|  |TAMS 0x00000007e0c00000| PB 0x00000007e0c00000| Untracked 
|1799|0x00000007e0e00000, 0x00000007e0e00000, 0x00000007e1000000|  0%| F|  |TAMS 0x00000007e0e00000| PB 0x00000007e0e00000| Untracked 
|1800|0x00000007e1000000, 0x00000007e1000000, 0x00000007e1200000|  0%| F|  |TAMS 0x00000007e1000000| PB 0x00000007e1000000| Untracked 
|1801|0x00000007e1200000, 0x00000007e1200000, 0x00000007e1400000|  0%| F|  |TAMS 0x00000007e1200000| PB 0x00000007e1200000| Untracked 
|1802|0x00000007e1400000, 0x00000007e1400000, 0x00000007e1600000|  0%| F|  |TAMS 0x00000007e1400000| PB 0x00000007e1400000| Untracked 
|1803|0x00000007e1600000, 0x00000007e1600000, 0x00000007e1800000|  0%| F|  |TAMS 0x00000007e1600000| PB 0x00000007e1600000| Untracked 
|1804|0x00000007e1800000, 0x00000007e1800000, 0x00000007e1a00000|  0%| F|  |TAMS 0x00000007e1800000| PB 0x00000007e1800000| Untracked 
|1805|0x00000007e1a00000, 0x00000007e1a00000, 0x00000007e1c00000|  0%| F|  |TAMS 0x00000007e1a00000| PB 0x00000007e1a00000| Untracked 
|1806|0x00000007e1c00000, 0x00000007e1c00000, 0x00000007e1e00000|  0%| F|  |TAMS 0x00000007e1c00000| PB 0x00000007e1c00000| Untracked 
|1807|0x00000007e1e00000, 0x00000007e1e00000, 0x00000007e2000000|  0%| F|  |TAMS 0x00000007e1e00000| PB 0x00000007e1e00000| Untracked 
|1808|0x00000007e2000000, 0x00000007e2000000, 0x00000007e2200000|  0%| F|  |TAMS 0x00000007e2000000| PB 0x00000007e2000000| Untracked 
|1809|0x00000007e2200000, 0x00000007e2200000, 0x00000007e2400000|  0%| F|  |TAMS 0x00000007e2200000| PB 0x00000007e2200000| Untracked 
|1810|0x00000007e2400000, 0x00000007e2400000, 0x00000007e2600000|  0%| F|  |TAMS 0x00000007e2400000| PB 0x00000007e2400000| Untracked 
|1811|0x00000007e2600000, 0x00000007e2600000, 0x00000007e2800000|  0%| F|  |TAMS 0x00000007e2600000| PB 0x00000007e2600000| Untracked 
|1812|0x00000007e2800000, 0x00000007e2800000, 0x00000007e2a00000|  0%| F|  |TAMS 0x00000007e2800000| PB 0x00000007e2800000| Untracked 
|1813|0x00000007e2a00000, 0x00000007e2a00000, 0x00000007e2c00000|  0%| F|  |TAMS 0x00000007e2a00000| PB 0x00000007e2a00000| Untracked 
|1814|0x00000007e2c00000, 0x00000007e2c00000, 0x00000007e2e00000|  0%| F|  |TAMS 0x00000007e2c00000| PB 0x00000007e2c00000| Untracked 
|1815|0x00000007e2e00000, 0x00000007e2e00000, 0x00000007e3000000|  0%| F|  |TAMS 0x00000007e2e00000| PB 0x00000007e2e00000| Untracked 
|1816|0x00000007e3000000, 0x00000007e3100000, 0x00000007e3200000| 50%| E|  |TAMS 0x00000007e3000000| PB 0x00000007e3000000| Complete 
|1817|0x00000007e3200000, 0x00000007e3400000, 0x00000007e3400000|100%| E|CS|TAMS 0x00000007e3200000| PB 0x00000007e3200000| Complete 
|1818|0x00000007e3400000, 0x00000007e3600000, 0x00000007e3600000|100%| E|CS|TAMS 0x00000007e3400000| PB 0x00000007e3400000| Complete 
|1819|0x00000007e3600000, 0x00000007e3800000, 0x00000007e3800000|100%| E|CS|TAMS 0x00000007e3600000| PB 0x00000007e3600000| Complete 
|1820|0x00000007e3800000, 0x00000007e3a00000, 0x00000007e3a00000|100%| E|CS|TAMS 0x00000007e3800000| PB 0x00000007e3800000| Complete 
|1821|0x00000007e3a00000, 0x00000007e3c00000, 0x00000007e3c00000|100%| E|CS|TAMS 0x00000007e3a00000| PB 0x00000007e3a00000| Complete 
|1822|0x00000007e3c00000, 0x00000007e3e00000, 0x00000007e3e00000|100%| E|CS|TAMS 0x00000007e3c00000| PB 0x00000007e3c00000| Complete 
|1823|0x00000007e3e00000, 0x00000007e4000000, 0x00000007e4000000|100%| E|CS|TAMS 0x00000007e3e00000| PB 0x00000007e3e00000| Complete 
|1824|0x00000007e4000000, 0x00000007e4200000, 0x00000007e4200000|100%| E|CS|TAMS 0x00000007e4000000| PB 0x00000007e4000000| Complete 
|1825|0x00000007e4200000, 0x00000007e4400000, 0x00000007e4400000|100%| E|CS|TAMS 0x00000007e4200000| PB 0x00000007e4200000| Complete 
|1826|0x00000007e4400000, 0x00000007e4600000, 0x00000007e4600000|100%| E|CS|TAMS 0x00000007e4400000| PB 0x00000007e4400000| Complete 
|1827|0x00000007e4600000, 0x00000007e4800000, 0x00000007e4800000|100%| E|CS|TAMS 0x00000007e4600000| PB 0x00000007e4600000| Complete 
|1828|0x00000007e4800000, 0x00000007e4a00000, 0x00000007e4a00000|100%| E|CS|TAMS 0x00000007e4800000| PB 0x00000007e4800000| Complete 
|1829|0x00000007e4a00000, 0x00000007e4c00000, 0x00000007e4c00000|100%| E|CS|TAMS 0x00000007e4a00000| PB 0x00000007e4a00000| Complete 
|1830|0x00000007e4c00000, 0x00000007e4e00000, 0x00000007e4e00000|100%| E|CS|TAMS 0x00000007e4c00000| PB 0x00000007e4c00000| Complete 
|1831|0x00000007e4e00000, 0x00000007e5000000, 0x00000007e5000000|100%| E|CS|TAMS 0x00000007e4e00000| PB 0x00000007e4e00000| Complete 
|1832|0x00000007e5000000, 0x00000007e5200000, 0x00000007e5200000|100%| E|CS|TAMS 0x00000007e5000000| PB 0x00000007e5000000| Complete 
|1833|0x00000007e5200000, 0x00000007e5400000, 0x00000007e5400000|100%| S|CS|TAMS 0x00000007e5200000| PB 0x00000007e5200000| Complete 
|1834|0x00000007e5400000, 0x00000007e5600000, 0x00000007e5600000|100%| S|CS|TAMS 0x00000007e5400000| PB 0x00000007e5400000| Complete 
|1835|0x00000007e5600000, 0x00000007e5800000, 0x00000007e5800000|100%| S|CS|TAMS 0x00000007e5600000| PB 0x00000007e5600000| Complete 
|1836|0x00000007e5800000, 0x00000007e5a00000, 0x00000007e5a00000|100%| S|CS|TAMS 0x00000007e5800000| PB 0x00000007e5800000| Complete 
|1837|0x00000007e5a00000, 0x00000007e5c00000, 0x00000007e5c00000|100%| S|CS|TAMS 0x00000007e5a00000| PB 0x00000007e5a00000| Complete 
|1838|0x00000007e5c00000, 0x00000007e5e00000, 0x00000007e5e00000|100%| S|CS|TAMS 0x00000007e5c00000| PB 0x00000007e5c00000| Complete 
|1839|0x00000007e5e00000, 0x00000007e6000000, 0x00000007e6000000|100%| S|CS|TAMS 0x00000007e5e00000| PB 0x00000007e5e00000| Complete 
|1840|0x00000007e6000000, 0x00000007e6200000, 0x00000007e6200000|100%| S|CS|TAMS 0x00000007e6000000| PB 0x00000007e6000000| Complete 
|1841|0x00000007e6200000, 0x00000007e6400000, 0x00000007e6400000|100%| S|CS|TAMS 0x00000007e6200000| PB 0x00000007e6200000| Complete 
|1842|0x00000007e6400000, 0x00000007e6600000, 0x00000007e6600000|100%| S|CS|TAMS 0x00000007e6400000| PB 0x00000007e6400000| Complete 
|1843|0x00000007e6600000, 0x00000007e6800000, 0x00000007e6800000|100%| S|CS|TAMS 0x00000007e6600000| PB 0x00000007e6600000| Complete 
|1844|0x00000007e6800000, 0x00000007e6a00000, 0x00000007e6a00000|100%| S|CS|TAMS 0x00000007e6800000| PB 0x00000007e6800000| Complete 
|1845|0x00000007e6a00000, 0x00000007e6c00000, 0x00000007e6c00000|100%| S|CS|TAMS 0x00000007e6a00000| PB 0x00000007e6a00000| Complete 
|1846|0x00000007e6c00000, 0x00000007e6e00000, 0x00000007e6e00000|100%| S|CS|TAMS 0x00000007e6c00000| PB 0x00000007e6c00000| Complete 
|1847|0x00000007e6e00000, 0x00000007e7000000, 0x00000007e7000000|100%| S|CS|TAMS 0x00000007e6e00000| PB 0x00000007e6e00000| Complete 
|1952|0x00000007f4000000, 0x00000007f4200000, 0x00000007f4200000|100%| O|  |TAMS 0x00000007f4200000| PB 0x00000007f4200000| Updating 
|1953|0x00000007f4200000, 0x00000007f4400000, 0x00000007f4400000|100%| S|CS|TAMS 0x00000007f4200000| PB 0x00000007f4200000| Complete 
|1954|0x00000007f4400000, 0x00000007f4600000, 0x00000007f4600000|100%| S|CS|TAMS 0x00000007f4400000| PB 0x00000007f4400000| Complete 
|1955|0x00000007f4600000, 0x00000007f4800000, 0x00000007f4800000|100%| S|CS|TAMS 0x00000007f4600000| PB 0x00000007f4600000| Complete 
|1956|0x00000007f4800000, 0x00000007f4a00000, 0x00000007f4a00000|100%| O|  |TAMS 0x00000007f4a00000| PB 0x00000007f4a00000| Updating 
|1957|0x00000007f4a00000, 0x00000007f4c00000, 0x00000007f4c00000|100%| S|CS|TAMS 0x00000007f4a00000| PB 0x00000007f4a00000| Complete 
|1958|0x00000007f4c00000, 0x00000007f4e00000, 0x00000007f4e00000|100%| S|CS|TAMS 0x00000007f4c00000| PB 0x00000007f4c00000| Complete 
|1959|0x00000007f4e00000, 0x00000007f5000000, 0x00000007f5000000|100%| S|CS|TAMS 0x00000007f4e00000| PB 0x00000007f4e00000| Complete 
|1960|0x00000007f5000000, 0x00000007f5200000, 0x00000007f5200000|100%| S|CS|TAMS 0x00000007f5000000| PB 0x00000007f5000000| Complete 
|1961|0x00000007f5200000, 0x00000007f5400000, 0x00000007f5400000|100%| O|  |TAMS 0x00000007f5400000| PB 0x00000007f5400000| Updating 
|1962|0x00000007f5400000, 0x00000007f5600000, 0x00000007f5600000|100%| S|CS|TAMS 0x00000007f5400000| PB 0x00000007f5400000| Complete 
|1963|0x00000007f5600000, 0x00000007f5800000, 0x00000007f5800000|100%| S|CS|TAMS 0x00000007f5600000| PB 0x00000007f5600000| Complete 
|1964|0x00000007f5800000, 0x00000007f5a00000, 0x00000007f5a00000|100%| S|CS|TAMS 0x00000007f5800000| PB 0x00000007f5800000| Complete 
|1965|0x00000007f5a00000, 0x00000007f5c00000, 0x00000007f5c00000|100%| O|  |TAMS 0x00000007f5c00000| PB 0x00000007f5c00000| Updating 
|1966|0x00000007f5c00000, 0x00000007f5e00000, 0x00000007f5e00000|100%| O|  |TAMS 0x00000007f5e00000| PB 0x00000007f5e00000| Updating 
|1967|0x00000007f5e00000, 0x00000007f6000000, 0x00000007f6000000|100%| S|CS|TAMS 0x00000007f5e00000| PB 0x00000007f5e00000| Complete 
|1968|0x00000007f6000000, 0x00000007f6200000, 0x00000007f6200000|100%| S|CS|TAMS 0x00000007f6000000| PB 0x00000007f6000000| Complete 
|1969|0x00000007f6200000, 0x00000007f6400000, 0x00000007f6400000|100%| S|CS|TAMS 0x00000007f6200000| PB 0x00000007f6200000| Complete 
|1970|0x00000007f6400000, 0x00000007f6600000, 0x00000007f6600000|100%| S|CS|TAMS 0x00000007f6400000| PB 0x00000007f6400000| Complete 
|1971|0x00000007f6600000, 0x00000007f6800000, 0x00000007f6800000|100%| O|  |TAMS 0x00000007f6800000| PB 0x00000007f6800000| Untracked 
|1972|0x00000007f6800000, 0x00000007f6a00000, 0x00000007f6a00000|100%| S|CS|TAMS 0x00000007f6800000| PB 0x00000007f6800000| Complete 
|1973|0x00000007f6a00000, 0x00000007f6c00000, 0x00000007f6c00000|100%| S|CS|TAMS 0x00000007f6a00000| PB 0x00000007f6a00000| Complete 
|1974|0x00000007f6c00000, 0x00000007f6e00000, 0x00000007f6e00000|100%| S|CS|TAMS 0x00000007f6c00000| PB 0x00000007f6c00000| Complete 
|1975|0x00000007f6e00000, 0x00000007f7000000, 0x00000007f7000000|100%| S|CS|TAMS 0x00000007f6e00000| PB 0x00000007f6e00000| Complete 
|1976|0x00000007f7000000, 0x00000007f7200000, 0x00000007f7200000|100%| O|  |TAMS 0x00000007f7200000| PB 0x00000007f7200000| Updating 
|1977|0x00000007f7200000, 0x00000007f7400000, 0x00000007f7400000|100%| O|  |TAMS 0x00000007f7400000| PB 0x00000007f7400000| Untracked 
|1978|0x00000007f7400000, 0x00000007f7600000, 0x00000007f7600000|100%| O|  |TAMS 0x00000007f7600000| PB 0x00000007f7600000| Untracked 
|1979|0x00000007f7600000, 0x00000007f7800000, 0x00000007f7800000|100%| O|  |TAMS 0x00000007f7800000| PB 0x00000007f7800000| Untracked 
|1980|0x00000007f7800000, 0x00000007f7a00000, 0x00000007f7a00000|100%| O|  |TAMS 0x00000007f7a00000| PB 0x00000007f7a00000| Untracked 
|1981|0x00000007f7a00000, 0x00000007f7c00000, 0x00000007f7c00000|100%| O|  |TAMS 0x00000007f7c00000| PB 0x00000007f7c00000| Untracked 
|1982|0x00000007f7c00000, 0x00000007f7e00000, 0x00000007f7e00000|100%| O|  |TAMS 0x00000007f7e00000| PB 0x00000007f7e00000| Untracked 
|1983|0x00000007f7e00000, 0x00000007f8000000, 0x00000007f8000000|100%| O|  |TAMS 0x00000007f8000000| PB 0x00000007f8000000| Untracked 
|1984|0x00000007f8000000, 0x00000007f8200000, 0x00000007f8200000|100%| O|  |TAMS 0x00000007f8200000| PB 0x00000007f8200000| Untracked 
|1985|0x00000007f8200000, 0x00000007f8400000, 0x00000007f8400000|100%| O|  |TAMS 0x00000007f8400000| PB 0x00000007f8400000| Untracked 
|1986|0x00000007f8400000, 0x00000007f8600000, 0x00000007f8600000|100%| O|  |TAMS 0x00000007f8600000| PB 0x00000007f8600000| Untracked 
|1987|0x00000007f8600000, 0x00000007f8800000, 0x00000007f8800000|100%| O|  |TAMS 0x00000007f8800000| PB 0x00000007f8800000| Untracked 
|1988|0x00000007f8800000, 0x00000007f8a00000, 0x00000007f8a00000|100%| O|  |TAMS 0x00000007f8a00000| PB 0x00000007f8a00000| Untracked 
|1989|0x00000007f8a00000, 0x00000007f8c00000, 0x00000007f8c00000|100%| O|  |TAMS 0x00000007f8c00000| PB 0x00000007f8c00000| Untracked 
|1990|0x00000007f8c00000, 0x00000007f8e00000, 0x00000007f8e00000|100%| O|  |TAMS 0x00000007f8e00000| PB 0x00000007f8e00000| Untracked 
|1991|0x00000007f8e00000, 0x00000007f9000000, 0x00000007f9000000|100%| O|  |TAMS 0x00000007f9000000| PB 0x00000007f9000000| Untracked 
|1992|0x00000007f9000000, 0x00000007f9200000, 0x00000007f9200000|100%| O|  |TAMS 0x00000007f9200000| PB 0x00000007f9200000| Untracked 
|1993|0x00000007f9200000, 0x00000007f9400000, 0x00000007f9400000|100%| O|  |TAMS 0x00000007f9400000| PB 0x00000007f9400000| Untracked 
|1994|0x00000007f9400000, 0x00000007f9600000, 0x00000007f9600000|100%| O|  |TAMS 0x00000007f9600000| PB 0x00000007f9600000| Untracked 
|1995|0x00000007f9600000, 0x00000007f9800000, 0x00000007f9800000|100%| O|  |TAMS 0x00000007f9800000| PB 0x00000007f9800000| Untracked 
|1996|0x00000007f9800000, 0x00000007f9a00000, 0x00000007f9a00000|100%| O|  |TAMS 0x00000007f9a00000| PB 0x00000007f9a00000| Untracked 
|1997|0x00000007f9a00000, 0x00000007f9c00000, 0x00000007f9c00000|100%| O|  |TAMS 0x00000007f9c00000| PB 0x00000007f9c00000| Untracked 
|1998|0x00000007f9c00000, 0x00000007f9e00000, 0x00000007f9e00000|100%| O|  |TAMS 0x00000007f9e00000| PB 0x00000007f9e00000| Untracked 
|1999|0x00000007f9e00000, 0x00000007fa000000, 0x00000007fa000000|100%| O|  |TAMS 0x00000007fa000000| PB 0x00000007fa000000| Untracked 
|2000|0x00000007fa000000, 0x00000007fa200000, 0x00000007fa200000|100%| O|  |TAMS 0x00000007fa200000| PB 0x00000007fa200000| Untracked 
|2001|0x00000007fa200000, 0x00000007fa400000, 0x00000007fa400000|100%| O|  |TAMS 0x00000007fa400000| PB 0x00000007fa400000| Untracked 
|2002|0x00000007fa400000, 0x00000007fa600000, 0x00000007fa600000|100%| O|  |TAMS 0x00000007fa600000| PB 0x00000007fa600000| Untracked 
|2003|0x00000007fa600000, 0x00000007fa800000, 0x00000007fa800000|100%| O|  |TAMS 0x00000007fa800000| PB 0x00000007fa800000| Untracked 
|2004|0x00000007fa800000, 0x00000007faa00000, 0x00000007faa00000|100%| O|  |TAMS 0x00000007faa00000| PB 0x00000007faa00000| Untracked 
|2005|0x00000007faa00000, 0x00000007fac00000, 0x00000007fac00000|100%| O|  |TAMS 0x00000007fac00000| PB 0x00000007fac00000| Untracked 
|2006|0x00000007fac00000, 0x00000007fae00000, 0x00000007fae00000|100%| O|  |TAMS 0x00000007fae00000| PB 0x00000007fae00000| Untracked 
|2007|0x00000007fae00000, 0x00000007fb000000, 0x00000007fb000000|100%| O|  |TAMS 0x00000007fb000000| PB 0x00000007fb000000| Untracked 
|2008|0x00000007fb000000, 0x00000007fb200000, 0x00000007fb200000|100%| O|  |TAMS 0x00000007fb200000| PB 0x00000007fb200000| Untracked 
|2009|0x00000007fb200000, 0x00000007fb400000, 0x00000007fb400000|100%| O|  |TAMS 0x00000007fb400000| PB 0x00000007fb400000| Untracked 
|2010|0x00000007fb400000, 0x00000007fb600000, 0x00000007fb600000|100%| O|  |TAMS 0x00000007fb600000| PB 0x00000007fb600000| Untracked 
|2011|0x00000007fb600000, 0x00000007fb800000, 0x00000007fb800000|100%| O|  |TAMS 0x00000007fb800000| PB 0x00000007fb800000| Untracked 
|2012|0x00000007fb800000, 0x00000007fba00000, 0x00000007fba00000|100%| O|  |TAMS 0x00000007fba00000| PB 0x00000007fba00000| Untracked 
|2013|0x00000007fba00000, 0x00000007fbc00000, 0x00000007fbc00000|100%| O|  |TAMS 0x00000007fbc00000| PB 0x00000007fbc00000| Untracked 
|2014|0x00000007fbc00000, 0x00000007fbe00000, 0x00000007fbe00000|100%| O|  |TAMS 0x00000007fbe00000| PB 0x00000007fbe00000| Untracked 
|2015|0x00000007fbe00000, 0x00000007fc000000, 0x00000007fc000000|100%| O|  |TAMS 0x00000007fc000000| PB 0x00000007fc000000| Untracked 
|2016|0x00000007fc000000, 0x00000007fc200000, 0x00000007fc200000|100%| O|  |TAMS 0x00000007fc200000| PB 0x00000007fc200000| Untracked 
|2017|0x00000007fc200000, 0x00000007fc400000, 0x00000007fc400000|100%| O|  |TAMS 0x00000007fc400000| PB 0x00000007fc400000| Untracked 
|2018|0x00000007fc400000, 0x00000007fc600000, 0x00000007fc600000|100%| O|  |TAMS 0x00000007fc600000| PB 0x00000007fc600000| Untracked 
|2019|0x00000007fc600000, 0x00000007fc800000, 0x00000007fc800000|100%| O|  |TAMS 0x00000007fc800000| PB 0x00000007fc800000| Untracked 
|2020|0x00000007fc800000, 0x00000007fca00000, 0x00000007fca00000|100%| O|  |TAMS 0x00000007fca00000| PB 0x00000007fca00000| Untracked 
|2021|0x00000007fca00000, 0x00000007fcc00000, 0x00000007fcc00000|100%| O|  |TAMS 0x00000007fcc00000| PB 0x00000007fcc00000| Untracked 
|2022|0x00000007fcc00000, 0x00000007fce00000, 0x00000007fce00000|100%| O|  |TAMS 0x00000007fce00000| PB 0x00000007fce00000| Untracked 
|2023|0x00000007fce00000, 0x00000007fd000000, 0x00000007fd000000|100%| O|  |TAMS 0x00000007fd000000| PB 0x00000007fd000000| Untracked 
|2024|0x00000007fd000000, 0x00000007fd200000, 0x00000007fd200000|100%| O|  |TAMS 0x00000007fd200000| PB 0x00000007fd200000| Untracked 
|2025|0x00000007fd200000, 0x00000007fd400000, 0x00000007fd400000|100%| O|  |TAMS 0x00000007fd400000| PB 0x00000007fd400000| Untracked 
|2026|0x00000007fd400000, 0x00000007fd600000, 0x00000007fd600000|100%| O|  |TAMS 0x00000007fd600000| PB 0x00000007fd600000| Untracked 
|2027|0x00000007fd600000, 0x00000007fd800000, 0x00000007fd800000|100%| O|  |TAMS 0x00000007fd800000| PB 0x00000007fd800000| Updating 
|2028|0x00000007fd800000, 0x00000007fda00000, 0x00000007fda00000|100%| S|CS|TAMS 0x00000007fd800000| PB 0x00000007fd800000| Complete 
|2029|0x00000007fda00000, 0x00000007fdc00000, 0x00000007fdc00000|100%| O|  |TAMS 0x00000007fdc00000| PB 0x00000007fdc00000| Updating 
|2030|0x00000007fdc00000, 0x00000007fde00000, 0x00000007fde00000|100%| O|  |TAMS 0x00000007fde00000| PB 0x00000007fde00000| Updating 
|2031|0x00000007fde00000, 0x00000007fe000000, 0x00000007fe000000|100%| S|CS|TAMS 0x00000007fde00000| PB 0x00000007fde00000| Complete 
|2032|0x00000007fe000000, 0x00000007fe200000, 0x00000007fe200000|100%| O|  |TAMS 0x00000007fe200000| PB 0x00000007fe200000| Untracked 
|2033|0x00000007fe200000, 0x00000007fe400000, 0x00000007fe400000|100%| O|  |TAMS 0x00000007fe400000| PB 0x00000007fe400000| Untracked 
|2034|0x00000007fe400000, 0x00000007fe600000, 0x00000007fe600000|100%| O|  |TAMS 0x00000007fe600000| PB 0x00000007fe600000| Updating 
|2035|0x00000007fe600000, 0x00000007fe800000, 0x00000007fe800000|100%| S|CS|TAMS 0x00000007fe600000| PB 0x00000007fe600000| Complete 
|2036|0x00000007fe800000, 0x00000007fea00000, 0x00000007fea00000|100%| O|  |TAMS 0x00000007fea00000| PB 0x00000007fea00000| Updating 
|2037|0x00000007fea00000, 0x00000007fec00000, 0x00000007fec00000|100%| O|  |TAMS 0x00000007fec00000| PB 0x00000007fec00000| Untracked 
|2038|0x00000007fec00000, 0x00000007fee00000, 0x00000007fee00000|100%| E|CS|TAMS 0x00000007fec00000| PB 0x00000007fec00000| Complete 
|2039|0x00000007fee00000, 0x00000007ff000000, 0x00000007ff000000|100%| O|  |TAMS 0x00000007ff000000| PB 0x00000007ff000000| Updating 
|2040|0x00000007ff000000, 0x00000007ff200000, 0x00000007ff200000|100%| E|CS|TAMS 0x00000007ff000000| PB 0x00000007ff000000| Complete 
|2041|0x00000007ff200000, 0x00000007ff400000, 0x00000007ff400000|100%| O|  |TAMS 0x00000007ff400000| PB 0x00000007ff400000| Untracked 
|2042|0x00000007ff400000, 0x00000007ff600000, 0x00000007ff600000|100%| E|CS|TAMS 0x00000007ff400000| PB 0x00000007ff400000| Complete 
|2043|0x00000007ff600000, 0x00000007ff800000, 0x00000007ff800000|100%| E|CS|TAMS 0x00000007ff600000| PB 0x00000007ff600000| Complete 
|2044|0x00000007ff800000, 0x00000007ffa00000, 0x00000007ffa00000|100%| E|CS|TAMS 0x00000007ff800000| PB 0x00000007ff800000| Complete 
|2045|0x00000007ffa00000, 0x00000007ffc00000, 0x00000007ffc00000|100%| O|  |TAMS 0x00000007ffc00000| PB 0x00000007ffc00000| Updating 
|2046|0x00000007ffc00000, 0x00000007ffe00000, 0x00000007ffe00000|100%| E|CS|TAMS 0x00000007ffc00000| PB 0x00000007ffc00000| Complete 
|2047|0x00000007ffe00000, 0x0000000800000000, 0x0000000800000000|100%| O|  |TAMS 0x0000000800000000| PB 0x0000000800000000| Untracked 

Card table byte_map: [0x0000019bcba40000,0x0000019bcc240000] _byte_map_base: 0x0000019bc8240000

Marking Bits: (CMBitMap*) 0x0000019bb8e18a20
 Bits: [0x0000019bcc240000, 0x0000019bd0240000)

Polling page: 0x0000019bb6d70000

Metaspace:

Usage:
  Non-class:    203.07 MB used.
      Class:     30.27 MB used.
       Both:    233.35 MB used.

Virtual space:
  Non-class space:      256.00 MB reserved,     204.56 MB ( 80%) committed,  4 nodes.
      Class space:        1.00 GB reserved,      31.69 MB (  3%) committed,  1 nodes.
             Both:        1.25 GB reserved,     236.25 MB ( 18%) committed. 

Chunk freelists:
   Non-Class:  3.09 MB
       Class:  224.00 KB
        Both:  3.31 MB

MaxMetaspaceSize: unlimited
CompressedClassSpaceSize: 1.00 GB
Initial GC threshold: 21.00 MB
Current GC threshold: 392.44 MB
CDS: off
 - commit_granule_bytes: 65536.
 - commit_granule_words: 8192.
 - virtual_space_node_default_size: 8388608.
 - enlarge_chunks_in_place: 1.
 - use_allocation_guard: 0.


Internal statistics:

num_allocs_failed_limit: 9.
num_arena_births: 5824.
num_arena_deaths: 26.
num_vsnodes_births: 5.
num_vsnodes_deaths: 0.
num_space_committed: 3778.
num_space_uncommitted: 1.
num_chunks_returned_to_freelist: 54.
num_chunks_taken_from_freelist: 15784.
num_chunk_merges: 20.
num_chunk_splits: 10890.
num_chunks_enlarged: 7537.
num_inconsistent_stats: 0.

CodeHeap 'non-profiled nmethods': size=120000Kb used=26909Kb max_used=34130Kb free=93090Kb
 bounds [0x0000019bc39e0000, 0x0000019bc5b50000, 0x0000019bcaf10000]
CodeHeap 'profiled nmethods': size=120000Kb used=47364Kb max_used=65874Kb free=72635Kb
 bounds [0x0000019bbbf10000, 0x0000019bbffc0000, 0x0000019bc3440000]
CodeHeap 'non-nmethods': size=5760Kb used=3034Kb max_used=3111Kb free=2725Kb
 bounds [0x0000019bc3440000, 0x0000019bc3750000, 0x0000019bc39e0000]
CodeCache: size=245760Kb, used=77307Kb, max_used=103115Kb, free=168450Kb
 total_blobs=20787, nmethods=19522, adapters=1166, full_count=0
Compilation: enabled, stopped_count=0, restarted_count=0

Compilation events (20 events):
Event: 179.405 Thread 0x0000019bd7109ac0 nmethod 45443 0x0000019bbe022090 code [0x0000019bbe022240, 0x0000019bbe022378]
Event: 179.447 Thread 0x0000019bd70f73f0 nmethod 45439 0x0000019bc5b49590 code [0x0000019bc5b49a80, 0x0000019bc5b4bab8]
Event: 179.455 Thread 0x0000019bd7109ac0 45444       3       com.android.tools.r8.shaking.i3::u (94 bytes)
Event: 179.457 Thread 0x0000019bd7109ac0 nmethod 45444 0x0000019bbefda690 code [0x0000019bbefdaa60, 0x0000019bbefdcab0]
Event: 179.482 Thread 0x0000019bd70f73f0 45445       4       com.android.tools.r8.shaking.f2::a (20 bytes)
Event: 179.629 Thread 0x0000019bd70f73f0 nmethod 45445 0x0000019bc5b4d010 code [0x0000019bc5b4d2a0, 0x0000019bc5b4e1c0]
Event: 179.777 Thread 0x0000019bd7109ac0 45446       3       org.jetbrains.kotlin.resolve.calls.smartcasts.DataFlowInfoImpl$Companion::create (156 bytes)
Event: 179.778 Thread 0x0000019bd70f73f0 45447       4       org.jetbrains.kotlin.contracts.ESVariableWithDataFlowValue::hashCode (8 bytes)
Event: 179.779 Thread 0x0000019bd7109ac0 nmethod 45446 0x0000019bbd1d1a90 code [0x0000019bbd1d1e20, 0x0000019bbd1d3718]
Event: 179.785 Thread 0x0000019bd70f73f0 nmethod 45447 0x0000019bc4dbfb90 code [0x0000019bc4dbfd80, 0x0000019bc4dc0258]
Event: 179.856 Thread 0x0000019bd7109ac0 45448       3       com.android.tools.r8.internal.yG::<init> (5 bytes)
Event: 179.856 Thread 0x0000019bd7109ac0 nmethod 45448 0x0000019bbd78ec10 code [0x0000019bbd78edc0, 0x0000019bbd78ef28]
Event: 179.856 Thread 0x0000019bd70f73f0 45449       4       com.android.tools.r8.internal.DP::a (72 bytes)
Event: 179.858 Thread 0x0000019bd7109ac0 45450       3       org.jetbrains.kotlin.resolve.inline.InlineUtil::isInlineParameterExceptNullability (50 bytes)
Event: 179.858 Thread 0x0000019bd7109ac0 nmethod 45450 0x0000019bbecd7710 code [0x0000019bbecd7920, 0x0000019bbecd7fe8]
Event: 179.864 Thread 0x0000019bd70f73f0 nmethod 45449 0x0000019bc4f1f290 code [0x0000019bc4f1f480, 0x0000019bc4f1f770]
Event: 179.982 Thread 0x0000019bd7109ac0 45451       3       org.jetbrains.kotlin.resolve.inline.InlineUtil::isInlineParameter (38 bytes)
Event: 179.983 Thread 0x0000019bd7109ac0 nmethod 45451 0x0000019bbc952610 code [0x0000019bbc952800, 0x0000019bbc952c60]
Event: 182.132 Thread 0x0000019bd7109ac0 45452       3       javaslang.collection.Iterator$1::getNext (10 bytes)
Event: 182.132 Thread 0x0000019bd7109ac0 nmethod 45452 0x0000019bbe0faf10 code [0x0000019bbe0fb0a0, 0x0000019bbe0fb1b8]

GC Heap History (20 events):
Event: 126.342 GC heap before
{Heap before GC invocations=126 (full 0):
 garbage-first heap   total 3246080K, used 2927616K [0x0000000700000000, 0x0000000800000000)
  region size 2048K, 488 young (999424K), 46 survivors (94208K)
 Metaspace       used 232901K, committed 235840K, reserved 1310720K
  class space    used 30440K, committed 31872K, reserved 1048576K
}
Event: 126.596 GC heap after
{Heap after GC invocations=127 (full 0):
 garbage-first heap   total 3246080K, used 2081792K [0x0000000700000000, 0x0000000800000000)
  region size 2048K, 43 young (88064K), 43 survivors (88064K)
 Metaspace       used 232901K, committed 235840K, reserved 1310720K
  class space    used 30440K, committed 31872K, reserved 1048576K
}
Event: 131.298 GC heap before
{Heap before GC invocations=127 (full 0):
 garbage-first heap   total 3246080K, used 2958336K [0x0000000700000000, 0x0000000800000000)
  region size 2048K, 471 young (964608K), 43 survivors (88064K)
 Metaspace       used 234501K, committed 237440K, reserved 1310720K
  class space    used 30605K, committed 32064K, reserved 1048576K
}
Event: 131.381 GC heap after
{Heap after GC invocations=128 (full 0):
 garbage-first heap   total 3246080K, used 2141184K [0x0000000700000000, 0x0000000800000000)
  region size 2048K, 29 young (59392K), 29 survivors (59392K)
 Metaspace       used 234501K, committed 237440K, reserved 1310720K
  class space    used 30605K, committed 32064K, reserved 1048576K
}
Event: 136.006 GC heap before
{Heap before GC invocations=129 (full 0):
 garbage-first heap   total 3581952K, used 3007488K [0x0000000700000000, 0x0000000800000000)
  region size 2048K, 449 young (919552K), 29 survivors (59392K)
 Metaspace       used 235614K, committed 238528K, reserved 1310720K
  class space    used 30716K, committed 32128K, reserved 1048576K
}
Event: 136.123 GC heap after
{Heap after GC invocations=130 (full 0):
 garbage-first heap   total 3581952K, used 2220032K [0x0000000700000000, 0x0000000800000000)
  region size 2048K, 57 young (116736K), 57 survivors (116736K)
 Metaspace       used 235614K, committed 238528K, reserved 1310720K
  class space    used 30716K, committed 32128K, reserved 1048576K
}
Event: 138.774 GC heap before
{Heap before GC invocations=130 (full 0):
 garbage-first heap   total 3581952K, used 2981888K [0x0000000700000000, 0x0000000800000000)
  region size 2048K, 425 young (870400K), 57 survivors (116736K)
 Metaspace       used 236247K, committed 239232K, reserved 1310720K
  class space    used 30766K, committed 32192K, reserved 1048576K
}
Event: 138.903 GC heap after
{Heap after GC invocations=131 (full 0):
 garbage-first heap   total 3581952K, used 2292736K [0x0000000700000000, 0x0000000800000000)
  region size 2048K, 34 young (69632K), 34 survivors (69632K)
 Metaspace       used 236247K, committed 239232K, reserved 1310720K
  class space    used 30766K, committed 32192K, reserved 1048576K
}
Event: 142.202 GC heap before
{Heap before GC invocations=131 (full 0):
 garbage-first heap   total 3581952K, used 3302400K [0x0000000700000000, 0x0000000800000000)
  region size 2048K, 527 young (1079296K), 34 survivors (69632K)
 Metaspace       used 236647K, committed 239616K, reserved 1310720K
  class space    used 30798K, committed 32256K, reserved 1048576K
}
Event: 142.296 GC heap after
{Heap after GC invocations=132 (full 0):
 garbage-first heap   total 3581952K, used 2322432K [0x0000000700000000, 0x0000000800000000)
  region size 2048K, 58 young (118784K), 58 survivors (118784K)
 Metaspace       used 236647K, committed 239616K, reserved 1310720K
  class space    used 30798K, committed 32256K, reserved 1048576K
}
Event: 149.499 GC heap before
{Heap before GC invocations=132 (full 0):
 garbage-first heap   total 3581952K, used 3354624K [0x0000000700000000, 0x0000000800000000)
  region size 2048K, 558 young (1142784K), 58 survivors (118784K)
 Metaspace       used 237500K, committed 240448K, reserved 1310720K
  class space    used 30868K, committed 32320K, reserved 1048576K
}
Event: 149.596 GC heap after
{Heap after GC invocations=133 (full 0):
 garbage-first heap   total 3581952K, used 2385920K [0x0000000700000000, 0x0000000800000000)
  region size 2048K, 51 young (104448K), 51 survivors (104448K)
 Metaspace       used 237500K, committed 240448K, reserved 1310720K
  class space    used 30868K, committed 32320K, reserved 1048576K
}
Event: 150.165 GC heap before
{Heap before GC invocations=133 (full 0):
 garbage-first heap   total 3581952K, used 2555904K [0x0000000700000000, 0x0000000800000000)
  region size 2048K, 135 young (276480K), 51 survivors (104448K)
 Metaspace       used 238062K, committed 241024K, reserved 1310720K
  class space    used 30947K, committed 32384K, reserved 1048576K
}
Event: 150.221 GC heap after
{Heap after GC invocations=134 (full 0):
 garbage-first heap   total 3581952K, used 2395136K [0x0000000700000000, 0x0000000800000000)
  region size 2048K, 30 young (61440K), 30 survivors (61440K)
 Metaspace       used 238062K, committed 241024K, reserved 1310720K
  class space    used 30947K, committed 32384K, reserved 1048576K
}
Event: 156.122 GC heap before
{Heap before GC invocations=135 (full 0):
 garbage-first heap   total 3981312K, used 3392512K [0x0000000700000000, 0x0000000800000000)
  region size 2048K, 511 young (1046528K), 30 survivors (61440K)
 Metaspace       used 238132K, committed 241088K, reserved 1310720K
  class space    used 30951K, committed 32384K, reserved 1048576K
}
Event: 156.217 GC heap after
{Heap after GC invocations=136 (full 0):
 garbage-first heap   total 3981312K, used 2461696K [0x0000000700000000, 0x0000000800000000)
  region size 2048K, 57 young (116736K), 57 survivors (116736K)
 Metaspace       used 238132K, committed 241088K, reserved 1310720K
  class space    used 30951K, committed 32384K, reserved 1048576K
}
Event: 179.505 GC heap before
{Heap before GC invocations=136 (full 0):
 garbage-first heap   total 3981312K, used 3772416K [0x0000000700000000, 0x0000000800000000)
  region size 2048K, 681 young (1394688K), 57 survivors (116736K)
 Metaspace       used 238944K, committed 241920K, reserved 1310720K
  class space    used 31000K, committed 32448K, reserved 1048576K
}
Event: 179.628 GC heap after
{Heap after GC invocations=137 (full 0):
 garbage-first heap   total 3981312K, used 2516601K [0x0000000700000000, 0x0000000800000000)
  region size 2048K, 58 young (118784K), 58 survivors (118784K)
 Metaspace       used 238944K, committed 241920K, reserved 1310720K
  class space    used 31000K, committed 32448K, reserved 1048576K
}
Event: 179.868 GC heap before
{Heap before GC invocations=137 (full 0):
 garbage-first heap   total 3981312K, used 2526841K [0x0000000700000000, 0x0000000800000000)
  region size 2048K, 64 young (131072K), 58 survivors (118784K)
 Metaspace       used 238945K, committed 241920K, reserved 1310720K
  class space    used 31000K, committed 32448K, reserved 1048576K
}
Event: 179.949 GC heap after
{Heap after GC invocations=138 (full 0):
 garbage-first heap   total 3981312K, used 2521088K [0x0000000700000000, 0x0000000800000000)
  region size 2048K, 36 young (73728K), 36 survivors (73728K)
 Metaspace       used 238945K, committed 241920K, reserved 1310720K
  class space    used 31000K, committed 32448K, reserved 1048576K
}

Dll operation events (3 events):
Event: 0.009 Loaded shared library C:\Program Files\Android\Android Studio\jbr\bin\java.dll
Event: 0.013 Loaded shared library C:\Program Files\Android\Android Studio\jbr\bin\zip.dll
Event: 0.642 Loaded shared library C:\Program Files\Android\Android Studio\jbr\bin\verify.dll

Deoptimization events (20 events):
Event: 174.659 Thread 0x0000019bdd1b5b70 Uncommon trap: trap_request=0xffffff45 fr.pc=0x0000019bc5ac3454 relative=0x0000000000002534
Event: 174.659 Thread 0x0000019bdd1b5b70 Uncommon trap: reason=unstable_if action=reinterpret pc=0x0000019bc5ac3454 method=org.jetbrains.kotlin.resolve.calls.smartcasts.DataFlowValueFactoryImpl.createDataFlowValue(Lorg/jetbrains/kotlin/psi/KtExpression;Lorg/jetbrains/kotlin/types/KotlinType;Lorg
Event: 174.659 Thread 0x0000019bdd1b5b70 DEOPT PACKING pc=0x0000019bc5ac3454 sp=0x0000001c106ee440
Event: 174.659 Thread 0x0000019bdd1b5b70 DEOPT UNPACKING pc=0x0000019bc3494422 sp=0x0000001c106ee2d8 mode 2
Event: 174.781 Thread 0x0000019bdd1b5b70 Uncommon trap: trap_request=0xffffffbe fr.pc=0x0000019bc44fb900 relative=0x0000000000000380
Event: 174.781 Thread 0x0000019bdd1b5b70 Uncommon trap: reason=profile_predicate action=maybe_recompile pc=0x0000019bc44fb900 method=org.jetbrains.kotlin.resolve.calls.tower.PSICallResolver.checkCallWithAdditionalResolve(Lorg/jetbrains/kotlin/resolve/calls/results/OverloadResolutionResults;Lorg/
Event: 174.781 Thread 0x0000019bdd1b5b70 DEOPT PACKING pc=0x0000019bc44fb900 sp=0x0000001c106fae00
Event: 174.781 Thread 0x0000019bdd1b5b70 DEOPT UNPACKING pc=0x0000019bc3494422 sp=0x0000001c106fadc0 mode 2
Event: 175.136 Thread 0x0000019bdd1b5b70 Uncommon trap: trap_request=0xffffff5c fr.pc=0x0000019bc5abc8f4 relative=0x00000000000071b4
Event: 175.136 Thread 0x0000019bdd1b5b70 Uncommon trap: reason=speculate_null_check action=make_not_entrant pc=0x0000019bc5abc8f4 method=org.jetbrains.kotlin.resolve.scopes.receivers.QualifierReceiver.getClassValueReceiverWithSmartCastInfo()Lorg/jetbrains/kotlin/resolve/scopes/receivers/Receiver
Event: 175.136 Thread 0x0000019bdd1b5b70 DEOPT PACKING pc=0x0000019bc5abc8f4 sp=0x0000001c106f6fb0
Event: 175.136 Thread 0x0000019bdd1b5b70 DEOPT UNPACKING pc=0x0000019bc3494422 sp=0x0000001c106f6e80 mode 2
Event: 179.361 Thread 0x0000019bdd1b5b70 Uncommon trap: trap_request=0xffffff45 fr.pc=0x0000019bc586e078 relative=0x0000000000000df8
Event: 179.361 Thread 0x0000019bdd1b5b70 Uncommon trap: reason=unstable_if action=reinterpret pc=0x0000019bc586e078 method=org.jetbrains.kotlin.resolve.calls.inference.components.VariableFixationFinderKt.extractProjectionsForAllCapturedTypes(Lorg/jetbrains/kotlin/types/model/TypeSystemInferenceE
Event: 179.361 Thread 0x0000019bdd1b5b70 DEOPT PACKING pc=0x0000019bc586e078 sp=0x0000001c106f3230
Event: 179.361 Thread 0x0000019bdd1b5b70 DEOPT UNPACKING pc=0x0000019bc3494422 sp=0x0000001c106f3200 mode 2
Event: 179.361 Thread 0x0000019bdd1b5b70 Uncommon trap: trap_request=0xffffff45 fr.pc=0x0000019bc45541a0 relative=0x0000000000001fa0
Event: 179.361 Thread 0x0000019bdd1b5b70 Uncommon trap: reason=unstable_if action=reinterpret pc=0x0000019bc45541a0 method=org.jetbrains.kotlin.resolve.calls.components.CollectionTypeVariableUsagesInfo.isContainedInInvariantOrContravariantPositionsAmongUpperBound(Lorg/jetbrains/kotlin/resolve/ca
Event: 179.361 Thread 0x0000019bdd1b5b70 DEOPT PACKING pc=0x0000019bc45541a0 sp=0x0000001c106f3690
Event: 179.361 Thread 0x0000019bdd1b5b70 DEOPT UNPACKING pc=0x0000019bc3494422 sp=0x0000001c106f3570 mode 2

Classes loaded (20 events):
Event: 88.637 Loading class com/sun/org/apache/xerces/internal/util/EntityResolver2Wrapper
Event: 88.643 Loading class com/sun/org/apache/xerces/internal/util/EntityResolver2Wrapper done
Event: 88.692 Loading class com/sun/org/apache/xerces/internal/dom/CommentImpl
Event: 88.692 Loading class org/w3c/dom/Comment
Event: 88.692 Loading class org/w3c/dom/Comment done
Event: 88.692 Loading class com/sun/org/apache/xerces/internal/dom/CommentImpl done
Event: 90.299 Loading class java/util/concurrent/ConcurrentLinkedDeque
Event: 90.300 Loading class java/util/concurrent/ConcurrentLinkedDeque done
Event: 90.300 Loading class java/util/concurrent/ConcurrentLinkedDeque$Node
Event: 90.300 Loading class java/util/concurrent/ConcurrentLinkedDeque$Node done
Event: 95.276 Loading class java/lang/Character$UnicodeBlock
Event: 95.280 Loading class java/lang/Character$Subset
Event: 95.280 Loading class java/lang/Character$Subset done
Event: 95.283 Loading class java/lang/Character$UnicodeBlock done
Event: 102.243 Loading class java/util/Spliterators$AbstractSpliterator
Event: 102.243 Loading class java/util/Spliterators$AbstractSpliterator done
Event: 102.893 Loading class jdk/internal/math/FloatToDecimal
Event: 102.894 Loading class jdk/internal/math/FloatToDecimal done
Event: 103.471 Loading class java/util/Comparators$NullComparator
Event: 103.471 Loading class java/util/Comparators$NullComparator done

Classes unloaded (20 events):
Event: 96.972 Thread 0x0000019bd7023210 Unloading class 0x0000000801b0b8b8 'androidx/compose/runtime/lint/ProduceStateDetector'
Event: 96.972 Thread 0x0000019bd7023210 Unloading class 0x0000000801b0b680 'androidx/compose/runtime/lint/MutableCollectionMutableStateDetector$Companion'
Event: 96.972 Thread 0x0000019bd7023210 Unloading class 0x0000000801b0b138 'androidx/compose/runtime/lint/MutableCollectionMutableStateDetector'
Event: 96.972 Thread 0x0000019bd7023210 Unloading class 0x0000000801b0af00 'androidx/compose/runtime/lint/CompositionLocalNamingDetector$Companion'
Event: 96.972 Thread 0x0000019bd7023210 Unloading class 0x0000000801b0a9b8 'androidx/compose/runtime/lint/CompositionLocalNamingDetector'
Event: 96.972 Thread 0x0000019bd7023210 Unloading class 0x0000000801b0a780 'androidx/compose/runtime/lint/ComposableStateFlowValueDetector$Companion'
Event: 96.972 Thread 0x0000019bd7023210 Unloading class 0x0000000801b0a238 'androidx/compose/runtime/lint/ComposableStateFlowValueDetector'
Event: 96.972 Thread 0x0000019bd7023210 Unloading class 0x0000000801b0a000 'androidx/compose/runtime/lint/ComposableNamingDetector$Companion'
Event: 96.972 Thread 0x0000019bd7023210 Unloading class 0x0000000801b098b8 'androidx/compose/runtime/lint/ComposableNamingDetector'
Event: 96.972 Thread 0x0000019bd7023210 Unloading class 0x0000000801b09680 'androidx/compose/runtime/lint/ComposableLambdaParameterDetector$Companion'
Event: 96.972 Thread 0x0000019bd7023210 Unloading class 0x0000000801b09138 'androidx/compose/runtime/lint/ComposableLambdaParameterDetector'
Event: 96.972 Thread 0x0000019bd7023210 Unloading class 0x0000000801b08f00 'androidx/compose/runtime/lint/ComposableFlowOperatorDetector$Companion'
Event: 96.972 Thread 0x0000019bd7023210 Unloading class 0x0000000801b089b8 'androidx/compose/runtime/lint/ComposableFlowOperatorDetector'
Event: 96.972 Thread 0x0000019bd7023210 Unloading class 0x0000000801b08780 'androidx/compose/runtime/lint/ComposableCoroutineCreationDetector$Companion'
Event: 96.972 Thread 0x0000019bd7023210 Unloading class 0x0000000801b08238 'androidx/compose/runtime/lint/ComposableCoroutineCreationDetector'
Event: 96.972 Thread 0x0000019bd7023210 Unloading class 0x0000000801b08000 'androidx/compose/runtime/lint/AutoboxingStateCreationDetector$Companion'
Event: 96.972 Thread 0x0000019bd7023210 Unloading class 0x0000000801afda18 'androidx/compose/runtime/lint/AutoboxingStateCreationDetector'
Event: 96.972 Thread 0x0000019bd7023210 Unloading class 0x0000000801afd7e0 'androidx/compose/runtime/lint/AutoboxingStateValuePropertyDetector$Companion'
Event: 96.972 Thread 0x0000019bd7023210 Unloading class 0x0000000801afd298 'androidx/compose/runtime/lint/AutoboxingStateValuePropertyDetector'
Event: 96.972 Thread 0x0000019bd7023210 Unloading class 0x0000000801afd000 'androidx/compose/runtime/lint/RuntimeIssueRegistry'

Classes redefined (0 events):
No events

Internal exceptions (20 events):
Event: 153.521 Thread 0x0000019bd9ad6ae0 Exception <a 'sun/nio/fs/WindowsException'{0x00000007e4d0e358}> (0x00000007e4d0e358) 
thrown [s\src\hotspot\share\prims\jni.cpp, line 537]
Event: 159.342 Thread 0x0000019bdd1b5b70 Implicit null exception at 0x0000019bc454b18c to 0x0000019bc454bbbc
Event: 159.391 Thread 0x0000019bdd1b5b70 Implicit null exception at 0x0000019bc584ae91 to 0x0000019bc584b118
Event: 159.560 Thread 0x0000019bdd1b5b70 Implicit null exception at 0x0000019bc465a63d to 0x0000019bc465aac8
Event: 159.659 Thread 0x0000019bdd1b5b70 Implicit null exception at 0x0000019bc3c8ad7d to 0x0000019bc3c8afa4
Event: 162.880 Thread 0x0000019bdd1b5b70 Implicit null exception at 0x0000019bc50a50db to 0x0000019bc50a6584
Event: 163.409 Thread 0x0000019bd9ad6ae0 Exception <a 'sun/nio/fs/WindowsException'{0x00000007c3803050}> (0x00000007c3803050) 
thrown [s\src\hotspot\share\prims\jni.cpp, line 537]
Event: 163.415 Thread 0x0000019bd9ad6ae0 Exception <a 'sun/nio/fs/WindowsException'{0x00000007c3809f40}> (0x00000007c3809f40) 
thrown [s\src\hotspot\share\prims\jni.cpp, line 537]
Event: 163.416 Thread 0x0000019bd9ad6ae0 Exception <a 'sun/nio/fs/WindowsException'{0x00000007c380b980}> (0x00000007c380b980) 
thrown [s\src\hotspot\share\prims\jni.cpp, line 537]
Event: 163.418 Thread 0x0000019bd9ad6ae0 Exception <a 'sun/nio/fs/WindowsException'{0x00000007c3810188}> (0x00000007c3810188) 
thrown [s\src\hotspot\share\prims\jni.cpp, line 537]
Event: 163.898 Thread 0x0000019bdd1b5b70 Implicit null exception at 0x0000019bc59f42f6 to 0x0000019bc59faad0
Event: 165.918 Thread 0x0000019bdd1b5b70 Implicit null exception at 0x0000019bc405bdd0 to 0x0000019bc405c08c
Event: 166.337 Thread 0x0000019bdd1b5b70 Implicit null exception at 0x0000019bc474d167 to 0x0000019bc474d3e0
Event: 167.781 Thread 0x0000019bdac11830 Implicit null exception at 0x0000019bc4c025c8 to 0x0000019bc4c02620
Event: 173.386 Thread 0x0000019bd9ad6ae0 Exception <a 'sun/nio/fs/WindowsException'{0x00000007a0602618}> (0x00000007a0602618) 
thrown [s\src\hotspot\share\prims\jni.cpp, line 537]
Event: 173.387 Thread 0x0000019bd9ad6ae0 Exception <a 'sun/nio/fs/WindowsException'{0x00000007a06094f8}> (0x00000007a06094f8) 
thrown [s\src\hotspot\share\prims\jni.cpp, line 537]
Event: 173.390 Thread 0x0000019bd9ad6ae0 Exception <a 'sun/nio/fs/WindowsException'{0x00000007a060af58}> (0x00000007a060af58) 
thrown [s\src\hotspot\share\prims\jni.cpp, line 537]
Event: 173.394 Thread 0x0000019bd9ad6ae0 Exception <a 'sun/nio/fs/WindowsException'{0x00000007a060f408}> (0x00000007a060f408) 
thrown [s\src\hotspot\share\prims\jni.cpp, line 537]
Event: 174.572 Thread 0x0000019bdd1b5b70 Implicit null exception at 0x0000019bc4dc1dc0 to 0x0000019bc4dc3c3c
Event: 175.136 Thread 0x0000019bdd1b5b70 Implicit null exception at 0x0000019bc5ab62ee to 0x0000019bc5abc8c4

ZGC Phase Switch (0 events):
No events

VM Operations (20 events):
Event: 175.115 Executing VM operation: Cleanup done
Event: 176.132 Executing VM operation: Cleanup
Event: 176.134 Executing VM operation: Cleanup done
Event: 177.135 Executing VM operation: Cleanup
Event: 177.136 Executing VM operation: Cleanup done
Event: 178.144 Executing VM operation: Cleanup
Event: 178.150 Executing VM operation: Cleanup done
Event: 179.157 Executing VM operation: Cleanup
Event: 179.157 Executing VM operation: Cleanup done
Event: 179.505 Executing VM operation: G1CollectForAllocation (G1 Evacuation Pause)
Event: 179.628 Executing VM operation: G1CollectForAllocation (G1 Evacuation Pause) done
Event: 179.868 Executing VM operation: G1TryInitiateConcMark (G1 Humongous Allocation)
Event: 179.949 Executing VM operation: G1TryInitiateConcMark (G1 Humongous Allocation) done
Event: 180.229 Executing VM operation: HandshakeAllThreads (HandshakeForDeflation)
Event: 180.706 Executing VM operation: HandshakeAllThreads (HandshakeForDeflation) done
Event: 180.706 Executing VM operation: RendezvousGCThreads
Event: 180.706 Executing VM operation: RendezvousGCThreads done
Event: 181.722 Executing VM operation: Cleanup
Event: 181.771 Executing VM operation: Cleanup done
Event: 183.374 Executing VM operation: G1PauseRemark

Memory protections (0 events):
No events

Nmethod flushes (20 events):
Event: 183.440 Thread 0x0000019bd7023210 flushing  nmethod 0x0000019bbe3c6090
Event: 183.440 Thread 0x0000019bd7023210 flushing  nmethod 0x0000019bbe3c9a90
Event: 183.440 Thread 0x0000019bd7023210 flushing  nmethod 0x0000019bbe4a5610
Event: 183.440 Thread 0x0000019bd7023210 flushing  nmethod 0x0000019bbe514990
Event: 183.440 Thread 0x0000019bd7023210 flushing  nmethod 0x0000019bbe56f310
Event: 183.440 Thread 0x0000019bd7023210 flushing  nmethod 0x0000019bbe570710
Event: 183.440 Thread 0x0000019bd7023210 flushing  nmethod 0x0000019bbe6d1210
Event: 183.440 Thread 0x0000019bd7023210 flushing  nmethod 0x0000019bbe758010
Event: 183.440 Thread 0x0000019bd7023210 flushing  nmethod 0x0000019bbe79f310
Event: 183.440 Thread 0x0000019bd7023210 flushing  nmethod 0x0000019bbe7a0f10
Event: 183.440 Thread 0x0000019bd7023210 flushing  nmethod 0x0000019bbe7a4590
Event: 183.440 Thread 0x0000019bd7023210 flushing  nmethod 0x0000019bbe904d90
Event: 183.440 Thread 0x0000019bd7023210 flushing  nmethod 0x0000019bbe96a190
Event: 183.440 Thread 0x0000019bd7023210 flushing  nmethod 0x0000019bbe96bb90
Event: 183.440 Thread 0x0000019bd7023210 flushing  nmethod 0x0000019bbe972a10
Event: 183.440 Thread 0x0000019bd7023210 flushing  nmethod 0x0000019bbea33810
Event: 183.440 Thread 0x0000019bd7023210 flushing  nmethod 0x0000019bbeaa5c10
Event: 183.440 Thread 0x0000019bd7023210 flushing  nmethod 0x0000019bbec2c990
Event: 183.440 Thread 0x0000019bd7023210 flushing  nmethod 0x0000019bbec97c10
Event: 183.440 Thread 0x0000019bd7023210 flushing  nmethod 0x0000019bbec9d090

Events (20 events):
Event: 160.298 Thread 0x0000019bd7109ac0 Thread added: 0x0000019bd87b8bc0
Event: 160.547 Thread 0x0000019bd87b8bc0 Thread exited: 0x0000019bd87b8bc0
Event: 160.608 Thread 0x0000019be6ac8a30 Thread exited: 0x0000019be6ac8a30
Event: 162.004 Thread 0x0000019bd7109ac0 Thread added: 0x0000019bd87b7750
Event: 162.204 Thread 0x0000019bd70f73f0 Thread added: 0x0000019bd87b8bc0
Event: 163.750 Thread 0x0000019bd88977f0 Thread exited: 0x0000019bd88977f0
Event: 164.628 Thread 0x0000019bd87b8bc0 Thread exited: 0x0000019bd87b8bc0
Event: 165.450 Thread 0x0000019bd7109ac0 Thread added: 0x0000019bdcf40e70
Event: 166.240 Thread 0x0000019bdcf40e70 Thread exited: 0x0000019bdcf40e70
Event: 166.876 Thread 0x0000019bd87b7750 Thread exited: 0x0000019bd87b7750
Event: 167.018 Thread 0x0000019bd7109ac0 Thread added: 0x0000019bd87b7750
Event: 168.505 Thread 0x0000019bd7109ac0 Thread added: 0x0000019bdcf40e70
Event: 169.837 Thread 0x0000019bdcf40e70 Thread exited: 0x0000019bdcf40e70
Event: 170.967 Thread 0x0000019bd87b7750 Thread exited: 0x0000019bd87b7750
Event: 172.318 Thread 0x0000019bd70f73f0 Thread added: 0x0000019bdcf40e70
Event: 172.351 Thread 0x0000019bd889d3d0 Thread exited: 0x0000019bd889d3d0
Event: 172.854 Thread 0x0000019bdcf40e70 Thread exited: 0x0000019bdcf40e70
Event: 174.657 Thread 0x0000019bd7109ac0 Thread added: 0x0000019bd87b7750
Event: 175.766 Thread 0x0000019bd87b7750 Thread exited: 0x0000019bd87b7750
Event: 181.666 Thread 0x0000019bd8898ba0 Thread exited: 0x0000019bd8898ba0


Dynamic libraries:
0x00007ff751cf0000 - 0x00007ff751cfa000 	C:\Program Files\Android\Android Studio\jbr\bin\java.exe
0x00007ff9d3a20000 - 0x00007ff9d3c86000 	C:\WINDOWS\SYSTEM32\ntdll.dll
0x00007ff9d2e80000 - 0x00007ff9d2f49000 	C:\WINDOWS\System32\KERNEL32.DLL
0x00007ff9d1160000 - 0x00007ff9d155a000 	C:\WINDOWS\System32\KERNELBASE.dll
0x00007ff9d0d40000 - 0x00007ff9d0e8c000 	C:\WINDOWS\System32\ucrtbase.dll
0x00007ff99cf50000 - 0x00007ff99cf68000 	C:\Program Files\Android\Android Studio\jbr\bin\jli.dll
0x00007ff943aa0000 - 0x00007ff943abb000 	C:\Program Files\Android\Android Studio\jbr\bin\VCRUNTIME140.dll
0x00007ff9d3270000 - 0x00007ff9d3437000 	C:\WINDOWS\System32\USER32.dll
0x00007ff9a8870000 - 0x00007ff9a8b02000 	C:\WINDOWS\WinSxS\amd64_microsoft.windows.common-controls_6595b64144ccf1df_6.0.26100.8521_none_3e08b75ce33403b3\COMCTL32.dll
0x00007ff9d0e90000 - 0x00007ff9d0eb7000 	C:\WINDOWS\System32\win32u.dll
0x00007ff9d20d0000 - 0x00007ff9d2179000 	C:\WINDOWS\System32\msvcrt.dll
0x00007ff9d1ce0000 - 0x00007ff9d1d0b000 	C:\WINDOWS\System32\GDI32.dll
0x00007ff9d0ec0000 - 0x00007ff9d0feb000 	C:\WINDOWS\System32\gdi32full.dll
0x00007ff9d16e0000 - 0x00007ff9d1783000 	C:\WINDOWS\System32\msvcp_win.dll
0x00007ff9d1790000 - 0x00007ff9d17c2000 	C:\WINDOWS\System32\IMM32.DLL
0x00007ff95a1f0000 - 0x00007ff95a1fc000 	C:\Program Files\Android\Android Studio\jbr\bin\vcruntime140_1.dll
0x00007ff94afb0000 - 0x00007ff94b03d000 	C:\Program Files\Android\Android Studio\jbr\bin\msvcp140.dll
0x00007ff926a10000 - 0x00007ff9276a6000 	C:\Program Files\Android\Android Studio\jbr\bin\server\jvm.dll
0x00007ff9d1890000 - 0x00007ff9d1946000 	C:\WINDOWS\System32\ADVAPI32.dll
0x00007ff9d1d20000 - 0x00007ff9d1dca000 	C:\WINDOWS\System32\sechost.dll
0x00007ff9d3150000 - 0x00007ff9d3268000 	C:\WINDOWS\System32\RPCRT4.dll
0x00007ff9d2f50000 - 0x00007ff9d2fd0000 	C:\WINDOWS\System32\WS2_32.dll
0x00007ff9d08a0000 - 0x00007ff9d08fe000 	C:\WINDOWS\SYSTEM32\POWRPROF.dll
0x00007ff9bf720000 - 0x00007ff9bf72b000 	C:\WINDOWS\SYSTEM32\VERSION.dll
0x00007ff9b92c0000 - 0x00007ff9b92f6000 	C:\WINDOWS\SYSTEM32\WINMM.dll
0x00007ff9d0880000 - 0x00007ff9d0894000 	C:\WINDOWS\SYSTEM32\UMPDC.dll
0x00007ff9cfa40000 - 0x00007ff9cfa5b000 	C:\WINDOWS\SYSTEM32\kernel.appcore.dll
0x00007ff955720000 - 0x00007ff95572a000 	C:\Program Files\Android\Android Studio\jbr\bin\jimage.dll
0x00007ff9ce5a0000 - 0x00007ff9ce7e2000 	C:\WINDOWS\SYSTEM32\DBGHELP.DLL
0x00007ff9d1950000 - 0x00007ff9d1cd3000 	C:\WINDOWS\System32\combase.dll
0x00007ff9d2ff0000 - 0x00007ff9d30c9000 	C:\WINDOWS\System32\OLEAUT32.dll
0x00007ff9a6fd0000 - 0x00007ff9a700b000 	C:\WINDOWS\SYSTEM32\dbgcore.DLL
0x00007ff9d0ff0000 - 0x00007ff9d1098000 	C:\WINDOWS\System32\bcryptPrimitives.dll
0x00007ff9a3510000 - 0x00007ff9a351e000 	C:\Program Files\Android\Android Studio\jbr\bin\instrument.dll
0x00007ff928e30000 - 0x00007ff928e50000 	C:\Program Files\Android\Android Studio\jbr\bin\java.dll
0x00007ff9269f0000 - 0x00007ff926a08000 	C:\Program Files\Android\Android Studio\jbr\bin\zip.dll
0x00007ff9d2660000 - 0x00007ff9d2de4000 	C:\WINDOWS\System32\SHELL32.dll
0x00007ff9ce840000 - 0x00007ff9cf0c0000 	C:\WINDOWS\SYSTEM32\windows.storage.dll
0x00007ff9d1dd0000 - 0x00007ff9d1ec6000 	C:\WINDOWS\System32\SHCORE.dll
0x00007ff9d3440000 - 0x00007ff9d34a7000 	C:\WINDOWS\System32\shlwapi.dll
0x00007ff9d0bd0000 - 0x00007ff9d0bf9000 	C:\WINDOWS\SYSTEM32\profapi.dll
0x00007ff954660000 - 0x00007ff954670000 	C:\Program Files\Android\Android Studio\jbr\bin\net.dll
0x00007ff9c9fd0000 - 0x00007ff9ca0f9000 	C:\WINDOWS\SYSTEM32\WINHTTP.dll
0x00007ff9cffb0000 - 0x00007ff9d001c000 	C:\WINDOWS\system32\mswsock.dll
0x00007ff94a630000 - 0x00007ff94a646000 	C:\Program Files\Android\Android Studio\jbr\bin\nio.dll
0x00007ff957f80000 - 0x00007ff957f90000 	C:\Program Files\Android\Android Studio\jbr\bin\verify.dll
0x00007ff99cc00000 - 0x00007ff99cc27000 	C:\Users\Lakhansing\.gradle\native\c067742578af261105cb4f569cf0c3c89f3d7b1fecec35dd04571415982c5e48\windows-amd64\native-platform.dll
0x00007ff933250000 - 0x00007ff933394000 	C:\Users\Lakhansing\.gradle\native\100fb08df4bc3b14c8652ba06237920a3bd2aa13389f12d3474272988ae205f9\windows-amd64\native-platform-file-events.dll
0x00007ff9438e0000 - 0x00007ff9438e9000 	C:\Program Files\Android\Android Studio\jbr\bin\management.dll
0x00007ff943540000 - 0x00007ff94354b000 	C:\Program Files\Android\Android Studio\jbr\bin\management_ext.dll
0x00007ff9d34b0000 - 0x00007ff9d34b8000 	C:\WINDOWS\System32\PSAPI.DLL
0x00007ff9d0290000 - 0x00007ff9d02ab000 	C:\WINDOWS\SYSTEM32\CRYPTSP.dll
0x00007ff9cf9a0000 - 0x00007ff9cf9d9000 	C:\WINDOWS\system32\rsaenh.dll
0x00007ff9d0060000 - 0x00007ff9d0093000 	C:\WINDOWS\SYSTEM32\USERENV.dll
0x00007ff9d0ba0000 - 0x00007ff9d0bca000 	C:\WINDOWS\SYSTEM32\bcrypt.dll
0x00007ff9d02b0000 - 0x00007ff9d02bc000 	C:\WINDOWS\SYSTEM32\CRYPTBASE.dll
0x00007ff9cf450000 - 0x00007ff9cf483000 	C:\WINDOWS\SYSTEM32\IPHLPAPI.DLL
0x00007ff9d1d10000 - 0x00007ff9d1d1a000 	C:\WINDOWS\System32\NSI.dll
0x00007ff94a620000 - 0x00007ff94a629000 	C:\Program Files\Android\Android Studio\jbr\bin\extnet.dll
0x00007ff978c70000 - 0x00007ff978c78000 	C:\WINDOWS\system32\wshunix.dll
0x00007ff99ec80000 - 0x00007ff99ec98000 	C:\WINDOWS\system32\napinsp.dll
0x00007ff9cf4f0000 - 0x00007ff9cf63a000 	C:\WINDOWS\SYSTEM32\DNSAPI.dll
0x00007ff9cfdb0000 - 0x00007ff9cfdbd000 	C:\WINDOWS\SYSTEM32\DSPARSE.dll
0x00007ff99e4c0000 - 0x00007ff99e4d3000 	C:\WINDOWS\System32\winrnr.dll
0x00007ff99e490000 - 0x00007ff99e4b2000 	C:\WINDOWS\system32\nlansp_c.dll
0x00007ff99e2f0000 - 0x00007ff99e306000 	C:\WINDOWS\system32\wshbth.dll
0x00007ff9c0160000 - 0x00007ff9c016b000 	C:\Windows\System32\rasadhlp.dll
0x00007ff9cd560000 - 0x00007ff9cd5e6000 	C:\WINDOWS\System32\fwpuclnt.dll
0x00007ff99bf60000 - 0x00007ff99bf67000 	C:\Program Files\Android\Android Studio\jbr\bin\rmi.dll

JVMTI agents:
C:\Users\Lakhansing\.gradle\wrapper\dists\gradle-8.9-bin\90cnw93cvbtalezasaz0blq0a\gradle-8.9\lib\agents\gradle-instrumentation-agent-8.9.jar path:C:\Program Files\Android\Android Studio\jbr\bin\instrument.dll, loaded, initialized, instrumentlib options:none

dbghelp: loaded successfully - version: 4.0.5 - missing functions: none
symbol engine: initialized successfully - sym options: 0x614 - pdb path: .;C:\Program Files\Android\Android Studio\jbr\bin;C:\WINDOWS\SYSTEM32;C:\WINDOWS\WinSxS\amd64_microsoft.windows.common-controls_6595b64144ccf1df_6.0.26100.8521_none_3e08b75ce33403b3;C:\Program Files\Android\Android Studio\jbr\bin\server;C:\Users\Lakhansing\.gradle\native\c067742578af261105cb4f569cf0c3c89f3d7b1fecec35dd04571415982c5e48\windows-amd64;C:\Users\Lakhansing\.gradle\native\100fb08df4bc3b14c8652ba06237920a3bd2aa13389f12d3474272988ae205f9\windows-amd64

VM Arguments:
jvm_args: --add-opens=java.base/java.io=ALL-UNNAMED --add-opens=java.base/java.text=ALL-UNNAMED --add-opens=java.base/java.util=ALL-UNNAMED --add-opens=java.base/java.lang=ALL-UNNAMED --add-opens=java.base/java.util=ALL-UNNAMED --add-opens=java.base/java.lang=ALL-UNNAMED --add-opens=java.base/java.lang.invoke=ALL-UNNAMED --add-opens=java.prefs/java.util.prefs=ALL-UNNAMED --add-exports=jdk.compiler/com.sun.tools.javac.api=ALL-UNNAMED --add-exports=jdk.compiler/com.sun.tools.javac.util=ALL-UNNAMED --add-opens=java.base/java.nio.charset=ALL-UNNAMED --add-opens=java.base/java.net=ALL-UNNAMED --add-opens=java.base/java.util.concurrent.atomic=ALL-UNNAMED -Xmx4096m -Dfile.encoding=UTF-8 -Duser.country=IE -Duser.language=en -Duser.variant -javaagent:C:\Users\Lakhansing\.gradle\wrapper\dists\gradle-8.9-bin\90cnw93cvbtalezasaz0blq0a\gradle-8.9\lib\agents\gradle-instrumentation-agent-8.9.jar 
java_command: org.gradle.launcher.daemon.bootstrap.GradleDaemon 8.9
java_class_path (initial): C:\Users\Lakhansing\.gradle\wrapper\dists\gradle-8.9-bin\90cnw93cvbtalezasaz0blq0a\gradle-8.9\lib\gradle-daemon-main-8.9.jar
Launcher Type: SUN_STANDARD

[Global flags]
     intx CICompilerCount                          = 4                                         {product} {ergonomic}
     uint ConcGCThreads                            = 2                                         {product} {ergonomic}
     uint G1ConcRefinementThreads                  = 8                                         {product} {ergonomic}
   size_t G1HeapRegionSize                         = 2097152                                   {product} {ergonomic}
    uintx GCDrainStackTargetSize                   = 64                                        {product} {ergonomic}
   size_t InitialHeapSize                          = 398458880                                 {product} {ergonomic}
   size_t MarkStackSize                            = 4194304                                   {product} {ergonomic}
   size_t MaxHeapSize                              = 4294967296                                {product} {command line}
   size_t MaxNewSize                               = 2575302656                                {product} {ergonomic}
   size_t MinHeapDeltaBytes                        = 2097152                                   {product} {ergonomic}
   size_t MinHeapSize                              = 8388608                                   {product} {ergonomic}
    uintx NonNMethodCodeHeapSize                   = 5839372                                {pd product} {ergonomic}
    uintx NonProfiledCodeHeapSize                  = 122909434                              {pd product} {ergonomic}
    uintx ProfiledCodeHeapSize                     = 122909434                              {pd product} {ergonomic}
    uintx ReservedCodeCacheSize                    = 251658240                              {pd product} {ergonomic}
     bool SegmentedCodeCache                       = true                                      {product} {ergonomic}
   size_t SoftMaxHeapSize                          = 4294967296                             {manageable} {ergonomic}
     bool UseCompressedOops                        = true                           {product lp64_product} {ergonomic}
     bool UseG1GC                                  = true                                      {product} {ergonomic}
     bool UseLargePagesIndividualAllocation        = false                                  {pd product} {ergonomic}

Logging:
Log output configuration:
 #0: stdout all=warning uptime,level,tags foldmultilines=false
 #1: stderr all=off uptime,level,tags foldmultilines=false

Release file:
JAVA_VERSION="21.0.9" 
MODULES="java.base java.compiler java.datatransfer java.xml java.prefs java.desktop java.instrument java.logging java.management java.security.sasl java.naming java.rmi java.management.rmi java.net.http java.scripting java.security.jgss java.transaction.xa java.sql java.sql.rowset java.xml.crypto java.se java.smartcardio jdk.accessibility jdk.internal.jvmstat jdk.attach jdk.charsets jdk.internal.opt jdk.zipfs jdk.compiler jdk.crypto.ec jdk.crypto.cryptoki jdk.dynalink jdk.hotspot.agent jdk.httpserver jdk.internal.ed jdk.internal.le jdk.internal.vm.ci jdk.jartool jdk.javadoc jdk.jcmd jdk.jdeps jdk.jdwp.agent jdk.jdi jdk.jfr jdk.jlink jdk.jsobject jdk.localedata jdk.management jdk.management.agent jdk.management.jfr jdk.naming.dns jdk.naming.rmi jdk.net jdk.sctp jdk.security.auth jdk.security.jgss jdk.unsupported jdk.unsupported.desktop jdk.xml.dom" 
IMPLEMENTOR="JetBrains s.r.o." 
JAVA_RUNTIME_VERSION="21.0.9+-14649483-b1163.86" 
LIBC="default" 
OS_ARCH="x86_64" 
OS_NAME="Windows" 
SOURCE=".:git:554d0c326095" 

Environment Variables:
CLASSPATH=D:\Antigravity Projects\tests\LockletPro\\gradle\wrapper\gradle-wrapper.jar
PATH=C:/Users/Lakhansing/.gemini/antigravity-ide/bin;C:\Program Files\Common Files\Oracle\Java\javapath;C:\WINDOWS\system32;C:\WINDOWS;C:\WINDOWS\System32\Wbem;C:\WINDOWS\System32\WindowsPowerShell\v1.0\;C:\WINDOWS\System32\OpenSSH\;C:\Program Files (x86)\NVIDIA Corporation\PhysX\Common;C:\Program Files\NVIDIA Corporation\NVIDIA NvDLISR;C:\MinGW\bin;C:\Program Files\dotnet\;C:\ProgramData\chocolatey\bin;C:\Program Files\Git\cmd;C:\Program Files\Docker\Docker\resources\bin;C:\Program Files\nodejs\;C:\Users\Lakhansing\AppData\Local\Programs\Python\Python312\Scripts\;C:\Users\Lakhansing\AppData\Local\Programs\Python\Python312\;C:\Users\Lakhansing\AppData\Local\Programs\Python\Launcher\;C:\Users\Lakhansing\AppData\Local\Microsoft\WindowsApps;C:\msys64\mingw64\bin;C:\Users\Lakhansing\AppData\Local\Programs\Microsoft VS Code\bin;C:\ProgramData\Lakhansing\GitHubDesktop\bin;C:\Users\Lakhansing\AppData\Local\GitHubDesktop\bin;jdk-23_windows-x64_bin;C:\Program Files\nodejs\;D:\cursor\resources\app\bin;C:\Users\Lakhansing\AppData\Roaming\npm;D:\google AntiGravity\Antigravity\bin;C:\Users\Lakhansing\AppData\Local\Programs\Antigravity IDE\bin
USERNAME=Lakhansing
OS=Windows_NT
PROCESSOR_IDENTIFIER=AMD64 Family 25 Model 68 Stepping 1, AuthenticAMD
TMP=C:\Users\LAKHAN~1\AppData\Local\Temp
TEMP=C:\Users\LAKHAN~1\AppData\Local\Temp




Periodic native trim disabled

JNI global refs:
JNI global refs: 28, weak refs: 0

JNI global refs memory usage: 835, weak refs: 833

Process memory usage:
Resident Set Size: 4560704K (18% of 24842968K total physical memory with 684044K free physical memory)

OOME stack traces (most recent first):
Classloader memory used:
Loader java.net.URLClassLoader                                                         : 72844K
Loader org.gradle.internal.classloader.VisitableURLClassLoader$InstrumentingVisitableURLClassLoader: 69695K
Loader org.gradle.internal.classloader.VisitableURLClassLoader                         : 45783K
Loader bootstrap                                                                       : 34667K
Loader org.gradle.initialization.MixInLegacyTypesClassLoader                           : 12786K
Loader com.intellij.util.lang.UrlClassLoader                                           : 834K
Loader jdk.internal.jrtfs.JrtFileSystemProvider$JrtFsLoader                            : 654K
Loader jdk.internal.reflect.DelegatingClassLoader                                      : 552K
Loader jdk.internal.loader.ClassLoaders$PlatformClassLoader                            : 528K
Loader org.gradle.groovy.scripts.internal.DefaultScriptCompilationHandler$ScriptClassLoader: 239K
Loader jdk.internal.loader.ClassLoaders$AppClassLoader                                 : 236K
Loader org.gradle.internal.classloader.VisitableURLClassLoader                         : 106K
Loader org.codehaus.groovy.runtime.callsite.CallSiteClassLoader                        : 12872B
Loader sun.reflect.misc.MethodUtil                                                     : 2984B

Classes loaded by more than one classloader:
Class Program                                                                         : loaded 5 times (x 72B)
Class com.google.common.collect.RegularImmutableSet                                   : loaded 3 times (x 148B)
Class org.objectweb.asm.Context                                                       : loaded 3 times (x 72B)
Class com.google.common.collect.Iterators$MergingIterator                             : loaded 3 times (x 81B)
Class com.google.common.collect.ImmutableList$SubList                                 : loaded 3 times (x 208B)
Class com.google.common.collect.ImmutableSet$SetBuilderImpl                           : loaded 3 times (x 76B)
Class com.google.common.collect.ImmutableMultimap$EntryCollection                     : loaded 3 times (x 127B)
Class com.google.common.collect.Maps$EntrySet                                         : loaded 3 times (x 136B)
Class jdk.internal.jrtfs.JrtDirectoryStream                                           : loaded 3 times (x 89B)
Class com.google.common.collect.ImmutableList                                         : loaded 3 times (x 206B)
Class org.objectweb.asm.ClassReader                                                   : loaded 3 times (x 93B)
Class com.google.common.collect.ImmutableMultimap$Builder                             : loaded 3 times (x 83B)
Class com.google.common.collect.Maps$KeySet                                           : loaded 3 times (x 137B)
Class com.google.common.collect.ImmutableSet$EmptySetBuilderImpl                      : loaded 3 times (x 76B)
Class jdk.internal.jimage.BasicImageReader                                            : loaded 3 times (x 95B)
Class com.google.common.collect.HashMultimap                                          : loaded 3 times (x 174B)
Class com.google.common.base.CharMatcher$InRange                                      : loaded 3 times (x 111B)
Class com.google.common.collect.ImmutableSet$Builder                                  : loaded 3 times (x 85B)
Class com.google.common.collect.SetMultimap                                           : loaded 3 times (x 70B)
Class com.google.common.collect.Maps$BiMapConverter                                   : loaded 3 times (x 90B)
Class com.google.common.collect.ImmutableMapEntrySet$RegularEntrySet                  : loaded 3 times (x 151B)
Class com.google.common.collect.CollectCollectors                                     : loaded 3 times (x 71B)
Class com.google.common.collect.RangeSet                                              : loaded 3 times (x 70B)
Class com.google.common.base.CharMatcher$NamedFastMatcher                             : loaded 3 times (x 112B)
Class com.google.common.base.CharMatcher$1                                            : loaded 3 times (x 113B)
Class [Lcom.google.common.base.AbstractIterator$State;                                : loaded 3 times (x 69B)
Class com.google.common.base.CharMatcher$IsEither                                     : loaded 3 times (x 111B)
Class org.objectweb.asm.MethodVisitor                                                 : loaded 3 times (x 105B)
Class com.google.common.collect.RangeGwtSerializationDependencies                     : loaded 3 times (x 71B)
Class com.google.common.collect.AbstractMapBasedMultimap$WrappedCollection            : loaded 3 times (x 124B)
Class com.google.common.collect.ImmutableList$1                                       : loaded 3 times (x 97B)
Class com.google.common.base.CharMatcher                                              : loaded 3 times (x 111B)
Class org.objectweb.asm.Label                                                         : loaded 3 times (x 73B)
Class com.google.common.collect.PeekingIterator                                       : loaded 3 times (x 70B)
Class com.google.common.base.Preconditions                                            : loaded 3 times (x 71B)
Class com.google.common.base.PatternCompiler                                          : loaded 3 times (x 70B)
Class com.google.common.collect.ImmutableEnumSet                                      : loaded 3 times (x 146B)
Class com.google.common.collect.Hashing                                               : loaded 3 times (x 71B)
Class com.google.common.hash.PrimitiveSink                                            : loaded 3 times (x 70B)
Class com.google.common.base.CharMatcher$Is                                           : loaded 3 times (x 111B)
Class com.google.common.collect.RegularImmutableMap                                   : loaded 3 times (x 121B)
Class com.google.common.collect.ImmutableMap$MapViewOfValuesAsSingletonSets           : loaded 3 times (x 125B)
Class com.google.common.base.CharMatcher$Negated                                      : loaded 3 times (x 113B)
Class com.google.common.collect.ImmutableMultimap$2                                   : loaded 3 times (x 81B)
Class com.google.common.collect.RegularImmutableBiMap                                 : loaded 3 times (x 148B)
Class com.google.common.collect.ImmutableMultimap$1                                   : loaded 3 times (x 82B)
Class com.google.common.collect.RegularImmutableMap$BucketOverflowException           : loaded 3 times (x 82B)
Class org.objectweb.asm.MethodWriter                                                  : loaded 3 times (x 106B)
Class jdk.internal.jrtfs.JrtFileSystem                                                : loaded 3 times (x 102B)
Class com.google.common.base.CharMatcher$SingleWidth                                  : loaded 3 times (x 112B)
Class com.google.common.collect.ImmutableSet$RegularSetBuilderImpl                    : loaded 3 times (x 77B)
Class com.google.common.collect.UnmodifiableListIterator                              : loaded 3 times (x 95B)
Class org.objectweb.asm.ClassVisitor                                                  : loaded 3 times (x 88B)
Class com.google.common.collect.ImmutableRangeSet$ComplementRanges                    : loaded 3 times (x 207B)
Class com.google.common.base.CharMatcher$Whitespace                                   : loaded 3 times (x 112B)
Class com.google.common.base.Splitter$1$1                                             : loaded 3 times (x 86B)
Class com.google.common.collect.SortedMapDifference                                   : loaded 3 times (x 70B)
Class com.google.common.base.CharMatcher$JavaLowerCase                                : loaded 3 times (x 111B)
Class com.google.common.base.CharMatcher$JavaIsoControl                               : loaded 3 times (x 112B)
Class com.google.common.collect.CollectPreconditions                                  : loaded 3 times (x 71B)
Class jdk.internal.jimage.ImageStrings                                                : loaded 3 times (x 70B)
Class com.google.common.base.CharMatcher$Digit                                        : loaded 3 times (x 112B)
Class com.google.common.base.AbstractIterator$1                                       : loaded 3 times (x 71B)
Class com.google.common.collect.ImmutableEntry                                        : loaded 3 times (x 82B)
Class [Lcom.google.common.collect.AbstractMapEntry;                                   : loaded 3 times (x 69B)
Class com.google.common.base.Platform$JdkPatternCompiler                              : loaded 3 times (x 75B)
Class com.google.common.collect.ArrayListMultimap                                     : loaded 3 times (x 172B)
Class com.google.common.base.CharMatcher$NegatedFastMatcher                           : loaded 3 times (x 113B)
Class com.google.common.collect.AbstractRangeSet                                      : loaded 3 times (x 114B)
Class com.google.common.collect.ImmutableMap                                          : loaded 3 times (x 120B)
Class com.google.common.base.Predicate                                                : loaded 3 times (x 70B)
Class com.google.common.collect.Sets                                                  : loaded 3 times (x 71B)
Class com.google.common.base.CharMatcher$FastMatcher                                  : loaded 3 times (x 111B)
Class com.google.common.base.Strings                                                  : loaded 3 times (x 71B)
Class org.objectweb.asm.Attribute                                                     : loaded 3 times (x 77B)
Class [Lorg.objectweb.asm.Label;                                                      : loaded 3 times (x 69B)
Class com.google.common.base.CharMatcher$Or                                           : loaded 3 times (x 112B)
Class com.google.common.io.Closer$Suppressor                                          : loaded 3 times (x 70B)
Class com.google.common.base.CharMatcher$None                                         : loaded 3 times (x 112B)
Class com.google.common.collect.ImmutableMultisetGwtSerializationDependencies         : loaded 3 times (x 125B)
Class com.google.common.collect.ImmutableSet                                          : loaded 3 times (x 145B)
Class com.google.common.base.CharMatcher$Ascii                                        : loaded 3 times (x 112B)
Class com.google.common.base.CharMatcher$BitSetMatcher                                : loaded 3 times (x 112B)
Class com.google.common.io.Closer                                                     : loaded 3 times (x 78B)
Class com.google.common.collect.RegularImmutableMap$Values                            : loaded 3 times (x 207B)
Class [Lcom.google.common.collect.ImmutableMapEntry;                                  : loaded 3 times (x 69B)
Class com.google.common.base.AbstractIterator                                         : loaded 3 times (x 80B)
Class com.google.common.math.IntMath$1                                                : loaded 3 times (x 71B)
Class org.objectweb.asm.Type                                                          : loaded 3 times (x 72B)
Class com.google.common.collect.Sets$SetView                                          : loaded 3 times (x 138B)
Class com.google.common.base.CharMatcher$Invisible                                    : loaded 3 times (x 112B)
Class com.google.common.collect.ImmutableRangeSet$Builder                             : loaded 3 times (x 77B)
Class com.google.common.collect.ListMultimap                                          : loaded 3 times (x 70B)
Class com.google.common.collect.ImmutableRangeSet                                     : loaded 3 times (x 115B)
Class com.google.common.collect.Maps$8                                                : loaded 3 times (x 82B)
Class com.google.common.primitives.Ints$IntConverter                                  : loaded 3 times (x 90B)
Class jdk.internal.jimage.ImageReader$Directory                                       : loaded 3 times (x 84B)
Class com.google.common.base.Platform                                                 : loaded 3 times (x 71B)
Class com.google.common.collect.ImmutableEnumMap                                      : loaded 3 times (x 125B)
Class [Lcom.google.common.collect.ImmutableEntry;                                     : loaded 3 times (x 69B)
Class org.objectweb.asm.AnnotationVisitor                                             : loaded 3 times (x 78B)
Class jdk.internal.jimage.ImageReader$SharedImageReader$LocationVisitor               : loaded 3 times (x 70B)
Class com.google.common.collect.Maps                                                  : loaded 3 times (x 71B)
Class com.google.common.base.CharMatcher$JavaUpperCase                                : loaded 3 times (x 111B)
Class com.google.common.collect.AbstractMapBasedMultimap$WrappedSet                   : loaded 3 times (x 142B)
Class com.google.common.base.Charsets                                                 : loaded 3 times (x 71B)
Class com.google.common.collect.ImmutableBiMapFauxverideShim                          : loaded 3 times (x 120B)
Class com.google.common.base.Splitter                                                 : loaded 3 times (x 72B)
Class com.google.common.collect.Sets$1                                                : loaded 3 times (x 139B)
Class jdk.internal.jrtfs.JrtPath                                                      : loaded 3 times (x 118B)
Class jdk.internal.jimage.ImageBufferCache                                            : loaded 3 times (x 71B)
Class com.google.common.collect.RegularImmutableList                                  : loaded 3 times (x 212B)
Class com.google.common.collect.Maps$ViewCachingAbstractMap                           : loaded 3 times (x 125B)
Class com.google.common.collect.IndexedImmutableSet$1                                 : loaded 3 times (x 212B)
Class com.google.common.base.Function                                                 : loaded 3 times (x 70B)
Class com.google.common.collect.ImmutableMapEntry$NonTerminalImmutableMapEntry        : loaded 3 times (x 85B)
Class com.google.common.collect.ImmutableMultimap                                     : loaded 3 times (x 147B)
Class com.google.common.base.CharMatcher$JavaDigit                                    : loaded 3 times (x 111B)
Class com.google.common.collect.ImmutableMapEntry                                     : loaded 3 times (x 85B)
Class com.google.common.collect.Iterators$10                                          : loaded 3 times (x 81B)
Class com.google.common.math.IntMath                                                  : loaded 3 times (x 71B)
Class com.google.common.collect.RegularImmutableSortedSet                             : loaded 3 times (x 299B)
Class com.google.common.collect.AbstractMapBasedMultimap$KeySet                       : loaded 3 times (x 137B)
Class com.google.common.collect.Sets$2                                                : loaded 3 times (x 139B)
Class com.google.common.base.CommonPattern                                            : loaded 3 times (x 74B)
Class com.google.common.base.CharMatcher$IsNot                                        : loaded 3 times (x 111B)
Class com.google.common.base.CharMatcher$JavaLetter                                   : loaded 3 times (x 111B)
Class com.google.common.collect.ImmutableSortedSet                                    : loaded 3 times (x 299B)
Class jdk.internal.jrtfs.SystemImage                                                  : loaded 3 times (x 74B)
Class jdk.internal.jrtfs.JrtFileAttributes                                            : loaded 3 times (x 83B)
Class com.google.common.collect.Maps$EntryTransformer                                 : loaded 3 times (x 70B)
Class jdk.internal.jimage.ImageReader$Resource                                        : loaded 3 times (x 84B)
Class com.google.common.base.AbstractIterator$State                                   : loaded 3 times (x 79B)
Class com.google.common.collect.Sets$3                                                : loaded 3 times (x 139B)
Class jdk.internal.jimage.decompressor.Decompressor                                   : loaded 3 times (x 72B)
Class com.google.common.collect.ImmutableMultiset                                     : loaded 3 times (x 163B)
Class com.google.common.collect.ImmutableAsList                                       : loaded 3 times (x 209B)
Class com.google.common.base.Splitter$Strategy                                        : loaded 3 times (x 70B)
Class com.google.common.collect.AbstractMapBasedMultimap                              : loaded 3 times (x 139B)
Class com.google.common.collect.Iterators$9                                           : loaded 3 times (x 81B)
Class com.google.common.collect.Lists                                                 : loaded 3 times (x 71B)
Class com.google.common.base.Converter                                                : loaded 3 times (x 90B)
Class com.google.common.base.CharMatcher$Any                                          : loaded 3 times (x 112B)
Class com.google.common.collect.ImmutableSet$CachingAsList                            : loaded 3 times (x 147B)
Class com.google.common.collect.Sets$4                                                : loaded 3 times (x 139B)
Class jdk.internal.jimage.BasicImageReader$1                                          : loaded 3 times (x 77B)
Class com.google.common.collect.ImmutableCollection                                   : loaded 3 times (x 125B)
Class com.google.common.base.CharMatcher$AnyOf                                        : loaded 3 times (x 112B)
Class jdk.internal.jimage.ImageReader$Node                                            : loaded 3 times (x 84B)
Class com.google.common.base.CharMatcher$ForPredicate                                 : loaded 3 times (x 112B)
Class com.google.common.io.Closer$SuppressingSuppressor                               : loaded 3 times (x 75B)
Class com.google.common.collect.ImmutableMultimap$Values                              : loaded 3 times (x 126B)
Class com.google.common.base.Splitter$SplittingIterator                               : loaded 3 times (x 84B)
Class com.google.common.collect.ImmutableSet$JdkBackedSetBuilderImpl                  : loaded 3 times (x 76B)
Class com.google.common.collect.Iterators$5                                           : loaded 3 times (x 82B)
Class com.google.common.collect.ImmutableBiMap                                        : loaded 3 times (x 143B)
Class com.google.common.collect.SortedIterable                                        : loaded 3 times (x 70B)
Class com.google.common.collect.AbstractListMultimap                                  : loaded 3 times (x 172B)
Class com.google.common.collect.Iterators$4                                           : loaded 3 times (x 82B)
Class jdk.internal.jimage.ImageReader$SharedImageReader                               : loaded 3 times (x 95B)
Class jdk.internal.jimage.ImageReader                                                 : loaded 3 times (x 75B)
Class com.google.common.collect.ImmutableMap$IteratorBasedImmutableMap                : loaded 3 times (x 125B)
Class com.google.common.collect.SingletonImmutableSet                                 : loaded 3 times (x 146B)
Class com.google.common.collect.Iterators$1                                           : loaded 3 times (x 81B)
Class jdk.internal.jimage.ImageStringsReader                                          : loaded 3 times (x 80B)
Class com.google.common.base.JdkPattern                                               : loaded 3 times (x 75B)
Class com.google.common.collect.ImmutableList$ReverseImmutableList                    : loaded 3 times (x 208B)
Class com.google.common.base.Splitter$1                                               : loaded 3 times (x 77B)
Class com.google.common.collect.RegularImmutableMap$KeySet                            : loaded 3 times (x 150B)
Class com.google.common.collect.MapDifference                                         : loaded 3 times (x 70B)
Class com.google.common.collect.SingletonImmutableList                                : loaded 3 times (x 207B)
Class com.google.common.collect.Multimap                                              : loaded 3 times (x 70B)
Class com.google.common.primitives.IntsMethodsForWeb                                  : loaded 3 times (x 71B)
Class com.google.common.collect.ImmutableMultimap$Keys                                : loaded 3 times (x 166B)
Class com.google.common.collect.AbstractMapBasedMultimap$WrappedCollection$WrappedIterator: loaded 3 times (x 84B)
Class com.google.common.base.NullnessCasts                                            : loaded 3 times (x 71B)
Class com.google.common.collect.ImmutableMap$Builder                                  : loaded 3 times (x 82B)
Class jdk.internal.jimage.ImageHeader                                                 : loaded 3 times (x 71B)
Class com.google.common.collect.ImmutableMapEntrySet                                  : loaded 3 times (x 151B)
Class com.google.common.math.MathPreconditions                                        : loaded 3 times (x 71B)
Class com.google.common.collect.AbstractIndexedListIterator                           : loaded 3 times (x 96B)
Class com.google.common.collect.ObjectArrays                                          : loaded 3 times (x 71B)
Class com.google.common.collect.Multiset                                              : loaded 3 times (x 70B)
Class com.google.common.collect.ArrayListMultimapGwtSerializationDependencies         : loaded 3 times (x 172B)
Class com.google.common.primitives.Ints                                               : loaded 3 times (x 71B)
Class com.google.common.collect.AbstractIterator                                      : loaded 3 times (x 82B)
Class jdk.internal.jrtfs.SystemImage$1                                                : loaded 3 times (x 78B)
Class com.google.common.collect.Iterators$ArrayItr                                    : loaded 3 times (x 97B)
Class com.google.common.collect.ImmutableListMultimap                                 : loaded 3 times (x 176B)
Class com.google.common.collect.BiMap                                                 : loaded 3 times (x 70B)
Class com.google.common.collect.ImmutableRangeSet$AsSet                               : loaded 3 times (x 299B)
Class com.google.common.collect.ImmutableCollection$Builder                           : loaded 3 times (x 76B)
Class com.google.common.collect.ImmutableMap$1                                        : loaded 3 times (x 81B)
Class com.google.common.collect.IndexedImmutableSet                                   : loaded 3 times (x 150B)
Class org.objectweb.asm.FieldVisitor                                                  : loaded 3 times (x 77B)
Class jdk.internal.jimage.ImageBufferCache$2                                          : loaded 3 times (x 91B)
Class com.google.common.base.CharMatcher$And                                          : loaded 3 times (x 112B)
Class com.google.common.collect.HashMultimapGwtSerializationDependencies              : loaded 3 times (x 174B)
Class com.google.common.collect.AbstractMapBasedMultimap$KeySet$1                     : loaded 3 times (x 82B)
Class jdk.internal.jimage.ImageBufferCache$1                                          : loaded 3 times (x 83B)
Class com.google.common.base.CharMatcher$JavaLetterOrDigit                            : loaded 3 times (x 111B)
Class com.google.common.collect.ImmutableSortedSetFauxverideShim                      : loaded 3 times (x 147B)
Class com.google.common.collect.Lists$StringAsImmutableList                           : loaded 3 times (x 207B)
Class jdk.internal.jrtfs.JrtDirectoryStream$1                                         : loaded 3 times (x 83B)
Class jdk.internal.jrtfs.SystemImage$2                                                : loaded 3 times (x 76B)
Class jdk.internal.jimage.ImageLocation                                               : loaded 3 times (x 90B)
Class com.google.common.collect.EmptyImmutableListMultimap                            : loaded 3 times (x 176B)
Class com.google.common.collect.BaseImmutableMultimap                                 : loaded 3 times (x 123B)
Class com.google.common.base.CharMatcher$RangesMatcher                                : loaded 3 times (x 112B)
Class com.google.common.collect.Range                                                 : loaded 3 times (x 87B)
Class com.google.common.collect.Iterators                                             : loaded 3 times (x 71B)
Class com.google.common.collect.RegularImmutableAsList                                : loaded 3 times (x 216B)
Class com.google.common.collect.ImmutableRangeSet$1                                   : loaded 3 times (x 209B)
Class com.google.common.collect.ImmutableList$Builder                                 : loaded 3 times (x 77B)
Class com.google.common.collect.AbstractMultimap                                      : loaded 3 times (x 123B)
Class com.google.common.collect.AbstractSetMultimap                                   : loaded 3 times (x 174B)
Class com.google.common.collect.Sets$ImprovedAbstractSet                              : loaded 3 times (x 135B)
Class com.google.common.collect.Platform                                              : loaded 3 times (x 71B)
Class [Lorg.objectweb.asm.Type;                                                       : loaded 3 times (x 69B)
Class [Lorg.objectweb.asm.Attribute;                                                  : loaded 3 times (x 69B)
Class com.google.common.collect.AbstractMapEntry                                      : loaded 3 times (x 81B)
Class com.google.common.collect.SingletonImmutableBiMap                               : loaded 3 times (x 143B)
Class jdk.internal.jrtfs.JrtFileSystemProvider                                        : loaded 3 times (x 101B)
Class com.google.common.collect.UnmodifiableIterator                                  : loaded 3 times (x 80B)
Class it.unimi.dsi.fastutil.ints.IntCollection                                        : loaded 2 times (x 70B)
Class com.google.common.base.Splitter$5                                               : loaded 2 times (x 80B)
Class org.jetbrains.kotlin.config.LanguageOrApiVersion                                : loaded 2 times (x 70B)
Class org.gradle.internal.service.ServiceLocator                                      : loaded 2 times (x 70B)
Class kotlin.Result                                                                   : loaded 2 times (x 72B)
Class kotlin.reflect.KProperty0                                                       : loaded 2 times (x 70B)
Class org.jetbrains.kotlin.utils.CollectionsKt                                        : loaded 2 times (x 71B)
Class kotlin.reflect.KClass                                                           : loaded 2 times (x 70B)
Class kotlin.reflect.KProperty1                                                       : loaded 2 times (x 70B)
Class kotlin.Pair                                                                     : loaded 2 times (x 72B)
Class com.android.tools.lint.model.LintModelModuleType                                : loaded 2 times (x 79B)
Class kotlin.sequences.TransformingSequence$iterator$1                                : loaded 2 times (x 79B)
Class [Lkotlin.Function;                                                              : loaded 2 times (x 69B)
Class com.google.common.collect.HashBiMap$BiEntry                                     : loaded 2 times (x 83B)
Class com.google.common.base.Ascii                                                    : loaded 2 times (x 71B)
Class com.google.common.cache.LocalCache$1                                            : loaded 2 times (x 89B)
Class kotlin.collections.CollectionsKt___CollectionsKt$withIndex$1                    : loaded 2 times (x 79B)
Class com.google.common.base.MoreObjects                                              : loaded 2 times (x 71B)
Class com.google.common.base.Joiner                                                   : loaded 2 times (x 79B)
Class kotlin.comparisons.ComparisonsKt___ComparisonsJvmKt                             : loaded 2 times (x 71B)
Class kotlin.collections.CollectionsKt__IteratorsJVMKt                                : loaded 2 times (x 71B)
Class kotlin.sequences.GeneratorSequence$iterator$1                                   : loaded 2 times (x 79B)
Class kotlin.reflect.jvm.internal.KClassImpl$Data$qualifiedName$2                     : loaded 2 times (x 79B)
Class kotlin.reflect.KProperty2                                                       : loaded 2 times (x 70B)
Class kotlin.io.CloseableKt                                                           : loaded 2 times (x 71B)
Class com.android.tools.lint.model.LintModelDependency                                : loaded 2 times (x 70B)
Class kotlin.collections.CollectionsKt__MutableCollectionsKt                          : loaded 2 times (x 71B)
Class com.google.common.reflect.TypeToken$SimpleTypeToken                             : loaded 2 times (x 73B)
Class com.google.common.cache.LocalCache$2                                            : loaded 2 times (x 142B)
Class kotlin.io.TerminateException                                                    : loaded 2 times (x 82B)
Class it.unimi.dsi.fastutil.objects.Object2IntFunction                                : loaded 2 times (x 70B)
Class kotlin.ReplaceWith                                                              : loaded 2 times (x 70B)
Class kotlin.reflect.jvm.internal.impl.name.StandardClassIdsKt                        : loaded 2 times (x 71B)
Class com.google.common.hash.AbstractHashFunction                                     : loaded 2 times (x 95B)
Class it.unimi.dsi.fastutil.ints.IntSpliterator                                       : loaded 2 times (x 70B)
Class kotlin.reflect.jvm.internal.impl.utils.CollectionsKt                            : loaded 2 times (x 71B)
Class kotlin.reflect.jvm.internal.CacheByClass                                        : loaded 2 times (x 73B)
Class kotlin.coroutines.CoroutineContext$Element                                      : loaded 2 times (x 70B)
Class kotlin.reflect.jvm.internal.impl.name.FqNamesUtilKt                             : loaded 2 times (x 71B)
Class kotlin.io.FilesKt__FilePathComponentsKt                                         : loaded 2 times (x 71B)
Class kotlin.reflect.KCallable                                                        : loaded 2 times (x 70B)
Class com.google.common.util.concurrent.AbstractFuture$UnsafeAtomicHelper$1           : loaded 2 times (x 76B)
Class kotlin.collections.builders.ListBuilder                                         : loaded 2 times (x 207B)
Class kotlin.collections.builders.ListBuilder$Companion                               : loaded 2 times (x 71B)
Class kotlin.io.LinesSequence$iterator$1                                              : loaded 2 times (x 79B)
Class kotlin.collections.AbstractIterator                                             : loaded 2 times (x 83B)
Class org.jetbrains.kotlin.cli.common.messages.MessageCollector$Companion             : loaded 2 times (x 71B)
Class kotlin.text.CharsKt                                                             : loaded 2 times (x 71B)
Class com.android.io.CancellableFileIo                                                : loaded 2 times (x 71B)
Class org.jetbrains.kotlin.config.LanguageFeature                                     : loaded 2 times (x 80B)
Class com.google.common.base.Optional                                                 : loaded 2 times (x 80B)
Class com.google.common.util.concurrent.AbstractFuture$Trusted                        : loaded 2 times (x 70B)
Class com.google.common.collect.ImmutableMapEntry$NonTerminalImmutableBiMapEntry      : loaded 2 times (x 85B)
Class com.google.common.cache.CacheLoader$FunctionToCacheLoader                       : loaded 2 times (x 75B)
Class kotlin.reflect.jvm.internal.KMutableProperty1Impl                               : loaded 2 times (x 135B)
Class kotlin.reflect.jvm.internal.impl.builtins.functions.FunctionTypeKind$SuspendFunction: loaded 2 times (x 72B)
Class kotlin.coroutines.ContinuationInterceptor$Key                                   : loaded 2 times (x 71B)
Class kotlin.text.DelimitedRangesSequence$iterator$1                                  : loaded 2 times (x 79B)
Class com.android.tools.lint.model.DefaultLintModelLibraryResolver                    : loaded 2 times (x 76B)
Class com.google.common.collect.Maps$IteratorBasedAbstractMap$1                       : loaded 2 times (x 138B)
Class com.google.common.collect.ExplicitOrdering                                      : loaded 2 times (x 115B)
Class com.google.common.util.concurrent.UncheckedExecutionException                   : loaded 2 times (x 82B)
Class kotlin.jvm.internal.Ref$IntRef                                                  : loaded 2 times (x 71B)
Class kotlin.enums.EnumEntriesList                                                    : loaded 2 times (x 223B)
Class kotlin.reflect.jvm.internal.KClassImpl$Data$declaredMembers$2                   : loaded 2 times (x 79B)
Class com.android.tools.lint.model.LintModelModuleLoader                              : loaded 2 times (x 70B)
Class kotlin.jvm.internal.FunctionBase                                                : loaded 2 times (x 70B)
Class org.gradle.internal.InternalTransformer                                         : loaded 2 times (x 70B)
Class kotlin.jvm.internal.FunctionReference                                           : loaded 2 times (x 122B)
Class com.google.common.collect.ImmutableBiMap$Builder                                : loaded 2 times (x 82B)
Class com.android.tools.lint.model.DefaultLintModelArtifact                           : loaded 2 times (x 82B)
Class it.unimi.dsi.fastutil.objects.ReferenceCollection                               : loaded 2 times (x 70B)
Class kotlin.DeprecationLevel                                                         : loaded 2 times (x 79B)
Class kotlin.jvm.JvmStatic                                                            : loaded 2 times (x 70B)
Class it.unimi.dsi.fastutil.ints.IntArraySet                                          : loaded 2 times (x 235B)
Class kotlin.reflect.jvm.internal.ReflectionFactoryImpl                               : loaded 2 times (x 91B)
Class com.android.ide.common.gradle.Separator                                         : loaded 2 times (x 79B)
Class com.android.tools.lint.model.LintModelSourceProvider                            : loaded 2 times (x 70B)
Class kotlin.collections.MapsKt__MapsJVMKt                                            : loaded 2 times (x 71B)
Class kotlin.collections.EmptyList                                                    : loaded 2 times (x 174B)
Class [Lcom.android.prefs.VariableValue;                                              : loaded 2 times (x 69B)
Class kotlin.collections.ArraysKt___ArraysKt$asSequence$$inlined$Sequence$1           : loaded 2 times (x 75B)
Class com.android.tools.lint.model.PathVariables$Companion                            : loaded 2 times (x 71B)
Class [Lkotlin.coroutines.intrinsics.CoroutineSingletons;                             : loaded 2 times (x 69B)
Class org.objectweb.asm.ClassWriter                                                   : loaded 2 times (x 106B)
Class com.google.common.cache.CacheLoader$UnsupportedLoadingOperationException        : loaded 2 times (x 82B)
Class org.gradle.internal.classloader.ClasspathUtil$1                                 : loaded 2 times (x 76B)
Class kotlin.reflect.jvm.internal.KPropertyImpl$_javaField$1                          : loaded 2 times (x 79B)
Class kotlin.reflect.jvm.internal.KClassImpl$data$1                                   : loaded 2 times (x 79B)
Class kotlin.reflect.jvm.internal.impl.name.StandardClassIds                          : loaded 2 times (x 71B)
Class it.unimi.dsi.fastutil.longs.LongSet                                             : loaded 2 times (x 70B)
Class kotlin.collections.builders.ListBuilderKt                                       : loaded 2 times (x 71B)
Class kotlin.reflect.jvm.internal.impl.builtins.StandardNames$FqNames                 : loaded 2 times (x 71B)
Class kotlin.reflect.jvm.internal.KCallableImpl$_absentArguments$1                    : loaded 2 times (x 79B)
Class com.android.tools.lint.model.LintModelDependencyGraph                           : loaded 2 times (x 70B)
Class com.google.common.collect.LinkedHashMultimap$ValueSet                           : loaded 2 times (x 142B)
Class com.google.common.collect.FluentIterable$1                                      : loaded 2 times (x 81B)
Class com.google.common.collect.AbstractMapBasedMultimap$Itr                          : loaded 2 times (x 83B)
Class com.google.common.base.Objects                                                  : loaded 2 times (x 71B)
Class org.gradle.api.internal.classpath.DefaultModuleRegistry$DefaultModule           : loaded 2 times (x 86B)
Class org.gradle.internal.classpath.TransformedClassPath                              : loaded 2 times (x 96B)
Class kotlin.reflect.jvm.internal.ClassValueCache                                     : loaded 2 times (x 74B)
Class kotlin.ResultKt                                                                 : loaded 2 times (x 71B)
Class com.google.common.cache.CacheBuilder$NullListener                               : loaded 2 times (x 82B)
Class org.jetbrains.kotlin.name.ClassId                                               : loaded 2 times (x 72B)
Class com.android.tools.lint.model.DefaultLintModelDependencies                       : loaded 2 times (x 79B)
Class com.android.ide.common.repository.AgpVersion                                    : loaded 2 times (x 75B)
Class com.google.common.collect.FluentIterable$2                                      : loaded 2 times (x 81B)
Class com.google.common.base.Absent                                                   : loaded 2 times (x 80B)
Class com.google.common.collect.NullsFirstOrdering                                    : loaded 2 times (x 115B)
Class kotlin.collections.IndexingIterable                                             : loaded 2 times (x 79B)
Class org.objectweb.asm.FieldWriter                                                   : loaded 2 times (x 78B)
Class com.google.common.reflect.Invokable                                             : loaded 2 times (x 103B)
Class kotlin.Deprecated                                                               : loaded 2 times (x 70B)
Class com.android.utils.Pair                                                          : loaded 2 times (x 72B)
Class kotlin.text.Regex$Companion                                                     : loaded 2 times (x 71B)
Class kotlin.reflect.jvm.internal.KClassImpl$Data$inheritedStaticMembers$2            : loaded 2 times (x 79B)
Class kotlin.Result$Failure                                                           : loaded 2 times (x 72B)
Class kotlin._Assertions                                                              : loaded 2 times (x 71B)
Class kotlin.collections.ArraysKt__ArraysKt                                           : loaded 2 times (x 71B)
Class com.google.common.collect.FluentIterable$3                                      : loaded 2 times (x 81B)
Class kotlin.sequences.SequencesKt___SequencesJvmKt$filterIsInstance$1                : loaded 2 times (x 79B)
Class it.unimi.dsi.fastutil.objects.ObjectBidirectionalIterator                       : loaded 2 times (x 70B)
Class kotlin.reflect.jvm.internal.impl.builtins.jvm.JavaToKotlinClassMap              : loaded 2 times (x 71B)
Class kotlin.reflect.jvm.internal.KotlinReflectionInternalError                       : loaded 2 times (x 82B)
Class com.android.tools.lint.model.DefaultLintModelVariant$artifact$2                 : loaded 2 times (x 79B)
Class kotlin.collections.SetsKt__SetsJVMKt                                            : loaded 2 times (x 71B)
Class com.android.tools.lint.model.LintModelMavenName$Companion                       : loaded 2 times (x 71B)
Class kotlin.Function                                                                 : loaded 2 times (x 70B)
Class org.gradle.api.internal.classpath.Module                                        : loaded 2 times (x 70B)
Class kotlin.io.FileAlreadyExistsException                                            : loaded 2 times (x 82B)
Class [Lcom.google.common.collect.LinkedHashMultimap$ValueSetLink;                    : loaded 2 times (x 69B)
Class kotlin.KotlinVersion                                                            : loaded 2 times (x 74B)
Class it.unimi.dsi.fastutil.ints.IntOpenHashSet                                       : loaded 2 times (x 239B)
Class kotlin.reflect.jvm.internal.KClassifierImpl                                     : loaded 2 times (x 70B)
Class kotlin.reflect.KMutableProperty                                                 : loaded 2 times (x 70B)
Class kotlin.internal.ProgressionUtilKt                                               : loaded 2 times (x 71B)
Class kotlin.collections.CharIterator                                                 : loaded 2 times (x 82B)
Class com.google.common.cache.Weigher                                                 : loaded 2 times (x 70B)
Class org.gradle.api.internal.classpath.UnknownModuleException                        : loaded 2 times (x 82B)
Class kotlin.reflect.jvm.internal.impl.builtins.functions.FunctionTypeKind            : loaded 2 times (x 72B)
Class kotlin.jvm.internal.PropertyReference                                           : loaded 2 times (x 115B)
Class org.jetbrains.kotlin.config.ApiVersion                                          : loaded 2 times (x 86B)
Class com.android.prefs.VariableValue                                                 : loaded 2 times (x 84B)
Class com.android.prefs.AbstractAndroidLocations$Companion                            : loaded 2 times (x 71B)
Class com.google.common.base.Stopwatch                                                : loaded 2 times (x 72B)
Class com.google.common.cache.LocalCache$Strength                                     : loaded 2 times (x 81B)
Class com.google.common.cache.Cache                                                   : loaded 2 times (x 70B)
Class kotlin.collections.IndexingIterator                                             : loaded 2 times (x 79B)
Class kotlin.sequences.SequencesKt__SequencesKt$generateSequence$2                    : loaded 2 times (x 79B)
Class com.google.common.io.Files$2                                                    : loaded 2 times (x 76B)
Class kotlin.reflect.jvm.internal.KClassImpl$Data$nestedClasses$2                     : loaded 2 times (x 79B)
Class com.android.tools.lint.model.LintModelAndroidArtifact                           : loaded 2 times (x 70B)
Class [Lcom.android.tools.lint.model.LintModelSerialization$TargetFile;               : loaded 2 times (x 69B)
Class jdk.internal.jimage.ImageReader$LinkNode                                        : loaded 2 times (x 84B)
Class com.google.common.collect.AbstractMultimap$Entries                              : loaded 2 times (x 120B)
Class com.google.common.util.concurrent.AbstractFuture$Cancellation                   : loaded 2 times (x 72B)
Class androidx.compose.lint.Name                                                      : loaded 2 times (x 72B)
Class com.google.common.collect.AbstractMapBasedMultimap$AsMap$AsMapIterator          : loaded 2 times (x 83B)
Class com.google.common.cache.LocalCache$Strength$3                                   : loaded 2 times (x 81B)
Class com.google.common.collect.LinkedHashMultimap                                    : loaded 2 times (x 175B)
Class kotlin.io.ByteStreamsKt                                                         : loaded 2 times (x 71B)
Class [Lkotlin.reflect.jvm.internal.impl.builtins.PrimitiveType;                      : loaded 2 times (x 69B)
Class kotlin.reflect.jvm.internal.impl.builtins.StandardNames                         : loaded 2 times (x 71B)
Class kotlin.reflect.jvm.internal.KClassImpl$Data$annotations$2                       : loaded 2 times (x 79B)
Class kotlin.reflect.jvm.internal.ReflectProperties$LazySoftVal                       : loaded 2 times (x 78B)
Class [Lkotlin.reflect.KAnnotatedElement;                                             : loaded 2 times (x 69B)
Class com.google.common.collect.Maps$EntryFunction$1                                  : loaded 2 times (x 91B)
Class com.google.common.base.Present                                                  : loaded 2 times (x 81B)
Class com.google.common.cache.RemovalListener                                         : loaded 2 times (x 70B)
Class org.gradle.api.internal.DefaultClassPathRegistry                                : loaded 2 times (x 76B)
Class org.jetbrains.kotlin.load.java.JvmAbi                                           : loaded 2 times (x 71B)
Class com.google.common.collect.AllEqualOrdering                                      : loaded 2 times (x 114B)
Class javax.inject.Inject                                                             : loaded 2 times (x 70B)
Class [Lorg.jetbrains.kotlin.config.JvmDefaultMode;                                   : loaded 2 times (x 69B)
Class kotlin.jvm.JvmClassMappingKt                                                    : loaded 2 times (x 71B)
Class kotlin.reflect.jvm.internal.KPropertyImpl                                       : loaded 2 times (x 115B)
Class kotlin.jvm.internal.Reflection                                                  : loaded 2 times (x 71B)
Class kotlin.reflect.KProperty                                                        : loaded 2 times (x 70B)
Class org.jetbrains.kotlin.cli.common.messages.MessageCollector                       : loaded 2 times (x 70B)
Class com.google.common.collect.ComparisonChain$1                                     : loaded 2 times (x 81B)
Class [Lcom.google.common.collect.Maps$EntryFunction;                                 : loaded 2 times (x 69B)
Class kotlin.ranges.ClosedRange                                                       : loaded 2 times (x 70B)
Class com.android.tools.lint.model.LintModelLintOptions                               : loaded 2 times (x 70B)
Class com.android.prefs.PathLocator$singlePathOf$values$1                             : loaded 2 times (x 79B)
Class com.android.tools.lint.model.PathVariables$Companion$PATH_COMPARATOR$1          : loaded 2 times (x 78B)
Class com.google.common.collect.Maps$EntryFunction$2                                  : loaded 2 times (x 91B)
Class com.google.common.reflect.Invokable$ConstructorInvokable                        : loaded 2 times (x 107B)
Class org.gradle.api.internal.ClassPathRegistry                                       : loaded 2 times (x 70B)
Class org.gradle.internal.classpath.DefaultClassPath$ImmutableUniqueList              : loaded 2 times (x 199B)
Class jdk.internal.jimage.decompressor.ResourceDecompressor                           : loaded 2 times (x 70B)
Class kotlin.reflect.jvm.internal.impl.resolve.jvm.JvmPrimitiveType                   : loaded 2 times (x 79B)
Class kotlin.reflect.jvm.internal.KClassImpl$Data$declaredNonStaticMembers$2          : loaded 2 times (x 79B)
Class kotlin.reflect.jvm.internal.ComputableClassValue                                : loaded 2 times (x 80B)
Class kotlin.collections.IntIterator                                                  : loaded 2 times (x 82B)
Class kotlin.jvm.internal.TypeIntrinsics                                              : loaded 2 times (x 71B)
Class com.android.prefs.PathLocator$singlePathOf$values$2                             : loaded 2 times (x 78B)
Class com.android.tools.lint.model.PathVariables$Companion$PATH_COMPARATOR$2          : loaded 2 times (x 78B)
Class kotlin.text.StringsKt__StringsJVMKt                                             : loaded 2 times (x 71B)
Class com.google.common.reflect.TypeToken                                             : loaded 2 times (x 73B)
Class com.google.common.base.ExtraObjectsMethodsForWeb                                : loaded 2 times (x 71B)
Class org.jetbrains.kotlin.config.JvmDefaultMode$Companion                            : loaded 2 times (x 71B)
Class com.google.common.collect.TransformedIterator                                   : loaded 2 times (x 80B)
Class it.unimi.dsi.fastutil.longs.LongCollection                                      : loaded 2 times (x 70B)
Class com.google.common.io.ByteSink                                                   : loaded 2 times (x 76B)
Class kotlin.collections.SetsKt                                                       : loaded 2 times (x 71B)
Class com.android.tools.lint.model.PathVariables$Companion$PATH_COMPARATOR$3          : loaded 2 times (x 78B)
Class kotlin.text.StringsKt__IndentKt                                                 : loaded 2 times (x 71B)
Class kotlin.text.StringsKt__RegexExtensionsJVMKt                                     : loaded 2 times (x 71B)
Class com.google.common.cache.CacheBuilder                                            : loaded 2 times (x 72B)
Class Settings_gradle$1                                                               : loaded 2 times (x 74B)
Class org.gradle.internal.classpath.ClassPath                                         : loaded 2 times (x 70B)
Class org.gradle.api.UncheckedIOException                                             : loaded 2 times (x 82B)
Class kotlin.sequences.TakeWhileSequence$iterator$1                                   : loaded 2 times (x 79B)
Class it.unimi.dsi.fastutil.objects.Object2IntMap$FastEntrySet                        : loaded 2 times (x 70B)
Class com.google.common.collect.LinkedHashMultimap$ValueSet$1                         : loaded 2 times (x 82B)
Class kotlin.collections.ArraysKt___ArraysJvmKt                                       : loaded 2 times (x 71B)
Class com.google.common.io.Files$FileByteSource                                       : loaded 2 times (x 85B)
Class [Lkotlin.reflect.jvm.internal.impl.name.FqName;                                 : loaded 2 times (x 69B)
Class kotlin.reflect.jvm.internal.KPackageImpl                                        : loaded 2 times (x 85B)
Class kotlin.reflect.KFunction                                                        : loaded 2 times (x 70B)
Class com.android.tools.lint.model.PathVariables$Companion$PATH_COMPARATOR$4          : loaded 2 times (x 78B)
Class kotlin.collections.CollectionsKt__CollectionsKt                                 : loaded 2 times (x 71B)
Class kotlin.reflect.jvm.internal.KClassImpl$Data$declaredStaticMembers$2             : loaded 2 times (x 79B)
Class kotlin.reflect.jvm.internal.KProperty1Impl$delegateSource$1                     : loaded 2 times (x 79B)
Class [Lkotlin.reflect.KDeclarationContainer;                                         : loaded 2 times (x 69B)
Class it.unimi.dsi.fastutil.objects.ObjectIterable                                    : loaded 2 times (x 70B)
Class com.android.tools.lint.model.DefaultLintModelAndroidLibrary                     : loaded 2 times (x 111B)
Class kotlin.collections.MapsKt__MapsKt                                               : loaded 2 times (x 71B)
Class com.android.prefs.AndroidLocationsProvider                                      : loaded 2 times (x 70B)
Class kotlin.jvm.internal.Lambda                                                      : loaded 2 times (x 75B)
Class org.objectweb.asm.SymbolTable$Entry                                             : loaded 2 times (x 74B)
Class com.google.common.util.concurrent.AbstractFuture$AtomicHelper                   : loaded 2 times (x 78B)
Class com.android.tools.lint.model.LintModelSerialization$TargetFile                  : loaded 2 times (x 79B)
Class it.unimi.dsi.fastutil.objects.Object2IntOpenHashMap                             : loaded 2 times (x 247B)
Class [Lcom.android.tools.lint.model.LintModelNamespacingMode;                        : loaded 2 times (x 69B)
Class org.objectweb.asm.Edge                                                          : loaded 2 times (x 72B)
Class com.google.common.base.Suppliers$SupplierOfInstance                             : loaded 2 times (x 79B)
Class kotlin.properties.Delegates                                                     : loaded 2 times (x 71B)
Class kotlin.Metadata                                                                 : loaded 2 times (x 70B)
Class kotlin.collections.AbstractMutableSet                                           : loaded 2 times (x 142B)
Class com.android.tools.lint.model.LintModelModuleLibrary                             : loaded 2 times (x 70B)
Class kotlin.text.MatchResult$Destructured                                            : loaded 2 times (x 72B)
Class kotlin.reflect.KTypeParameter                                                   : loaded 2 times (x 70B)
Class kotlin.UninitializedPropertyAccessException                                     : loaded 2 times (x 82B)
Class com.google.common.reflect.TypeToken$1                                           : loaded 2 times (x 110B)
Class com.google.common.cache.LocalCache$ComputingValueReference                      : loaded 2 times (x 96B)
Class kotlin.reflect.jvm.internal.KClassImpl$Data$descriptor$2                        : loaded 2 times (x 79B)
Class com.google.common.collect.AbstractMapBasedMultimap$AsMap$AsMapEntries           : loaded 2 times (x 138B)
Class [Lorg.jetbrains.kotlin.cli.common.messages.CompilerMessageSeverity;             : loaded 2 times (x 69B)
Class kotlin.reflect.jvm.internal.KClassImpl$Data$supertypes$2                        : loaded 2 times (x 79B)
Class kotlin.reflect.KProperty$Getter                                                 : loaded 2 times (x 70B)
Class kotlin.sequences.SequencesKt___SequencesKt$filterNotNull$1                      : loaded 2 times (x 78B)
Class com.google.common.reflect.TypeToken$2                                           : loaded 2 times (x 110B)
Class com.google.common.cache.LocalCache$Segment                                      : loaded 2 times (x 154B)
Class it.unimi.dsi.fastutil.ints.IntIterator                                          : loaded 2 times (x 70B)
Class org.objectweb.asm.Handle                                                        : loaded 2 times (x 72B)
Class kotlin.sequences.SequencesKt__SequencesKt$generateSequence$1                    : loaded 2 times (x 79B)
Class jdk.internal.jrtfs.JrtFileStore                                                 : loaded 2 times (x 83B)
Class com.google.common.cache.LocalCache$Strength$2                                   : loaded 2 times (x 81B)
Class kotlin.reflect.jvm.internal.ReflectProperties                                   : loaded 2 times (x 71B)
Class kotlin.SafePublicationLazyImpl                                                  : loaded 2 times (x 76B)
Class it.unimi.dsi.fastutil.objects.ObjectIterator                                    : loaded 2 times (x 70B)
Class org.jetbrains.kotlin.cli.jvm.compiler.KotlinCoreEnvironment                     : loaded 2 times (x 72B)
Class org.jetbrains.kotlin.utils.DescriptionAware                                     : loaded 2 times (x 70B)
Class [Lorg.objectweb.asm.SymbolTable$Entry;                                          : loaded 2 times (x 69B)
Class com.google.common.cache.CacheLoader                                             : loaded 2 times (x 74B)
Class org.gradle.internal.installation.GradleInstallation$1                           : loaded 2 times (x 75B)
Class org.gradle.api.internal.classpath.ModuleRegistry                                : loaded 2 times (x 70B)
Class jdk.internal.jimage.decompressor.ResourceDecompressorFactory                    : loaded 2 times (x 74B)
Class com.google.common.util.concurrent.SettableFuture                                : loaded 2 times (x 114B)
Class com.google.common.collect.Collections2$FilteredCollection                       : loaded 2 times (x 119B)
Class com.android.ide.common.repository.AgpVersion$PreviewKind$Companion              : loaded 2 times (x 71B)
Class com.android.ProgressManagerAdapter                                              : loaded 2 times (x 73B)
Class kotlin.coroutines.jvm.internal.ContinuationImpl                                 : loaded 2 times (x 87B)
Class com.google.common.util.concurrent.internal.InternalFutureFailureAccess          : loaded 2 times (x 72B)
Class kotlin.coroutines.jvm.internal.SuspendLambda                                    : loaded 2 times (x 91B)
Class kotlin.reflect.jvm.internal.KDeclarationContainerImpl                           : loaded 2 times (x 84B)
Class kotlin.coroutines.intrinsics.IntrinsicsKt__IntrinsicsKt                         : loaded 2 times (x 71B)
Class org.jetbrains.kotlin.name.FqNameUnsafe                                          : loaded 2 times (x 72B)
Class kotlin.text.RegexKt                                                             : loaded 2 times (x 71B)
Class it.unimi.dsi.fastutil.objects.ObjectSpliterator                                 : loaded 2 times (x 70B)
Class kotlin.jvm.functions.Function22                                                 : loaded 2 times (x 70B)
Class com.google.common.collect.Iterators$6                                           : loaded 2 times (x 81B)
Class com.google.common.collect.HashBiMap$Inverse                                     : loaded 2 times (x 142B)
Class com.google.common.util.concurrent.AbstractFuture$UnsafeAtomicHelper             : loaded 2 times (x 78B)
Class com.google.common.cache.LocalCache$LocalManualCache$1                           : loaded 2 times (x 75B)
Class org.jetbrains.kotlin.cli.common.messages.CompilerMessageSeverity                : loaded 2 times (x 79B)
Class org.jetbrains.kotlin.config.AnalysisFlag                                        : loaded 2 times (x 72B)
Class kotlin.io.FilesKt__UtilsKt                                                      : loaded 2 times (x 71B)
Class kotlin.collections.CollectionsKt__CollectionsJVMKt                              : loaded 2 times (x 71B)
Class [Lcom.android.prefs.Global;                                                     : loaded 2 times (x 69B)
Class kotlin.collections.MapWithDefault                                               : loaded 2 times (x 70B)
Class com.google.common.cache.LocalCache$Strength$1                                   : loaded 2 times (x 81B)
Class com.google.common.collect.Multimaps$CustomSetMultimap                           : loaded 2 times (x 178B)
Class org.gradle.api.internal.classpath.DefaultModuleRegistry                         : loaded 2 times (x 83B)
Class org.objectweb.asm.ModuleVisitor                                                 : loaded 2 times (x 81B)
Class kotlin.collections.IndexedValue                                                 : loaded 2 times (x 72B)
Class com.google.common.collect.LinkedHashMultimap$ValueSetLink                       : loaded 2 times (x 70B)
Class kotlin.KotlinVersionCurrentValue                                                : loaded 2 times (x 71B)
Class kotlin.collections.builders.MapBuilder$Itr                                      : loaded 2 times (x 72B)
Class kotlin.reflect.jvm.internal.impl.name.SpecialNames                              : loaded 2 times (x 71B)
Class kotlin.reflect.jvm.internal.impl.builtins.functions.FunctionTypeKind$KFunction  : loaded 2 times (x 72B)
Class kotlin.reflect.jvm.internal.impl.name.ClassId                                   : loaded 2 times (x 72B)
Class kotlin.collections.CollectionsKt__IteratorsKt                                   : loaded 2 times (x 71B)
Class kotlin.sequences.SequencesKt                                                    : loaded 2 times (x 71B)
Class kotlin.jvm.functions.Function21                                                 : loaded 2 times (x 70B)
Class it.unimi.dsi.fastutil.longs.LongIterable                                        : loaded 2 times (x 70B)
Class com.google.common.hash.Hasher                                                   : loaded 2 times (x 70B)
Class com.google.common.util.concurrent.ListenableFuture                              : loaded 2 times (x 70B)
Class com.google.common.cache.ReferenceEntry                                          : loaded 2 times (x 70B)
Class jdk.internal.jimage.BasicImageReader$2                                          : loaded 2 times (x 77B)
Class org.jetbrains.kotlin.config.JvmDefaultMode                                      : loaded 2 times (x 79B)
Class [Lcom.google.common.collect.LinkedHashMultimap$ValueEntry;                      : loaded 2 times (x 69B)
Class com.google.common.hash.HashFunction                                             : loaded 2 times (x 70B)
Class kotlin.jvm.internal.markers.KMutableSet                                         : loaded 2 times (x 70B)
Class org.gradle.internal.service.UnknownServiceException                             : loaded 2 times (x 83B)
Class com.google.common.cache.LocalCache$LocalLoadingCache                            : loaded 2 times (x 134B)
Class com.android.tools.lint.model.LintModelSerialization                             : loaded 2 times (x 76B)
Class kotlin.text.StringsKt                                                           : loaded 2 times (x 71B)
Class com.google.common.util.concurrent.AbstractFuture                                : loaded 2 times (x 106B)
Class com.google.common.base.FunctionalEquivalence                                    : loaded 2 times (x 83B)
Class com.google.common.util.concurrent.AbstractFuture$SafeAtomicHelper               : loaded 2 times (x 79B)
Class org.jetbrains.kotlin.config.ExplicitApiMode                                     : loaded 2 times (x 79B)
Class com.google.common.hash.HashCode                                                 : loaded 2 times (x 80B)
Class kotlin.coroutines.jvm.internal.RestrictedContinuationImpl                       : loaded 2 times (x 87B)
Class kotlin.reflect.jvm.internal.CachesKt$CACHE_FOR_NULLABLE_BASE_CLASSIFIERS$1      : loaded 2 times (x 78B)
Class kotlin.coroutines.CoroutineContext$Key                                          : loaded 2 times (x 70B)
Class kotlin.LazyKt__LazyJVMKt                                                        : loaded 2 times (x 71B)
Class org.objectweb.asm.RecordComponentVisitor                                        : loaded 2 times (x 77B)
Class com.google.common.cache.CacheLoader$SupplierToCacheLoader                       : loaded 2 times (x 75B)
Class [Lorg.objectweb.asm.AnnotationVisitor;                                          : loaded 2 times (x 69B)
Class kotlin.collections.CollectionsKt___CollectionsKt$asSequence$$inlined$Sequence$1 : loaded 2 times (x 75B)
Class kotlin.jvm.internal.markers.KMutableList                                        : loaded 2 times (x 70B)
Class org.jetbrains.kotlin.cli.common.CompilerSystemProperties$value$1                : loaded 2 times (x 125B)
Class [Lkotlin.Pair;                                                                  : loaded 2 times (x 69B)
Class kotlin.io.FilesKt__FileReadWriteKt                                              : loaded 2 times (x 71B)
Class kotlin.text.MatchNamedGroupCollection                                           : loaded 2 times (x 70B)
Class kotlin.text.StringsKt__StringNumberConversionsKt                                : loaded 2 times (x 71B)
Class org.jetbrains.kotlin.cli.common.CompilerSystemProperties                        : loaded 2 times (x 80B)
Class com.google.common.collect.UsingToStringOrdering                                 : loaded 2 times (x 114B)
Class org.gradle.internal.service.ServiceLookupException                              : loaded 2 times (x 82B)
Class kotlin.jvm.functions.Function20                                                 : loaded 2 times (x 70B)
Class org.gradle.api.internal.ClassPathProvider                                       : loaded 2 times (x 70B)
Class kotlin.jvm.internal.MutablePropertyReference1Impl                               : loaded 2 times (x 137B)
Class org.jetbrains.kotlin.cli.common.CompilerSystemProperties$value$2                : loaded 2 times (x 125B)
Class [Lkotlin.sequences.Sequence;                                                    : loaded 2 times (x 69B)
Class com.android.tools.lint.model.LintModelBuildFeatures                             : loaded 2 times (x 70B)
Class [Lorg.gradle.api.internal.ClassPathProvider;                                    : loaded 2 times (x 69B)
Class com.google.common.collect.Lists$ReverseList                                     : loaded 2 times (x 200B)
Class [Lcom.google.common.cache.LocalCache$EntryFactory;                              : loaded 2 times (x 69B)
Class org.gradle.internal.classloader.ClassLoaderFactory                              : loaded 2 times (x 70B)
Class androidx.compose.lint.NamesKt                                                   : loaded 2 times (x 71B)
Class kotlin.reflect.jvm.internal.impl.builtins.PrimitiveType                         : loaded 2 times (x 79B)
Class com.google.common.collect.NaturalOrdering                                       : loaded 2 times (x 115B)
Class [Lcom.google.common.base.Function;                                              : loaded 2 times (x 69B)
Class com.google.common.cache.LocalCache$LocalManualCache                             : loaded 2 times (x 99B)
Class org.gradle.internal.service.CachingServiceLocator                               : loaded 2 times (x 82B)
Class kotlin.text.StringsKt__StringNumberConversionsJVMKt                             : loaded 2 times (x 71B)
Class com.google.common.collect.LinkedHashMultimap$ValueEntry                         : loaded 2 times (x 89B)
Class kotlin.sequences.Sequence                                                       : loaded 2 times (x 70B)
Class it.unimi.dsi.fastutil.ints.IntListIterator                                      : loaded 2 times (x 70B)
Class kotlin.reflect.jvm.internal.CachesKt$CACHE_FOR_GENERIC_CLASSIFIERS$1            : loaded 2 times (x 78B)
Class kotlin.text.MatchResult                                                         : loaded 2 times (x 70B)
Class kotlin.collections.AbstractList$SubList                                         : loaded 2 times (x 198B)
Class kotlin.jvm.internal.CallableReference                                           : loaded 2 times (x 106B)
Class it.unimi.dsi.fastutil.ints.IntIterable                                          : loaded 2 times (x 70B)
Class kotlin.properties.ReadOnlyProperty                                              : loaded 2 times (x 70B)
Class it.unimi.dsi.fastutil.ints.IntSet                                               : loaded 2 times (x 70B)
Class kotlin.jvm.internal.markers.KMutableMap                                         : loaded 2 times (x 70B)
Class kotlin.reflect.jvm.internal.impl.descriptors.runtime.structure.ReflectClassUtilKt: loaded 2 times (x 71B)
Class kotlin.ranges.IntRange                                                          : loaded 2 times (x 93B)
Class kotlin.reflect.jvm.internal.impl.builtins.jvm.JavaToKotlinClassMap$PlatformMutabilityMapping: loaded 2 times (x 72B)
Class [Lcom.google.common.collect.HashBiMap$BiEntry;                                  : loaded 2 times (x 69B)
Class kotlin.reflect.jvm.internal.impl.builtins.PrimitiveType$arrayTypeFqName$2       : loaded 2 times (x 79B)
Class kotlin.sequences.SequenceScope                                                  : loaded 2 times (x 73B)
Class org.jetbrains.kotlin.name.FqName                                                : loaded 2 times (x 72B)
Class com.android.prefs.LocationValue                                                 : loaded 2 times (x 70B)
Class com.google.common.hash.HashCode$BytesHashCode                                   : loaded 2 times (x 81B)
Class kotlin.enums.EnumEntries                                                        : loaded 2 times (x 70B)
Class com.google.common.base.Predicates                                               : loaded 2 times (x 71B)
Class com.google.common.base.Equivalence                                              : loaded 2 times (x 82B)
Class com.google.common.collect.LinkedHashMultimapGwtSerializationDependencies        : loaded 2 times (x 174B)
Class org.gradle.api.internal.DefaultClassPathProvider                                : loaded 2 times (x 76B)
Class com.google.common.hash.Hashing                                                  : loaded 2 times (x 71B)
Class kotlin.jvm.internal.markers.KMutableListIterator                                : loaded 2 times (x 70B)
Class kotlin.reflect.jvm.internal.KCallableImpl$_returnType$1                         : loaded 2 times (x 79B)
Class [Lorg.jetbrains.kotlin.cli.common.CompilerSystemProperties;                     : loaded 2 times (x 69B)
Class com.google.gson.JsonParseException                                              : loaded 2 times (x 82B)
Class com.android.tools.lint.model.DefaultLintModelJavaLibrary                        : loaded 2 times (x 103B)
Class com.android.prefs.PathLocator                                                   : loaded 2 times (x 73B)
Class com.google.common.cache.CacheBuilder$OneWeigher                                 : loaded 2 times (x 82B)
Class com.google.common.collect.ComparatorOrdering                                    : loaded 2 times (x 115B)
Class com.google.common.collect.Iterators$EmptyModifiableIterator                     : loaded 2 times (x 86B)
Class com.android.builder.model.MavenCoordinates                                      : loaded 2 times (x 70B)
Class kotlin.jvm.internal.ArrayIteratorKt                                             : loaded 2 times (x 71B)
Class kotlin.reflect.jvm.internal.KDeclarationContainerImpl$Companion                 : loaded 2 times (x 71B)
Class com.android.sdklib.AndroidVersion                                               : loaded 2 times (x 75B)
Class com.android.tools.lint.model.LintModelLibraryResolver                           : loaded 2 times (x 70B)
Class kotlin.text.MatchResult$DefaultImpls                                            : loaded 2 times (x 71B)
Class com.android.tools.lint.model.LintModelSerialization$LintModelSerializationAdapter: loaded 2 times (x 70B)
Class com.google.common.collect.Maps$EntryFunction                                    : loaded 2 times (x 91B)
Class org.gradle.internal.classloader.ClasspathUtil                                   : loaded 2 times (x 71B)
Class kotlin.io.FileSystemException                                                   : loaded 2 times (x 82B)
Class kotlin.jvm.internal.PropertyReference0                                          : loaded 2 times (x 127B)
Class it.unimi.dsi.fastutil.Hash                                                      : loaded 2 times (x 70B)
Class kotlin.sequences.EmptySequence                                                  : loaded 2 times (x 78B)
Class com.android.ide.common.gradle.Numeric                                           : loaded 2 times (x 77B)
Class com.google.common.collect.ComparisonChain                                       : loaded 2 times (x 80B)
Class com.google.common.util.concurrent.Uninterruptibles                              : loaded 2 times (x 71B)
Class kotlin.reflect.KProperty$Accessor                                               : loaded 2 times (x 70B)
Class kotlin.reflect.jvm.internal.impl.builtins.functions.FunctionTypeKind$KSuspendFunction: loaded 2 times (x 72B)
Class kotlin.reflect.full.IllegalCallableAccessException                              : loaded 2 times (x 82B)
Class kotlin.jvm.internal.DefaultConstructorMarker                                    : loaded 2 times (x 71B)
Class it.unimi.dsi.fastutil.ints.IntList                                              : loaded 2 times (x 70B)
Class kotlin.jvm.internal.PropertyReference1                                          : loaded 2 times (x 127B)
Class com.android.tools.lint.model.LintModelNamespacingMode                           : loaded 2 times (x 79B)
Class [Lkotlin.reflect.KCallable;                                                     : loaded 2 times (x 69B)
Class kotlin.reflect.jvm.internal.KCallableImpl                                       : loaded 2 times (x 105B)
Class org.gradle.api.specs.Spec                                                       : loaded 2 times (x 70B)
Class kotlin.reflect.jvm.internal.impl.builtins.functions.FunctionTypeKind$Function   : loaded 2 times (x 72B)
Class com.google.common.collect.AbstractIterator$1                                    : loaded 2 times (x 71B)
Class kotlin.jvm.internal.PropertyReference2                                          : loaded 2 times (x 127B)
Class kotlin.jvm.internal.MutablePropertyReference                                    : loaded 2 times (x 119B)
Class kotlin.UnsafeLazyImpl                                                           : loaded 2 times (x 76B)
Class kotlin.LazyKt__LazyJVMKt$WhenMappings                                           : loaded 2 times (x 71B)
Class org.jetbrains.kotlin.name.Name                                                  : loaded 2 times (x 75B)
Class com.android.tools.lint.model.LintModelExternalLibrary                           : loaded 2 times (x 70B)
Class [Lkotlin.reflect.jvm.internal.impl.builtins.jvm.JavaToKotlinClassMap$PlatformMutabilityMapping;: loaded 2 times (x 69B)
Class kotlin.reflect.jvm.internal.KClassImpl$Data$constructors$2                      : loaded 2 times (x 79B)
Class kotlin.reflect.full.IllegalPropertyDelegateAccessException                      : loaded 2 times (x 82B)
Class kotlin.LazyThreadSafetyMode                                                     : loaded 2 times (x 79B)
Class it.unimi.dsi.fastutil.HashCommon                                                : loaded 2 times (x 71B)
Class com.android.tools.lint.model.LintModelVariant                                   : loaded 2 times (x 70B)
Class kotlin.jvm.internal.ArrayIterator                                               : loaded 2 times (x 79B)
Class com.google.common.collect.Sets$3$1                                              : loaded 2 times (x 82B)
Class com.google.common.cache.LocalCache$LoadingValueReference                        : loaded 2 times (x 96B)
Class jdk.internal.jimage.decompressor.ResourceDecompressorRepository                 : loaded 2 times (x 71B)
Class com.google.common.collect.AbstractMapBasedMultimap$AsMap                        : loaded 2 times (x 128B)
Class kotlin.jvm.internal.SpreadBuilder                                               : loaded 2 times (x 76B)
Class kotlin.text.StringsKt__AppendableKt                                             : loaded 2 times (x 71B)
Class kotlin.collections.EmptyIterator                                                : loaded 2 times (x 89B)
Class kotlin.SynchronizedLazyImpl                                                     : loaded 2 times (x 76B)
Class [Lcom.android.tools.lint.model.LintModelArtifactType;                           : loaded 2 times (x 69B)
Class com.android.tools.lint.model.LintModelMavenName                                 : loaded 2 times (x 70B)
Class kotlin.text.StringsKt__RegexExtensionsKt                                        : loaded 2 times (x 71B)
Class com.google.common.reflect.Invokable$MethodInvokable                             : loaded 2 times (x 107B)
Class com.google.common.collect.Multimaps$Entries                                     : loaded 2 times (x 118B)
Class kotlin.coroutines.ContinuationInterceptor                                       : loaded 2 times (x 70B)
Class com.google.common.collect.AbstractMapBasedMultimap$WrappedList                  : loaded 2 times (x 205B)
Class kotlin.coroutines.jvm.internal.RestrictedSuspendLambda                          : loaded 2 times (x 91B)
Class kotlin.reflect.jvm.internal.CachesKt$K_PACKAGE_CACHE$1                          : loaded 2 times (x 78B)
Class kotlin.reflect.jvm.internal.CachesKt$K_CLASS_CACHE$1                            : loaded 2 times (x 78B)
Class com.android.tools.lint.model.LintModelLibrary                                   : loaded 2 times (x 70B)
Class kotlin.sequences.SequencesKt__SequencesJVMKt                                    : loaded 2 times (x 71B)
Class kotlin.reflect.jvm.internal.impl.name.FqNameUnsafe$1                            : loaded 2 times (x 74B)
Class kotlin.collections.AbstractList                                                 : loaded 2 times (x 197B)
Class kotlin.collections.AbstractCollection                                           : loaded 2 times (x 117B)
Class com.google.common.collect.CompoundOrdering                                      : loaded 2 times (x 115B)
Class [Lorg.objectweb.asm.AnnotationWriter;                                           : loaded 2 times (x 69B)
Class org.gradle.api.internal.classpath.EffectiveClassPath                            : loaded 2 times (x 90B)
Class kotlin.Triple                                                                   : loaded 2 times (x 72B)
Class kotlin.sequences.SequencesKt__SequenceBuilderKt$sequence$$inlined$Sequence$1    : loaded 2 times (x 75B)
Class kotlin.collections.ArrayAsCollection                                            : loaded 2 times (x 105B)
Class kotlin.LazyKt__LazyKt                                                           : loaded 2 times (x 71B)
Class kotlin.text.Regex                                                               : loaded 2 times (x 72B)
Class com.android.utils.EnvironmentProvider                                           : loaded 2 times (x 70B)
Class com.google.common.collect.Ordering                                              : loaded 2 times (x 114B)
Class kotlin.text.StringsKt__StringBuilderJVMKt                                       : loaded 2 times (x 71B)
Class kotlin.sequences.SequencesKt___SequencesKt$flatMap$2                            : loaded 2 times (x 125B)
Class com.google.common.base.Predicates$CompositionPredicate                          : loaded 2 times (x 88B)
Class [Lcom.google.common.collect.Iterators$EmptyModifiableIterator;                  : loaded 2 times (x 69B)
Class com.google.common.collect.Lists$ReverseList$1                                   : loaded 2 times (x 99B)
Class com.google.common.cache.LocalCache$StrongValueReference                         : loaded 2 times (x 90B)
Class com.google.common.util.concurrent.AbstractFuture$SynchronizedHelper             : loaded 2 times (x 78B)
Class com.google.common.collect.RegularImmutableBiMap$Inverse                         : loaded 2 times (x 143B)
Class [Lcom.android.ide.common.repository.AgpVersion$PreviewKind;                     : loaded 2 times (x 69B)
Class it.unimi.dsi.fastutil.ints.AbstractIntSet                                       : loaded 2 times (x 233B)
Class com.google.common.graph.SuccessorsFunction                                      : loaded 2 times (x 70B)
Class kotlin.jvm.internal.Ref$ObjectRef                                               : loaded 2 times (x 72B)
Class kotlin.reflect.jvm.internal.KCallableImpl$parametersNeedMFVCFlattening$1        : loaded 2 times (x 79B)
Class kotlin.jvm.internal.ReflectionFactory                                           : loaded 2 times (x 91B)
Class kotlin.UNINITIALIZED_VALUE                                                      : loaded 2 times (x 71B)
Class org.gradle.internal.classloader.VisitableURLClassLoader$InstrumentingVisitableURLClassLoader: loaded 2 times (x 123B)
Class com.google.common.io.Files$FileByteSink                                         : loaded 2 times (x 77B)
Class [Lkotlin.reflect.jvm.internal.impl.resolve.jvm.JvmPrimitiveType;                : loaded 2 times (x 69B)
Class kotlin.jvm.internal.ClassBasedDeclarationContainer                              : loaded 2 times (x 70B)
Class kotlin.coroutines.CoroutineContext$Element$DefaultImpls                         : loaded 2 times (x 71B)
Class kotlin.coroutines.Continuation                                                  : loaded 2 times (x 70B)
Class kotlin.ranges.RangesKt__RangesKt                                                : loaded 2 times (x 71B)
Class kotlin.reflect.jvm.internal.KProperty1Impl                                      : loaded 2 times (x 128B)
Class com.android.tools.lint.model.LintModelArtifactType                              : loaded 2 times (x 79B)
Class kotlin.collections.SetsKt___SetsKt                                              : loaded 2 times (x 71B)
Class kotlin.sequences.SequencesKt__SequencesKt                                       : loaded 2 times (x 71B)
Class kotlin.comparisons.ComparisonsKt__ComparisonsKt                                 : loaded 2 times (x 71B)
Class org.objectweb.asm.ByteVector                                                    : loaded 2 times (x 79B)
Class [Lcom.google.common.cache.CacheBuilder$NullListener;                            : loaded 2 times (x 69B)
Class org.gradle.internal.classloader.VisitableURLClassLoader$Spec                    : loaded 2 times (x 74B)
Class org.gradle.internal.classpath.DefaultClassPath                                  : loaded 2 times (x 90B)
Class jdk.internal.jimage.decompressor.ZipDecompressorFactory                         : loaded 2 times (x 74B)
Class kotlin.reflect.jvm.internal.KMutableProperty1Impl$_setter$1                     : loaded 2 times (x 79B)
Class it.unimi.dsi.fastutil.ints.IntArrays                                            : loaded 2 times (x 71B)
Class kotlin.Result$Companion                                                         : loaded 2 times (x 71B)
Class kotlin.coroutines.jvm.internal.BaseContinuationImpl                             : loaded 2 times (x 87B)
Class it.unimi.dsi.fastutil.Hash$Strategy                                             : loaded 2 times (x 70B)
Class kotlin.sequences.FilteringSequence                                              : loaded 2 times (x 75B)
Class com.android.tools.lint.model.LintModelDependencies                              : loaded 2 times (x 70B)
Class kotlin.text.CharsKt__CharJVMKt                                                  : loaded 2 times (x 71B)
Class kotlin.comparisons.ComparisonsKt                                                : loaded 2 times (x 71B)
Class kotlin.comparisons.ComparisonsKt___ComparisonsKt                                : loaded 2 times (x 71B)
Class kotlin.reflect.jvm.internal.KClassImpl$Data$objectInstance$2                    : loaded 2 times (x 79B)
Class org.objectweb.asm.Symbol                                                        : loaded 2 times (x 73B)
Class jdk.internal.jrtfs.ExplodedImage                                                : loaded 2 times (x 77B)
Class kotlin.reflect.KType                                                            : loaded 2 times (x 70B)
Class org.gradle.internal.classloader.ClassLoaderVisitor                              : loaded 2 times (x 76B)
Class com.google.common.collect.ReverseNaturalOrdering                                : loaded 2 times (x 114B)
Class [Lcom.google.common.collect.AbstractIterator$State;                             : loaded 2 times (x 69B)
Class org.jetbrains.kotlin.config.LanguageVersionSettings                             : loaded 2 times (x 70B)
Class com.google.common.collect.Sets$FilteredSet                                      : loaded 2 times (x 137B)
Class org.gradle.internal.classloader.ClassLoaderSpec                                 : loaded 2 times (x 71B)
Class kotlin.reflect.jvm.internal.ReflectProperties$Val$1                             : loaded 2 times (x 71B)
Class kotlin.text.DelimitedRangesSequence                                             : loaded 2 times (x 75B)
Class com.android.tools.lint.model.LintModelSerialization$LintModelSerializationFileAdapter: loaded 2 times (x 89B)
Class kotlin.collections.CollectionsKt___CollectionsJvmKt                             : loaded 2 times (x 71B)
Class com.android.prefs.VariableType                                                  : loaded 2 times (x 79B)
Class kotlin.jvm.internal.FunctionReferenceImpl                                       : loaded 2 times (x 122B)
Class org.objectweb.asm.AnnotationWriter                                              : loaded 2 times (x 79B)
Class com.google.common.cache.CacheStats                                              : loaded 2 times (x 71B)
Class kotlin.collections.AbstractList$Companion                                       : loaded 2 times (x 71B)
Class kotlin.jvm.internal.markers.KMutableIterable                                    : loaded 2 times (x 70B)
Class com.google.common.io.LineProcessor                                              : loaded 2 times (x 70B)
Class kotlin.Unit                                                                     : loaded 2 times (x 71B)
Class kotlin.TuplesKt                                                                 : loaded 2 times (x 71B)
Class com.android.utils.EnvironmentProvider$DirectEnvironmentProvider                 : loaded 2 times (x 80B)
Class kotlin.sequences.SequencesKt___SequencesJvmKt                                   : loaded 2 times (x 71B)
Class com.android.tools.lint.model.PathVariables                                      : loaded 2 times (x 72B)
Class kotlin.sequences.SequencesKt___SequencesKt                                      : loaded 2 times (x 71B)
Class com.google.common.collect.AbstractMapBasedMultimap$2                            : loaded 2 times (x 85B)
Class org.objectweb.asm.RecordComponentWriter                                         : loaded 2 times (x 78B)
Class com.google.common.util.concurrent.AbstractFuture$Listener                       : loaded 2 times (x 72B)
Class Settings_gradle$1$1                                                             : loaded 2 times (x 74B)
Class kotlin.text.MatcherMatchResult$groupValues$1                                    : loaded 2 times (x 198B)
Class org.jetbrains.kotlin.cli.jvm.compiler.KotlinCoreEnvironment$Companion           : loaded 2 times (x 71B)
Class kotlin.ranges.RangesKt                                                          : loaded 2 times (x 71B)
Class com.android.ide.common.gradle.Version$Companion$ParseState                      : loaded 2 times (x 70B)
Class com.google.common.collect.ForwardingSet                                         : loaded 2 times (x 151B)
Class com.google.common.base.Supplier                                                 : loaded 2 times (x 70B)
Class org.gradle.internal.classloader.VisitableURLClassLoader                         : loaded 2 times (x 117B)
Class it.unimi.dsi.fastutil.objects.Object2IntMap                                     : loaded 2 times (x 70B)
Class [Lkotlin.DeprecationLevel;                                                      : loaded 2 times (x 69B)
Class kotlin.sequences.GeneratorSequence                                              : loaded 2 times (x 75B)
Class kotlin.reflect.jvm.internal.KClassImpl                                          : loaded 2 times (x 115B)
Class kotlin.collections.ArraysUtilJVM                                                : loaded 2 times (x 71B)
Class kotlin.jvm.functions.Function0                                                  : loaded 2 times (x 70B)
Class com.android.ide.common.repository.AgpVersion$Companion                          : loaded 2 times (x 71B)
Class kotlin.sequences.FlatteningSequence$iterator$1                                  : loaded 2 times (x 79B)
Class com.android.prefs.AbstractAndroidLocations                                      : loaded 2 times (x 82B)
Class com.google.common.util.concurrent.AbstractFuture$Waiter                         : loaded 2 times (x 72B)
Class Settings_gradle                                                                 : loaded 2 times (x 128B)
Class org.gradle.internal.Cast                                                        : loaded 2 times (x 71B)
Class org.gradle.api.Action                                                           : loaded 2 times (x 70B)
Class jdk.internal.jimage.decompressor.ZipDecompressor                                : loaded 2 times (x 75B)
Class kotlin.properties.ReadWriteProperty                                             : loaded 2 times (x 70B)
Class kotlin.collections.AbstractMutableList                                          : loaded 2 times (x 206B)
Class org.jetbrains.kotlin.cli.common.messages.GradleStyleMessageRenderer             : loaded 2 times (x 78B)
Class com.android.ide.common.gradle.Version$Companion                                 : loaded 2 times (x 71B)
Class kotlin.reflect.jvm.internal.KDeclarationContainerImpl$Data$moduleData$2         : loaded 2 times (x 79B)
Class com.android.tools.lint.model.DefaultLintModelMavenName                          : loaded 2 times (x 87B)
Class kotlin.jvm.functions.Function1                                                  : loaded 2 times (x 70B)
Class com.google.common.hash.AbstractHasher                                           : loaded 2 times (x 142B)
Class kotlin.KotlinVersion$Companion                                                  : loaded 2 times (x 71B)
Class com.google.common.collect.HashBiMap                                             : loaded 2 times (x 143B)
Class org.objectweb.asm.Handler                                                       : loaded 2 times (x 72B)
Class com.google.common.base.Ticker                                                   : loaded 2 times (x 72B)
Class org.gradle.internal.agents.InstrumentingClassLoader                             : loaded 2 times (x 70B)
Class kotlin.jvm.internal.markers.KMutableIterator                                    : loaded 2 times (x 70B)
Class kotlin.reflect.jvm.internal.KCallableImpl$_typeParameters$1                     : loaded 2 times (x 79B)
Class com.android.SdkConstants                                                        : loaded 2 times (x 71B)
Class org.gradle.internal.classloader.DefaultClassLoaderFactory                       : loaded 2 times (x 82B)
Class com.google.common.base.Suppliers                                                : loaded 2 times (x 71B)
Class kotlin.jvm.functions.Function2                                                  : loaded 2 times (x 70B)
Class kotlin.KotlinNothingValueException                                              : loaded 2 times (x 82B)
Class [Lcom.google.common.cache.LocalCache$Segment;                                   : loaded 2 times (x 69B)
Class [Lcom.google.common.cache.LocalCache$Strength;                                  : loaded 2 times (x 69B)
Class com.google.common.cache.CacheBuilder$1                                          : loaded 2 times (x 85B)
Class org.gradle.internal.classpath.DefaultClassPath$ImmutableUniqueList$Builder      : loaded 2 times (x 75B)
Class [Lcom.google.common.cache.CacheBuilder$OneWeigher;                              : loaded 2 times (x 69B)
Class org.jetbrains.kotlin.utils.exceptions.KotlinExceptionWithAttachments            : loaded 2 times (x 70B)
Class kotlin.jvm.functions.Function3                                                  : loaded 2 times (x 70B)
Class kotlin.reflect.jvm.internal.KDeclarationContainerImpl$Data                      : loaded 2 times (x 72B)
Class kotlin.reflect.jvm.internal.KProperty1Impl$_getter$1                            : loaded 2 times (x 79B)
Class kotlin.collections.MapsKt___MapsJvmKt                                           : loaded 2 times (x 71B)
Class [Lcom.android.prefs.LocationValue;                                              : loaded 2 times (x 69B)
Class org.objectweb.asm.MethodTooLargeException                                       : loaded 2 times (x 83B)
Class com.google.common.cache.LocalCache                                              : loaded 2 times (x 187B)
Class com.google.common.cache.CacheBuilder$2                                          : loaded 2 times (x 72B)
Class com.android.tools.lint.model.LintModelModule                                    : loaded 2 times (x 70B)
Class kotlin.annotation.Target                                                        : loaded 2 times (x 70B)
Class com.google.gson.JsonSyntaxException                                             : loaded 2 times (x 82B)
Class org.jetbrains.kotlin.name.FqNameUnsafe$1                                        : loaded 2 times (x 74B)
Class kotlin.collections.State                                                        : loaded 2 times (x 79B)
Class kotlin.reflect.jvm.internal.impl.builtins.PrimitiveType$Companion               : loaded 2 times (x 71B)
Class kotlin.jvm.functions.Function4                                                  : loaded 2 times (x 70B)
Class kotlin.reflect.jvm.internal.KClassImpl$Data$typeParameters$2                    : loaded 2 times (x 79B)
Class kotlin.reflect.jvm.internal.KClassImpl$Data                                     : loaded 2 times (x 72B)
Class org.jetbrains.kotlin.config.LanguageVersion                                     : loaded 2 times (x 91B)
Class kotlin.collections.EmptySet                                                     : loaded 2 times (x 122B)
Class kotlin.collections.CollectionsKt___CollectionsKt                                : loaded 2 times (x 71B)
Class [Lkotlin.reflect.KClass;                                                        : loaded 2 times (x 69B)
Class kotlin.reflect.jvm.internal.impl.name.FqName                                    : loaded 2 times (x 72B)
Class org.gradle.api.GradleException                                                  : loaded 2 times (x 82B)
Class kotlin.io.LinesSequence                                                         : loaded 2 times (x 75B)
Class kotlin.annotation.Retention                                                     : loaded 2 times (x 70B)
Class kotlin.jvm.functions.Function5                                                  : loaded 2 times (x 70B)
Class [Lorg.objectweb.asm.Symbol;                                                     : loaded 2 times (x 69B)
Class com.android.ide.common.gradle.Version                                           : loaded 2 times (x 75B)
Class kotlin.reflect.KDeclarationContainer                                            : loaded 2 times (x 70B)
Class com.google.common.reflect.TypeCapture                                           : loaded 2 times (x 71B)
Class kotlin.text.StringsKt___StringsJvmKt                                            : loaded 2 times (x 71B)
Class com.google.common.base.Suppliers$MemoizingSupplier                              : loaded 2 times (x 79B)
Class kotlin.jvm.functions.Function6                                                  : loaded 2 times (x 70B)
Class kotlin.reflect.jvm.internal.KPropertyImpl$_descriptor$1                         : loaded 2 times (x 79B)
Class kotlin.reflect.jvm.internal.KTypeParameterOwnerImpl                             : loaded 2 times (x 70B)
Class kotlin.io.FilesKt                                                               : loaded 2 times (x 71B)
Class kotlin.collections.MapsKt___MapsKt                                              : loaded 2 times (x 71B)
Class kotlin.collections.ArraysKt___ArraysKt                                          : loaded 2 times (x 71B)
Class com.android.utils.ILogger                                                       : loaded 2 times (x 70B)
Class com.android.utils.NullLogger                                                    : loaded 2 times (x 85B)
Class com.google.common.collect.Maps$AbstractFilteredMap                              : loaded 2 times (x 127B)
Class com.google.common.hash.HashCode$IntHashCode                                     : loaded 2 times (x 80B)
Class com.google.common.io.Files                                                      : loaded 2 times (x 71B)
Class kotlin.jvm.functions.Function7                                                  : loaded 2 times (x 70B)
Class kotlin.reflect.jvm.internal.impl.name.Name                                      : loaded 2 times (x 75B)
Class kotlin.reflect.jvm.internal.KPropertyImpl$Companion                             : loaded 2 times (x 71B)
Class it.unimi.dsi.fastutil.objects.ObjectSet                                         : loaded 2 times (x 70B)
Class com.android.tools.lint.model.DefaultLintModelSourceProvider                     : loaded 2 times (x 84B)
Class kotlin.collections.MapsKt__MapWithDefaultKt                                     : loaded 2 times (x 71B)
Class [Lcom.android.prefs.VariableType;                                               : loaded 2 times (x 69B)
Class com.google.common.cache.LocalCache$EntryFactory                                 : loaded 2 times (x 83B)
Class kotlin.collections.builders.MapBuilder$Companion                                : loaded 2 times (x 71B)
Class kotlin.jvm.functions.Function8                                                  : loaded 2 times (x 70B)
Class kotlin.reflect.jvm.internal.impl.name.FqNameUnsafe                              : loaded 2 times (x 72B)
Class [Lcom.android.ide.common.gradle.Separator;                                      : loaded 2 times (x 69B)
Class com.android.prefs.QueryResult                                                   : loaded 2 times (x 84B)
Class kotlin.collections.CollectionsKt__MutableCollectionsJVMKt                       : loaded 2 times (x 71B)
Class kotlin.sequences.TransformingSequence                                           : loaded 2 times (x 75B)
Class it.unimi.dsi.fastutil.objects.ReferenceSet                                      : loaded 2 times (x 70B)
Class kotlin.text.StringsKt___StringsKt                                               : loaded 2 times (x 71B)
Class kotlin.enums.EnumEntriesKt                                                      : loaded 2 times (x 71B)
Class com.google.common.collect.Iterables$5                                           : loaded 2 times (x 81B)
Class com.google.common.reflect.TypeParameter                                         : loaded 2 times (x 72B)
Class com.google.common.collect.NullsLastOrdering                                     : loaded 2 times (x 115B)
Class com.google.common.cache.LocalCache$AbstractReferenceEntry                       : loaded 2 times (x 107B)
Class org.gradle.internal.IoActions                                                   : loaded 2 times (x 71B)
Class com.google.common.collect.ImmutableMapKeySet                                    : loaded 2 times (x 150B)
Class kotlin.annotation.MustBeDocumented                                              : loaded 2 times (x 70B)
Class kotlin.collections.builders.ListBuilder$Itr                                     : loaded 2 times (x 94B)
Class org.jetbrains.kotlin.utils.KotlinExceptionWithAttachments                       : loaded 2 times (x 94B)
Class [Lkotlin.reflect.jvm.internal.impl.name.ClassId;                                : loaded 2 times (x 69B)
Class kotlin.jvm.functions.Function10                                                 : loaded 2 times (x 70B)
Class kotlin.jvm.functions.Function9                                                  : loaded 2 times (x 70B)
Class kotlin.reflect.jvm.internal.KClassImpl$Data$allNonStaticMembers$2               : loaded 2 times (x 79B)
Class [Lkotlin.reflect.KClassifier;                                                   : loaded 2 times (x 69B)
Class kotlin.reflect.jvm.internal.EmptyContainerForLocal                              : loaded 2 times (x 84B)
Class [Lkotlin.LazyThreadSafetyMode;                                                  : loaded 2 times (x 69B)
Class org.jetbrains.kotlin.config.ExplicitApiMode$Companion                           : loaded 2 times (x 71B)
Class it.unimi.dsi.fastutil.ints.IntIterators$EmptyIterator                           : loaded 2 times (x 171B)
Class org.objectweb.asm.SymbolTable                                                   : loaded 2 times (x 72B)
Class com.google.common.cache.CacheLoader$InvalidCacheLoadException                   : loaded 2 times (x 82B)
Class org.gradle.internal.classloader.SystemClassLoaderSpec                           : loaded 2 times (x 71B)
Class it.unimi.dsi.fastutil.ints.IntIterators                                         : loaded 2 times (x 71B)
Class kotlin.jvm.internal.markers.KMutableCollection                                  : loaded 2 times (x 70B)
Class kotlin.jvm.functions.Function11                                                 : loaded 2 times (x 70B)
Class kotlin.reflect.jvm.internal.KClassImpl$Data$sealedSubclasses$2                  : loaded 2 times (x 79B)
Class kotlin.coroutines.intrinsics.IntrinsicsKt                                       : loaded 2 times (x 71B)
Class kotlin.ranges.IntRange$Companion                                                : loaded 2 times (x 71B)
Class kotlin.collections.EmptyMap                                                     : loaded 2 times (x 109B)
Class kotlin.text.MatcherMatchResult$groups$1                                         : loaded 2 times (x 151B)
Class kotlin.reflect.KAnnotatedElement                                                : loaded 2 times (x 70B)
Class kotlin.jvm.internal.Intrinsics                                                  : loaded 2 times (x 71B)
Class com.google.common.collect.FluentIterable                                        : loaded 2 times (x 81B)
Class com.google.common.cache.LocalCache$StrongEntry                                  : loaded 2 times (x 108B)
Class com.google.common.util.concurrent.AbstractFuture$TrustedFuture                  : loaded 2 times (x 114B)
Class com.google.common.cache.LoadingCache                                            : loaded 2 times (x 70B)
Class jdk.internal.jimage.decompressor.StringSharingDecompressorFactory               : loaded 2 times (x 74B)
Class kotlin.sequences.TakeWhileSequence                                              : loaded 2 times (x 75B)
Class com.android.tools.lint.model.DefaultLintModelAndroidArtifact                    : loaded 2 times (x 91B)
Class kotlin.ranges.IntProgression$Companion                                          : loaded 2 times (x 71B)
Class kotlin.jvm.functions.Function12                                                 : loaded 2 times (x 70B)
Class kotlin.coroutines.intrinsics.CoroutineSingletons                                : loaded 2 times (x 79B)
Class it.unimi.dsi.fastutil.objects.ObjectCollection                                  : loaded 2 times (x 70B)
Class kotlin.sequences.SequencesKt__SequencesKt$flatten$1                             : loaded 2 times (x 78B)
Class kotlin.collections.MapsKt                                                       : loaded 2 times (x 71B)
Class com.android.sdklib.AndroidVersion$AndroidVersionException                       : loaded 2 times (x 82B)
Class com.android.tools.lint.model.DefaultLintModelModule                             : loaded 2 times (x 98B)
Class kotlin.collections.CollectionsKt__IterablesKt                                   : loaded 2 times (x 71B)
Class com.google.common.base.Suppliers$NonSerializableMemoizingSupplier               : loaded 2 times (x 79B)
Class [Lcom.google.common.cache.Weigher;                                              : loaded 2 times (x 69B)
Class jdk.internal.jimage.decompressor.CompressedResourceHeader                       : loaded 2 times (x 71B)
Class kotlin.jvm.internal.MutablePropertyReference2                                   : loaded 2 times (x 137B)
Class com.google.common.collect.AbstractMapBasedMultimap$RandomAccessWrappedList      : loaded 2 times (x 205B)
Class kotlin.sequences.SequenceBuilderIterator                                        : loaded 2 times (x 85B)
Class kotlin.jvm.functions.Function13                                                 : loaded 2 times (x 70B)
Class org.jetbrains.kotlin.cli.common.CompilerSystemProperties$Companion              : loaded 2 times (x 71B)
Class com.android.ide.common.gradle.Version$Companion$ParseState$EMPTY                : loaded 2 times (x 74B)
Class kotlin.ranges.OpenEndRange                                                      : loaded 2 times (x 70B)
Class kotlin.text.Charsets                                                            : loaded 2 times (x 71B)
Class kotlin.KotlinNullPointerException                                               : loaded 2 times (x 83B)
Class kotlin.reflect.jvm.internal.ReflectProperties$Val                               : loaded 2 times (x 74B)
Class kotlin.reflect.jvm.internal.impl.builtins.PrimitiveType$typeFqName$2            : loaded 2 times (x 79B)
Class [Lorg.jetbrains.kotlin.config.ExplicitApiMode;                                  : loaded 2 times (x 69B)
Class kotlin.jvm.functions.Function14                                                 : loaded 2 times (x 70B)
Class kotlin.sequences.SequencesKt__SequencesKt$flatten$3                             : loaded 2 times (x 78B)
Class kotlin.ranges.RangesKt___RangesKt                                               : loaded 2 times (x 71B)
Class com.android.ide.common.repository.AgpVersion$Companion$WhenMappings             : loaded 2 times (x 71B)
Class kotlin.collections.builders.MapBuilder                                          : loaded 2 times (x 112B)
Class com.google.common.collect.ImmutableListMultimap$Builder                         : loaded 2 times (x 83B)
Class com.google.common.collect.AbstractIterator$State                                : loaded 2 times (x 79B)
Class com.google.common.cache.LocalCache$ValueReference                               : loaded 2 times (x 70B)
Class org.gradle.api.internal.classpath.ManifestUtil                                  : loaded 2 times (x 71B)
Class it.unimi.dsi.fastutil.ints.IntArrays$Segment                                    : loaded 2 times (x 71B)
Class it.unimi.dsi.fastutil.ints.IntBidirectionalIterator                             : loaded 2 times (x 70B)
Class kotlin.jvm.functions.Function15                                                 : loaded 2 times (x 70B)
Class com.google.common.util.concurrent.ExecutionError                                : loaded 2 times (x 82B)
Class com.android.tools.lint.model.DefaultLintModelVariant$mainArtifact$2             : loaded 2 times (x 79B)
Class com.android.tools.lint.model.LintModelAndroidLibrary                            : loaded 2 times (x 70B)
Class kotlin.text.CharsKt__CharKt                                                     : loaded 2 times (x 71B)
Class kotlin.collections.ArraysKt                                                     : loaded 2 times (x 71B)
Class com.android.sdklib.IAndroidTarget                                               : loaded 2 times (x 70B)
Class com.google.common.util.concurrent.AbstractFuture$Failure                        : loaded 2 times (x 72B)
Class com.google.common.base.Equivalence$Equals                                       : loaded 2 times (x 82B)
Class kotlin.jvm.internal.PropertyReference1Impl                                      : loaded 2 times (x 127B)
Class kotlin.SafePublicationLazyImpl$Companion                                        : loaded 2 times (x 71B)
Class kotlin.jvm.functions.Function16                                                 : loaded 2 times (x 70B)
Class kotlin.reflect.jvm.internal.CacheByClassKt                                      : loaded 2 times (x 71B)
Class kotlin.coroutines.EmptyCoroutineContext                                         : loaded 2 times (x 77B)
Class kotlin.LazyKt                                                                   : loaded 2 times (x 71B)
Class kotlin.collections.SetsKt__SetsKt                                               : loaded 2 times (x 71B)
Class kotlin.jvm.internal.MutablePropertyReference1                                   : loaded 2 times (x 137B)
Class com.google.common.collect.ByFunctionOrdering                                    : loaded 2 times (x 115B)
Class com.google.common.base.Joiner$1                                                 : loaded 2 times (x 80B)
Class org.objectweb.asm.CurrentFrame                                                  : loaded 2 times (x 73B)
Class org.objectweb.asm.ClassTooLargeException                                        : loaded 2 times (x 83B)
Class kotlin.InitializedLazyImpl                                                      : loaded 2 times (x 76B)
Class org.gradle.internal.classloader.ClassLoaderHierarchy                            : loaded 2 times (x 70B)
Class com.google.common.hash.HashCode$LongHashCode                                    : loaded 2 times (x 80B)
Class com.google.common.collect.SortedSetMultimap                                     : loaded 2 times (x 70B)
Class kotlin.jvm.functions.Function17                                                 : loaded 2 times (x 70B)
Class org.jetbrains.kotlin.cli.common.messages.MessageCollector$Companion$NONE$1      : loaded 2 times (x 76B)
Class com.android.ide.common.gradle.Version$Companion$ParseState$NUMERIC              : loaded 2 times (x 74B)
Class com.android.ide.common.repository.AgpVersion$PreviewKind                        : loaded 2 times (x 79B)
Class [Lcom.android.tools.lint.model.LintModelModuleType;                             : loaded 2 times (x 69B)
Class com.android.tools.lint.model.LintModelSerialization$LintModelSerializationFileAdapter$WhenMappings: loaded 2 times (x 71B)
Class kotlin.collections.ArraysKt__ArraysJVMKt                                        : loaded 2 times (x 71B)
Class kotlin.sequences.SequencesKt__SequenceBuilderKt                                 : loaded 2 times (x 71B)
Class kotlin.collections.CollectionsKt__ReversedViewsKt                               : loaded 2 times (x 71B)
Class com.google.common.collect.Maps$IteratorBasedAbstractMap                         : loaded 2 times (x 125B)
Class com.google.common.base.Joiner$2                                                 : loaded 2 times (x 79B)
Class org.objectweb.asm.Frame                                                         : loaded 2 times (x 73B)
Class com.google.common.cache.LocalCache$EntryFactory$1                               : loaded 2 times (x 83B)
Class [Lcom.google.common.cache.RemovalListener;                                      : loaded 2 times (x 69B)
Class com.google.common.collect.RegularImmutableBiMap$Inverse$InverseEntrySet         : loaded 2 times (x 151B)
Class kotlin.sequences.FilteringSequence$iterator$1                                   : loaded 2 times (x 79B)
Class kotlin.jvm.functions.Function18                                                 : loaded 2 times (x 70B)
Class kotlin.reflect.jvm.internal.CachesKt                                            : loaded 2 times (x 71B)
Class kotlin.jvm.internal.CallableReference$NoReceiver                                : loaded 2 times (x 71B)
Class kotlin.text.StringsKt__StringBuilderKt                                          : loaded 2 times (x 71B)
Class com.google.common.cache.LocalCache$EntryFactory$2                               : loaded 2 times (x 83B)
Class kotlin.io.FilesKt__FileTreeWalkKt                                               : loaded 2 times (x 71B)
Class kotlin.reflect.KMutableProperty$Setter                                          : loaded 2 times (x 70B)
Class kotlin.jvm.internal.CollectionToArray                                           : loaded 2 times (x 71B)
Class kotlin.jvm.functions.Function19                                                 : loaded 2 times (x 70B)
Class kotlin.reflect.jvm.internal.KClassImpl$Data$allStaticMembers$2                  : loaded 2 times (x 79B)
Class kotlin.Lazy                                                                     : loaded 2 times (x 70B)
Class com.android.prefs.Global                                                        : loaded 2 times (x 80B)
Class kotlin.NoWhenBranchMatchedException                                             : loaded 2 times (x 82B)
Class kotlin.jvm.internal.MutablePropertyReference0                                   : loaded 2 times (x 137B)
Class com.google.common.collect.Multimaps                                             : loaded 2 times (x 71B)
Class org.objectweb.asm.ModuleWriter                                                  : loaded 2 times (x 82B)
Class com.google.common.cache.LocalCache$EntryFactory$3                               : loaded 2 times (x 83B)
Class com.google.common.base.Ticker$1                                                 : loaded 2 times (x 72B)
Class kotlin.reflect.jvm.internal.KCallableImpl$_annotations$1                        : loaded 2 times (x 79B)
Class kotlin.reflect.jvm.internal.KClassImpl$Data$inheritedNonStaticMembers$2         : loaded 2 times (x 79B)
Class org.jetbrains.kotlin.cli.common.messages.MessageRenderer                        : loaded 2 times (x 70B)
Class [Lkotlin.jvm.functions.Function1;                                               : loaded 2 times (x 69B)
Class kotlin.reflect.jvm.internal.impl.builtins.CompanionObjectMapping                : loaded 2 times (x 71B)
Class com.google.common.cache.LocalCache$EntryFactory$4                               : loaded 2 times (x 83B)
Class kotlin.sequences.ConstrainedOnceSequence                                        : loaded 2 times (x 75B)
Class kotlin.reflect.jvm.internal.KCallableImpl$_parameters$1                         : loaded 2 times (x 79B)
Class com.google.common.collect.ReverseOrdering                                       : loaded 2 times (x 115B)
Class com.google.common.cache.LocalCache$EntryFactory$5                               : loaded 2 times (x 83B)
Class it.unimi.dsi.fastutil.Stack                                                     : loaded 2 times (x 70B)
Class kotlin.reflect.jvm.internal.KClassImpl$Data$simpleName$2                        : loaded 2 times (x 79B)
Class kotlin.reflect.jvm.internal.CachesKt$CACHE_FOR_BASE_CLASSIFIERS$1               : loaded 2 times (x 78B)
Class [Lkotlin.reflect.KProperty;                                                     : loaded 2 times (x 69B)
Class kotlin.jvm.internal.markers.KMappedMarker                                       : loaded 2 times (x 70B)
Class com.google.common.cache.LocalCache$EntryFactory$6                               : loaded 2 times (x 83B)
Class org.gradle.internal.installation.CurrentGradleInstallationLocator               : loaded 2 times (x 71B)
Class org.gradle.internal.classloader.FilteringClassLoader                            : loaded 2 times (x 105B)
Class com.google.common.base.Equivalence$Identity                                     : loaded 2 times (x 82B)
Class com.google.common.base.PairwiseEquivalence                                      : loaded 2 times (x 83B)
Class kotlin.text.StringsKt__StringsKt                                                : loaded 2 times (x 71B)
Class com.android.tools.lint.model.DefaultLintModelDependencyGraph                    : loaded 2 times (x 78B)
Class com.android.tools.lint.model.DefaultLintModelLintOptions                        : loaded 2 times (x 103B)
Class kotlin.NotImplementedError                                                      : loaded 2 times (x 82B)
Class com.google.common.cache.LocalCache$EntryFactory$7                               : loaded 2 times (x 83B)
Class org.gradle.internal.service.DefaultServiceLocator                               : loaded 2 times (x 83B)
Class com.android.prefs.AndroidPathLocator                                            : loaded 2 times (x 73B)
Class kotlin.sequences.FlatteningSequence                                             : loaded 2 times (x 75B)
Class kotlin.text.MatcherMatchResult                                                  : loaded 2 times (x 80B)
Class kotlin.properties.ObservableProperty                                            : loaded 2 times (x 83B)
Class org.jetbrains.kotlin.util.capitalizeDecapitalize.CapitalizeDecapitalizeKt       : loaded 2 times (x 71B)
Class kotlin.reflect.KMutableProperty0                                                : loaded 2 times (x 70B)
Class kotlin.reflect.KClassifier                                                      : loaded 2 times (x 70B)
Class kotlin.coroutines.jvm.internal.SuspendFunction                                  : loaded 2 times (x 70B)
Class kotlin.text.MatchGroupCollection                                                : loaded 2 times (x 70B)
Class com.google.common.collect.ComparisonChain$InactiveComparisonChain               : loaded 2 times (x 80B)
Class com.google.common.cache.LocalCache$EntryFactory$8                               : loaded 2 times (x 83B)
Class org.gradle.internal.installation.CurrentGradleInstallation                      : loaded 2 times (x 73B)
Class androidx.compose.lint.PackageName                                               : loaded 2 times (x 72B)
Class kotlin.jvm.internal.StringCompanionObject                                       : loaded 2 times (x 71B)
Class com.android.tools.lint.model.LintModelJavaLibrary                               : loaded 2 times (x 70B)
Class [Lkotlin.collections.State;                                                     : loaded 2 times (x 69B)
Class kotlin.jvm.internal.Ref$BooleanRef                                              : loaded 2 times (x 71B)
Class kotlin.reflect.KMutableProperty1                                                : loaded 2 times (x 70B)
Class kotlin.coroutines.intrinsics.IntrinsicsKt__IntrinsicsJvmKt                      : loaded 2 times (x 71B)
Class kotlin.coroutines.jvm.internal.CoroutineStackFrame                              : loaded 2 times (x 70B)
Class com.android.tools.lint.model.DefaultLintModelVariant                            : loaded 2 times (x 101B)
Class com.android.tools.lint.model.LintModelArtifact                                  : loaded 2 times (x 70B)
Class com.google.common.collect.ForwardingObject                                      : loaded 2 times (x 72B)
Class com.google.common.cache.CacheLoader$1                                           : loaded 2 times (x 75B)
Class org.gradle.util.internal.GUtil                                                  : loaded 2 times (x 71B)
Class kotlin.io.NoSuchFileException                                                   : loaded 2 times (x 82B)
Class com.google.common.io.ByteSource                                                 : loaded 2 times (x 84B)
Class kotlin.reflect.KMutableProperty2                                                : loaded 2 times (x 70B)
Class kotlin.collections.CollectionsKt                                                : loaded 2 times (x 71B)
Class com.android.prefs.PathLocator$WhenMappings                                      : loaded 2 times (x 71B)
Class com.google.common.util.concurrent.AbstractFuture$SetFuture                      : loaded 2 times (x 75B)
Class com.google.common.cache.AbstractCache$StatsCounter                              : loaded 2 times (x 70B)
Class kotlin.sequences.DropTakeSequence                                               : loaded 2 times (x 70B)
Class kotlin.io.TextStreamsKt                                                         : loaded 2 times (x 71B)
Class kotlin.collections.AbstractIterator$WhenMappings                                : loaded 2 times (x 71B)
Class kotlin.reflect.jvm.internal.RuntimeTypeMapper                                   : loaded 2 times (x 71B)
Class kotlin.coroutines.jvm.internal.DebugProbesKt                                    : loaded 2 times (x 71B)
Class kotlin.coroutines.CoroutineContext                                              : loaded 2 times (x 70B)
Class kotlin.coroutines.jvm.internal.CompletedContinuation                            : loaded 2 times (x 75B)
Class kotlin.ranges.IntProgressionIterator                                            : loaded 2 times (x 82B)
Class com.android.tools.lint.model.DefaultLintModelDependency                         : loaded 2 times (x 86B)
Class com.android.tools.lint.model.DefaultLintModelLibrary                            : loaded 2 times (x 86B)
Class com.android.tools.lint.model.DefaultLintModelBuildFeatures                      : loaded 2 times (x 77B)
Class org.gradle.internal.installation.GradleInstallation                             : loaded 2 times (x 75B)
Class jdk.internal.jimage.decompressor.ResourceDecompressor$StringsProvider           : loaded 2 times (x 70B)
Class org.jetbrains.kotlin.config.LanguageFeature$State                               : loaded 2 times (x 82B)
Class kotlin.reflect.jvm.internal.KPackageImpl$data$1                                 : loaded 2 times (x 79B)
Class com.android.prefs.AndroidLocationsException                                     : loaded 2 times (x 82B)
Class kotlin.reflect.jvm.internal.KClassImpl$Data$allMembers$2                        : loaded 2 times (x 79B)
Class com.google.common.collect.ForwardingCollection                                  : loaded 2 times (x 130B)
Class com.google.common.collect.LexicographicalOrdering                               : loaded 2 times (x 115B)
Class com.google.common.collect.Iterables                                             : loaded 2 times (x 71B)
Class com.android.ide.common.gradle.Part                                              : loaded 2 times (x 77B)
Class kotlin.ranges.IntProgression                                                    : loaded 2 times (x 81B)
Class com.android.utils.XmlUtils                                                      : loaded 2 times (x 71B)
Class kotlin.jvm.KotlinReflectionNotSupportedError                                    : loaded 2 times (x 82B)
Class com.google.common.collect.Lists$RandomAccessReverseList                         : loaded 2 times (x 200B)

---------------  S Y S T E M  ---------------

OS:
 Windows 11 , 64 bit Build 26100 (10.0.26100.8521)
OS uptime: 0 days 0:40 hours
Hyper-V role detected

CPU: total 8 (initial active 8) (8 cores per cpu, 2 threads per core) family 25 model 68 stepping 1 microcode 0xa40410a, cx8, cmov, fxsr, ht, mmx, 3dnowpref, sse, sse2, sse3, ssse3, sse4a, sse4.1, sse4.2, popcnt, lzcnt, tsc, tscinvbit, avx, avx2, aes, erms, clmul, bmi1, bmi2, adx, sha, fma, vzeroupper, clflush, clflushopt, hv, rdtscp, rdpid, fsrm, f16c, cet_ss
Processor Information for the first 8 processors :
  Max Mhz: 3201, Current Mhz: 3201, Mhz Limit: 3201

Memory: 4k page, system-wide physical 24260M (664M free)
TotalPageFile size 29647M (AvailPageFile size 1M)
current process WorkingSet (physical memory assigned to process): 4454M, peak: 4498M
current process commit charge ("private bytes"): 4616M, peak: 4769M

vm_info: OpenJDK 64-Bit Server VM (21.0.9+-14649483-b1163.86) for windows-amd64 JRE (21.0.9+-14649483-b1163.86), built on 2025-12-30T22:08:35Z by "builder" with MS VC++ 16.10 / 16.11 (VS2019)

END.
